"","22083036","22083037","22083039","22083040","22083041","22083042","22084029","22084030","22084031","22084034","22084035","22084036","22084037","22084039","22084041","22085028","22085033","22085034","22085035","22085037","22085039","22085041","22085042","22086032","22086034","22086037","22087029","22087030","22087032","22087033","22087034","22087036","22087039","22088029","22088030","22088032","22088033","22088034","22088036","22088039","22088040","22089029","22089031","22089033","22089035","22089037","22089039","22089040","22089041","22090030","22090033","22090035","22090037","22090038","22090042","22091033","22091034","22091035","22091037","22091038","22091039","22091040","22091043","22092032","22092033","22092035","22092036","22092037","22092038","22092039","22092040","22093033","22093037","22093042","22093043","22094036","22094038","22094041","22094042","22095038","22095039","22095040","22096037","22096039","22097036","22097041","22098040","22098041","22099038","22099039","22099041","22099043","22100039","22100040","22100041","22100043","22101041","22102043","22103043","34084022","34084023","34085021","34085022","34085024","34085026","34086021","34086023","34086025","34087021","34087022","34087023","34087025","34087027","34088024","34088025","34088027","34089023","34089024","34089026","34089027","34090021","34090022","34090025","34090028","34090029","34091022","34091025","34091028","34091029","34091030","34092022","34092025","34092027","34092028","34092029","34092031","34093022","34093024","34093025","34093031","34094022","34094023","34094024","34094025","34094026","34094029","34094030","34094031","34095023","34095024","34095025","34095028","34095032","34096022","34096024","34096026","34096032","34097025","34097026","34097027","34097030","34097032","34097034","34098026","34098030","34098032","34098036","34099025","34099027","34099036","34100024","34100027","34100028","34100033","34100035","34100036","34101027","34101029","34101030","34101033","34101034","34101035","34102025","34102026","34102027","34102029","34102030","34102035","34102036","34102037","34103027","34103032","34103039"
"22083036",0,10.1332419864592,30.2532937250422,40.2920037755314,50.3449260960642,60.3916210357802,70.9501034689357,61.0181579633078,51.1342599671241,22.3584023477732,14.1111809647589,10.0084787295392,14.2273173750932,31.8597244963888,51.3275646444414,82.7487929010561,36.0931675664654,28.2653489159792,22.3399364706815,22.4182072675741,36.2700977838081,54.1670992190672,63.6152445924162,50.1397521580288,36.0476660720432,31.6497369323619,80.8279678663083,72.2649732270485,56.6203333200079,50.0175260110288,44.7064102936673,39.9863586318037,50.1345870562388,86.2078476887001,78.2375074498133,64.0774425786162,58.3155487677489,53.8319873673001,49.9783816757417,58.4166776590667,64.1945673066064,92.360300939065,78.1758134127244,67.0801929094767,60.786584254929,60.8247818272764,67.1663221046576,72.2493646460857,78.296459270436,92.2962313380874,76.146775407138,70.6653699403219,70.6950510988034,72.8219509042408,92.4137582541657,85.4160552115437,82.4163313518416,80.5725897012775,80.5948829861329,82.465318681271,85.3881916031848,89.5325703774229,106.554162948903,98.4796812055829,94.8340778611309,90.4961759391518,89.9422952240868,90.5149594631262,92.1793257993663,94.88853092369,98.5537918167245,104.357003311398,100.449334728361,116.760742474112,122.253931735296,109.927942283282,111.764094402333,120.860047514386,125.325641789281,121.602301987796,123.667110736401,126.500021590991,130.305183212565,133.379495314339,139.893986974052,148.669332561749,155.205195948973,158.099364861469,161.139080123554,162.703293408305,167.603161889662,174.68683214315,172.521292477077,174.567750593467,177.152510927803,183.867649446195,186.747241310279,202.459122318033,211.850957264095,140.943671553958,130.922167537309,151.96187134136,142.009024520177,122.138573221105,102.364288502882,153.601019287769,133.938663996324,114.442449410539,155.863207562179,146.170001404839,136.526825378137,117.453790287386,98.793142444927,130.444407233316,121.222142098259,103.245619177354,143.655373017865,134.584021812652,116.938006569208,108.435169577125,166.090439865237,157.035891386418,130.735374196716,106.497575888697,99.140374110532,161.735371731755,136.3452052394,113.313669802847,106.426842689761,100.08038159717,166.89876419554,142.436387267712,127.482635553117,120.569918554074,114.125106084889,102.980390566734,172.486251492985,156.540195038416,148.943768920985,111.813603878366,178.462876935464,170.657316470162,163.10042098884,155.822983716856,148.870113107276,130.455562294762,125.331248367174,120.827661542718,177.25463539861,169.99264935546,163.026017881692,144.316904546346,126.445172556537,191.418212875466,177.176848239757,164.178584967256,135.956743006323,178.233548629496,172.189957230164,166.529676727928,152.296098544796,145.531067933732,141.31989653745,180.399113045196,161.52235439454,155.156255469854,149.88494060352,194.311085119676,183.634908689335,159.871672821687,208.253070144857,192.391626734976,187.874298297122,172.499985487151,170.151782775233,169.858652359045,201.261863146823,193.079909356123,189.6586401243,182.339414716852,180.956477244638,180.123441370763,219.620593551873,214.742327546749,210.234771625227,202.413304129832,199.150428395659,190.092031907401,189.833357857303,190.101621487068,219.296969494265,203.80363019915,202.088355364108
"22083037",10.1332419864592,0,20.1200601051029,30.1587725783183,40.2116955662908,50.2583886962533,80.9959018585135,71.034915780213,61.1051887983818,31.7491131118803,22.4415040181696,14.1771139005257,9.98142183543396,22.4686405371975,41.4385515055076,92.6159369443547,44.8854077045422,36.1582078297534,28.3516633053451,20.0022081673637,28.3725161014252,44.9104808505356,54.0934379407723,58.5817027539245,42.5193267496368,29.9917372057988,89.7783670858255,80.9045268695723,64.2009238274553,56.6935475736687,50.0738442409258,41.2351816385033,44.766718161984,94.6515566590033,86.2821769272259,70.8669585722341,64.1344685390331,58.3677273826834,50.9854019263253,53.881936540639,58.3787570870606,100.288186440032,85.0382995339699,72.1976708964317,63.2486784106335,59.9826979166346,63.2630898942809,67.1365487075612,72.2084523052188,99.20927060909,80.6929262792549,72.7958878464139,69.9732331826248,70.6956574291292,86.1439200430305,89.4935796351124,85.4515196324376,82.4489329894533,79.9639351542213,80.5952752127107,82.3558247576059,85.4628484937246,100.153832547744,103.029948878191,98.5233950708032,92.1718918922783,90.5108495810043,89.9547839245534,90.5116995627505,92.1716125837237,94.8732345234429,107.721590954679,99.9457876389412,111.866827953105,116.720053853698,110.394940911631,110.394552677425,117.021866831916,120.780496240454,120.345861010803,121.597372097289,123.6569619707,129.919987466393,131.463644064724,140.263669522035,145.56191958729,152.899263059313,155.181879279016,160.195779899237,161.138606656411,164.85460715706,170.864401887762,171.047590282078,172.522398430854,174.55512028175,180.240708277095,184.285932497529,199.172542468362,208.713032551565,151.053619162012,141.028515033129,162.013464149071,152.049097636403,132.14667559764,112.321235597629,163.552651642889,143.834312805501,124.251967861465,165.679581467694,155.943462262249,146.248083555002,127.03125176975,108.140298928481,139.861249709839,130.52409907307,112.223516764351,152.925040106493,143.72992202397,125.748667558967,117.016221225301,175.33591214982,166.172605621677,139.405110543115,114.336680105149,106.565926043614,170.6207853683,144.679737053186,120.711742814229,113.376848509674,106.489879589449,175.523392646399,150.434388873601,134.858856159619,127.54828947934,120.633214990591,108.284519961814,180.84490830914,164.471946644511,156.610114269079,116.717830478546,186.554246257737,178.532385827533,170.727870868049,163.166868410824,155.888744763308,136.186693012865,130.508567999103,125.380583713253,184.849038053278,177.324241606283,170.059488696299,150.197545208059,130.022587592737,198.984094962666,184.223044457763,170.569428144129,139.290804604391,184.689389528835,178.294197276872,172.243799689993,156.586017646008,148.651231020353,143.115434061511,186.23480264653,165.573709543789,158.087218645975,150.230667105766,200.249820553956,188.833164194255,160.196564922913,214.280970317821,197.359602070195,192.430360680964,174.55977134226,171.053789060598,170.165159544042,206.016280079199,197.000192849517,193.121804566272,184.29025032976,182.364296081223,180.976312876402,224.892761532618,219.668605948851,214.790807403302,206.156671173339,202.451031045612,190.900913647962,190.108803326522,189.841397430392,223.669229016772,206.045486502707,200.833278216749
"22083039",30.2532937250422,20.1200601051029,0,10.0387128453356,20.0916356909405,30.138328658071,100.990995184494,90.9966826747051,81.0185096220798,51.2341999560946,41.4279533502078,31.7685095459994,22.4411085505657,9.99353600997537,22.4441630322937,112.342488326986,63.5279926696947,54.0783719610469,44.9035525144604,28.3552791249744,19.9691017841116,28.3440267771737,36.1679914032777,76.5570949160731,58.5171374448037,36.1022168079508,108.158377631155,98.8898762585722,80.9102700713681,72.3521226821271,64.2156288560593,50.0788529863923,39.9842280062387,112.234644450981,103.334501597458,86.2949442469745,78.3166917746054,70.8715158798766,58.3686856776473,49.9764664020147,50.9722430054317,117.026146510768,100.301117940911,85.0446031814442,72.1916408385288,63.2519635566942,59.9688181200011,60.804452665733,63.2426064597096,114.347526749454,92.3651255099687,80.6867746164799,72.7934320840715,70.6838104062436,76.1717318565665,100.143837025424,94.431018742916,89.4917390910225,82.4419935094703,80.5837427726267,79.8505569042221,80.5817566016517,89.4846529000569,114.187217911256,108.287671605984,98.5210041325536,94.8624296075445,92.1633795514184,90.5008480454322,89.941367516354,90.5004580874796,116.717846832234,101.936808322886,104.378625659882,107.703689894519,113.986860437023,110.383466549407,111.726941420366,113.879709179479,120.335173281959,119.912515918143,120.332541602307,131.455514944833,129.906110013137,143.105796333455,141.324509312389,150.221820578805,151.214143515841,160.185112684242,159.868642918722,161.124551546024,164.834677797511,169.852115889863,170.153389156237,171.036337891043,174.534749639387,180.956289515059,194.023881821941,203.805374774945,171.133739061933,161.103219313183,181.994757432487,172.012863163857,152.063222082751,132.165898136956,183.365886385914,163.563047149661,143.85570550016,185.264775436009,175.462931049606,165.688836836967,146.261241388447,127.047266874418,158.810441064652,149.304000450196,130.539653891134,171.608924176695,162.225921709487,143.746887738789,134.680877121422,193.944841912061,184.610476349336,157.125024631443,130.821957550042,122.447653230815,188.622956003394,161.822125737261,136.427921620058,128.417700938483,120.716951596215,193.06804123646,166.986149220029,150.439625917148,142.511132614023,134.866287009126,120.637690213801,197.917315083951,180.856068511702,172.569271808653,128.26031425313,203.146381788666,194.770455506832,186.562045460865,178.539891342164,170.733828161391,148.938659078127,142.352179162754,136.189919752742,200.575109158231,192.615901161766,184.859118305128,163.092507631813,139.027412202303,214.61556345153,198.984167929959,184.233648567027,147.730933880271,198.398562788787,191.406672800825,184.692367876787,166.583078997786,156.58687126944,148.646580970693,198.823264061776,175.056993781263,165.570511982792,152.886728230106,212.95762426639,200.251810472775,162.689413298325,227.093151127169,208.310263162412,202.651360471859,180.245124748045,174.551637325756,172.51347330583,216.528520190611,206.015923264699,201.308896594241,189.68437678242,186.733655219033,184.285245621037,236.276254965177,230.434182252593,224.892093821818,214.787822938513,210.273157324808,194.040056318922,192.212467337691,190.89244418942,233.386572951191,211.837059636266,199.814277951569
"22083040",40.2920037755314,30.1587725783183,10.0387128453356,0,10.0529229890061,20.0996172610871,110.983943826001,100.979579225456,90.987720887359,61.1096263769513,51.2250471607749,41.4148954998195,31.7466661878774,14.1599234254214,14.1777162181475,122.232288072743,73.1220733517787,63.5130268194845,54.0732899427907,36.1687851654204,22.3315635388831,22.3720011899713,28.3455501306147,85.8810430594777,67.3296069686978,42.5138485124581,117.541069135155,108.143873147343,89.7705002835939,80.9043124449789,72.3363431853281,56.6859338445779,41.2188224797923,121.301378301751,112.221700529827,94.6520384779562,86.2781260799249,78.3036653411921,64.1261146597804,50.967475648779,49.9648620502855,125.747003275668,108.508352538164,92.4274271450843,78.2196479194409,67.1131306709956,60.7951851259957,59.9609661563122,60.7950852199527,122.436288397492,99.2040059449342,86.1214505325562,76.171169925556,72.7848896557715,72.7791288671397,106.483312408865,100.126607350809,94.4201505584946,85.4381984890815,82.4318894680714,80.4708753457163,79.9452502429594,85.4412528635695,120.62363344361,114.174836887335,103.017492471723,98.5063057897067,94.8520329911637,92.1496425763251,90.4927336661469,89.9334540066768,122.198752454301,104.373007806484,101.92659148498,104.367367880905,117.034697892803,111.737540739044,110.36565785689,111.63612431046,121.577906904549,120.324165913062,119.904692078426,133.351586519505,130.285557636278,145.543367700423,140.242103880106,149.87780696252,150.202704803246,161.118549426416,160.175538060154,160.175126492898,162.671913004289,170.140975373559,169.848996977194,170.141804658332,172.493198875139,180.110731412052,192.188942774132,202.059014283589,181.15565014875,171.123087055766,191.974719446906,181.986094455463,162.018781445577,142.095693741196,193.274690826745,173.439547907178,153.686053620162,195.076635959624,185.249311439619,175.445126963981,155.938998831852,136.609376006144,168.365575473631,158.795788596772,139.862596113637,181.045077072944,171.589852858159,152.923487493014,143.734628808084,203.336062682286,193.933740680134,166.169264506058,139.402764966364,130.806781584675,197.75630008463,170.616892399985,144.675934974587,136.410609820062,128.404070401662,201.999882612506,175.521719868461,158.594100785229,150.425072803456,142.497250640018,127.540371501698,206.638970901078,189.298525484159,180.840706396779,134.772406586188,211.652008925315,203.130389562899,194.756480686398,186.546103437399,178.52523963155,155.880772517449,148.924599230016,142.338994652592,208.701873978104,200.56247678869,192.60211939259,170.049209971402,144.358390946665,222.682325099943,206.685348668318,191.475318152532,152.757834437374,205.630990791442,198.385973692772,191.38966723045,172.231355221169,161.337477729562,152.32450762546,205.550223499035,180.43938935236,170.069800701619,155.170048753047,219.710005848709,206.443971261667,164.836485572933,233.868202365692,214.268946979049,208.288037877726,183.837726921954,177.124186813779,174.539253513108,222.266305428888,211.085110578024,206.004711995556,193.101345638108,189.672299199341,186.723204929056,242.378130328242,236.260408726202,230.420971539152,219.654210081628,214.771891193086,196.356437607915,194.031732892398,192.200366883357,238.718639719794,215.368968680972,200.0584092328
"22083041",50.3449260960642,40.2116955662908,20.0916356909405,10.0529229890061,0,10.0466960360332,120.998830061923,110.986915283548,100.985083136963,71.0452519940817,61.1150410443196,51.2267110893747,41.4106209430958,22.4344837075007,9.99368808137641,132.158954466235,82.8359854993134,73.1230771140167,63.5206447454488,44.8901877875763,28.299272686082,19.9818740026444,22.3646469255461,95.3644834700558,76.4590668064659,50.1429991927394,127.038334302268,117.540922533275,98.8702366509274,89.7786753549735,80.9023181962709,64.201763436441,44.7387437292134,130.524505968994,121.302632477958,103.322581582215,94.6488070656789,86.2782792836273,70.8563882459536,53.8523647834075,50.9595621381679,134.665355209243,117.014951654277,100.285546412311,85.0208152894846,72.1838496874474,63.2317405158731,60.7912087443926,59.9523937306337,130.808836754169,106.56320016124,92.3419945792374,80.6736047462408,76.1696376576038,70.6616071369439,113.370239528495,106.477132148347,100.125894205393,89.4748820812583,85.4346119284252,82.3256074155096,80.568449890447,82.4273265705282,127.53799117373,120.622632453013,108.270497315318,103.012134743339,98.5029848267396,94.8447914418371,92.1464015155426,90.4874185802512,128.243173450375,107.700935081044,100.423551502357,101.913942624528,120.849994906739,113.969118168233,109.910450770336,110.265277218388,123.63162431724,121.570844723808,120.319309501704,135.970678845742,131.437328191175,148.627353701157,139.87589625704,150.208638504663,149.860664595871,162.672166086577,161.112592495745,159.853979436151,161.107213373488,171.02353257856,170.140498250462,169.839201547643,171.018050009999,179.824721168739,190.865768162136,200.800721698586,191.193641462053,181.159363407124,201.974882198042,191.980534019829,171.998399751472,152.054195537907,203.210653952774,183.348077664309,163.556122995815,204.924872346545,195.075732513807,185.245986500246,165.674082490364,146.249695916282,177.988256285105,168.365306022864,149.292581807249,190.557051893161,181.040306972496,162.21631975089,152.925402930426,212.80060353684,203.339292360298,175.335743138071,148.180523662908,139.401238149252,206.987531642809,179.555952365095,153.151265683524,144.671880403355,136.410016294251,211.045091777807,184.222451422555,166.967250176047,158.592757092714,150.42410835696,134.849783428617,215.4889871662,197.903545859059,189.296461641707,141.70872656566,220.300195405109,211.649656676513,203.129732697689,194.753769071522,186.544425362857,163.157561646899,155.87856699575,148.922788887069,217.001868436441,208.7023818624,200.561534057775,177.313605303026,150.182354070799,230.916794120495,214.592559148815,198.9723232185,158.272541739588,213.103203604162,205.63060473525,198.3807549597,178.276992064028,166.567922388271,156.569127558861,212.550257863016,186.218062631799,175.039082166212,158.06579247335,226.717589150071,212.940624769515,167.5648821493,240.882839324358,220.534601293845,214.257477797693,187.906664106101,180.226828667102,177.117889636899,228.312013684615,216.511133021537,211.083180024434,196.979030448297,193.095987238852,189.668472446296,248.746486350008,242.373122795031,236.257466285753,224.873209274426,219.646691219493,199.158906340135,196.353815732182,194.024684446737,244.356957914173,219.311776214298,200.808367069061
"22083042",60.3916210357802,50.2583886962533,30.138328658071,20.0996172610871,10.0466960360332,0,131.013977089229,120.99630057604,110.987040723685,81.0046848439092,71.045801367122,61.1121777296191,51.2200417481681,31.7493904899499,14.1741124740786,142.098393049268,92.618010587096,82.8342998194176,73.1259640179568,54.0731872473572,36.1259174329066,22.3691163897498,19.9835682096271,104.950413441902,85.7923482120437,58.5082344409921,136.611642093334,127.035159134733,108.136242076237,98.8765923821238,89.7753636006916,72.335884894426,50.0653249949308,139.859224751138,130.523584301538,112.222156470167,103.318499963742,94.6487090471189,78.302657803199,58.3528523333883,53.8514262692663,143.731371993793,125.748501912303,108.506004425937,92.4176145758075,78.2262417774986,67.1059057387419,63.2352815057504,60.790935695991,139.402476377106,114.333561299159,99.194760918859,86.1224763298166,80.6770067685526,69.9472389862708,120.703186311739,113.366130269136,106.47914028579,94.4174567448439,89.4767421351491,85.3377459909856,82.4288501729042,80.5723530900024,134.848769193857,127.5391848371,114.171562509582,108.26994368598,103.013427363864,98.5019574878616,94.8484695880709,92.1482134660589,134.769251843534,111.841055035823,99.9226612693955,100.420465028205,125.361578386,117.030317215145,110.380538661808,109.809792039652,126.459429968486,123.631624430493,121.57386751051,139.273336999094,133.345877489602,152.318758977678,140.239102725717,151.215979864797,150.20009765275,164.831891999421,162.673689778056,160.17230045347,160.168082534891,172.495524365187,171.030937905186,170.139017569067,170.133781071348,180.108183397256,190.074400937647,200.048896225334,201.22732492734,191.191612805629,211.97463251932,201.975416563538,181.980824362339,162.01921970058,213.152604525873,193.266674895298,173.44251805564,214.787520957271,204.91965953986,195.068129157928,175.440869142819,155.938264446324,187.652285459535,177.984504013689,158.795742564764,200.118490328049,190.549161818504,171.591960597179,162.215795892116,222.313529748586,212.800918731834,184.591948737486,157.109343360142,148.177808095847,216.289342159972,188.605112199033,161.806061463648,153.146609138898,144.671134831893,220.175456588023,193.052963974684,175.515766535402,166.965551989815,158.591791208598,142.494315115632,224.438478932828,206.637927447904,197.900486905919,149.001805351123,229.061634153519,220.297020010322,211.648276022139,203.126660803963,194.751988504772,170.716995677662,163.156894015407,155.8787437756,225.443766933307,217.00213992058,208.701399135778,184.840100997054,156.438491233332,239.289563975072,222.672699539193,206.686852548605,164.220798762659,220.780812086158,213.104064227356,205.626879832743,184.674517957353,172.229960852776,161.333423217295,219.788395833029,192.351422116848,180.435535607187,161.541649979263,233.948479856345,219.70708524782,170.847694725694,248.107705749477,227.074655567608,220.526215688705,192.419669163237,183.832810114028,180.226878480998,234.635170607787,222.262660313621,216.512988330951,201.289144179969,196.978773094491,193.098229369164,255.353883578527,248.744327457844,242.373145234469,230.416108853454,224.869145745691,202.427947655079,199.162843458684,196.353787788199,250.275055533183,223.641877324054,202.063554146639
"22084029",70.9501034689357,80.9959018585135,100.990995184494,110.983943826001,120.998830061923,131.013977089229,0,10.0498662204641,20.0966069917081,50.2460596329472,60.2928159474422,70.3426487946705,80.3891932724028,100.492079705129,120.582562626608,14.180300856336,41.4199726942692,51.215569020301,61.1132218875297,81.0020546910717,101.010238774082,120.993823764671,131.012025071116,36.080267742404,54.0781640109117,82.8246495754665,29.9871414024421,31.625406812661,42.5210936830737,50.1443703291549,58.5085719241539,76.4639623853575,104.859605561946,39.9792801871739,41.2205768773359,50.0718650060785,56.691279367057,64.2068667237854,80.9034671304292,108.142220028614,117.535689690038,49.9715545594567,53.8616634629435,64.1304566508928,78.3062698428072,94.6489953167773,112.222417632067,121.299218144942,130.519463631313,60.8002264444297,72.1860053733717,85.029243622513,100.282680615284,108.504651049345,143.720222767235,80.6755431659446,86.1223421993977,92.3470637660416,106.555723089691,114.326568417934,122.374088121191,130.801492420721,157.100647933106,85.4402828317266,89.4784043144515,100.127183561991,106.471751655812,113.364255054669,120.692346349756,128.391855861774,136.401549383032,98.5051548634548,120.61767241885,158.580606521936,166.948841763331,122.193936194272,134.761506652432,156.513194139303,164.385530039564,142.323967199036,148.9097793677,155.865076019994,144.351357567067,156.429881347096,147.705565704796,177.213591418439,178.266906839632,184.65320372,175.026032264276,180.421487923029,192.332957288194,205.519513713286,188.790508227036,194.327898704585,200.20932919424,212.907960101137,208.265766269075,228.277700213995,236.222554788299,70.3456081600598,60.2970395413789,81.0175622988283,71.058921353681,51.2338974981291,31.7651939214372,82.8515593556568,63.5239553022636,44.8984240095957,85.8162961123983,76.4778425082117,67.3443025331369,50.1502942639632,36.0995980873926,64.2143126181126,56.6965848086174,44.7500399119771,78.3156768996669,70.8651382212701,58.3631856816757,53.8648018891738,100.296944892975,92.4390732805485,72.1940554865929,60.8010652876237,59.9634024822724,99.2160166062978,80.6873354779867,70.6754753208979,69.9553738650769,70.6729269373573,106.494781308608,89.4913161324366,82.436776497119,80.5769855952893,79.9475169405418,82.4323033739598,114.18439886656,103.024736789518,98.5166242015455,92.1542683209163,122.213007890602,116.714924426855,111.856014509062,107.714659921566,104.381687036982,99.9305702844707,100.432628798341,101.92849044319,125.373590365827,120.863618297242,117.045158686998,110.379646691189,113.974996572009,139.02845051343,130.010907900197,123.64559800314,123.637014996548,135.979648270372,133.354990443695,131.445815373927,130.282208878067,133.345859546356,139.268259466998,143.103145571592,140.247572730649,143.091698882126,156.563407540767,155.180990717174,151.220459638881,165.545596931665,167.57804714166,161.124544407946,160.171008581943,164.831686569838,170.841472938102,174.637085958751,171.036937905887,169.851210925253,170.150514651807,174.527425554256,177.114795284535,180.220904504761,184.280254962922,182.348969329241,180.960841484807,179.83529055321,180.121548798637,189.657841080012,193.08686530677,196.965093165191,190.888474663801,192.196477014089,214.750244878465
"22084030",61.0181579633078,71.034915780213,90.9966826747051,100.979579225456,110.986915283548,120.99630057604,10.0498662204641,0,10.0467415782343,40.1961959185305,50.2429517528874,60.2927845720633,70.3393332690011,90.4422163231369,110.532698111186,22.4502491868476,31.7578517120847,41.4024156460014,51.2238709815313,71.0388030865497,91.0141345734524,110.980861770856,120.99337604763,28.2588309129883,44.8913102501398,73.1099856029417,31.6204032058893,29.9797486623684,36.0914976031542,42.5111093764148,50.1396779080116,67.3314832644577,95.2707009665301,41.2162658371453,39.9703905629639,44.7408209392197,50.0644271988687,56.6844372680656,72.3331921396941,98.8714840630679,108.136612748837,50.9652238147057,50.9655616495828,58.3538772453422,70.8542182037979,86.2734918809676,103.317672231913,112.215364922988,121.293750981923,59.9576740391066,67.1061526337582,78.2200261073657,92.4185308576941,100.279014606716,134.649401650036,76.1632151903452,80.6680813077678,86.1180123169553,99.1898086917503,106.550976880238,114.262476082989,122.42417127604,148.167044952062,82.4262028703601,85.4314488106418,94.4123766341906,100.113192991019,106.469981261336,113.354116855145,120.685920563104,128.389994111416,94.8436183259629,114.161777296839,150.4077959789,158.570866194714,116.693916951434,128.230196308636,148.912508410846,156.51613090754,136.1557818055,142.318112950566,148.903807120658,139.001385808013,150.168473166431,143.18814003953,170.531770168501,172.213185619047,178.250522489057,170.047391132796,175.019994105632,186.19435677961,198.773563995244,183.6356406413,188.789827785316,194.319633010469,206.403539261779,202.610430447736,222.223702034624,230.377472750311,80.3954707705064,70.3469024336654,90.9980748026746,81.0201388110546,61.1204167721109,41.4230875794768,92.6342796902386,73.1294913758955,54.0794160128599,95.2944694461233,85.8105251728504,76.4705947478204,58.5108546525137,42.5169937262265,72.3452484216456,64.2093712153312,50.0698151524537,86.2872537105337,78.3065777924705,64.1285004705992,58.3581725249754,108.514540101549,100.294578859535,78.2305292496456,63.2370886334546,60.7929793305879,106.57199298708,86.1297728005278,72.7809750375534,70.6666752705911,69.9481139490785,113.378778286023,94.4269678389176,85.4379345793979,82.4288675065873,80.5699802695892,80.5673525175417,120.629572032304,108.275950205521,103.019807991932,90.4893078147234,128.254630588511,122.203463258185,116.709568984355,111.84742693546,107.707837487783,100.427900185821,99.9221547588331,100.425199172253,130.497589382085,125.368255822672,120.858567198126,111.736782579143,111.731861112546,144.366884159687,134.208179279662,126.465073733222,121.571899117252,139.27428716381,135.972642129915,133.345566441779,129.887679918317,131.433046856683,135.960832214275,145.545004695817,139.880487274145,141.310581322575,152.308599034257,158.07480535866,152.874056721243,161.527385187292,170.852984106519,162.676900212289,161.107114667543,162.667760509973,167.5541109575,170.832697971214,172.499571192946,170.141447151637,169.846874615247,172.485417535446,174.525019682945,177.107496838084,186.722315426323,184.269680614865,182.343290226221,180.109221851752,179.833679968717,186.701671987574,189.652597739704,193.077632483928,192.199663135845,190.872308056884,210.232353630264
"22084031",51.1342599671241,61.1051887983818,81.0185096220798,90.987720887359,100.985083136963,110.987040723685,20.0966069917081,10.0467415782343,0,30.149454672689,40.1962102787896,50.2460430725614,60.292593960516,80.3954750321451,100.485956542527,31.7627364124666,22.4443063445825,31.7425050260497,41.4162802807066,61.1079361786023,81.0351293863356,100.978902527924,110.983994072418,22.3075290331934,36.1721790386519,63.5044906907795,36.0927317159995,31.6177354013347,31.6156823144165,36.0887249157714,42.5117567315937,58.5061801303323,85.7922938415612,44.7386312589619,41.2130784550992,41.2165688337663,44.7389138356079,50.063656377473,64.1995048339096,89.7739121059344,98.8707880885013,53.8534214259088,49.9646158941549,53.8546627386575,64.121636126806,78.2990399321321,94.6481825760429,103.3160460613,112.215016165552,60.7930239917874,63.2333318032363,72.1782540484754,85.0223901521963,92.4208753400854,125.732999737386,72.7739051185299,76.1616532953091,80.6702129678723,92.3378524745874,99.1911523261493,106.48802130007,114.322693011223,139.391083973205,80.5672289974398,82.423936159565,89.4711771053502,94.4048848182496,100.117609134391,106.4659946406,113.353940474475,120.689945425268,92.1438795013066,108.261660201902,142.481235239536,150.403747030229,111.834778058703,122.183728036454,141.623580791766,148.915433937587,130.477404540052,136.156166991674,142.31852319987,134.198264881295,144.342220361966,139.257020739269,164.199851091945,166.552688271001,172.203019596494,165.536181401533,170.047802071506,180.413435335227,192.322675622729,178.903664593213,183.641522912051,188.787896281603,200.198835571866,197.311575084214,216.473523807612,224.836206127173,90.4422121205241,80.3936438587079,100.989799996409,90.9983736027516,71.0504930643484,51.2300336952613,102.466764705066,82.8388601062163,63.5228157629936,104.877773676492,95.2880213738975,85.8026011452756,67.3346226801405,50.1427681462762,80.9086221533588,72.3412737258526,56.688694337474,94.6556806041644,86.2791864639741,70.8584412054695,64.126823096497,117.018729472217,108.51329364902,85.0314651277583,67.1087004909057,63.2338061183991,114.339780126127,92.3506438572212,76.1690094054676,72.7768270236157,70.6649865483862,120.709119342308,100.133571914693,89.4768573353414,85.4347546369447,82.4270115064424,79.9375485076805,127.543547756961,114.174594331,108.274054233754,89.9290343596204,134.777736358266,128.248270596731,122.201314939138,116.704716853403,111.844658921695,101.923517216917,100.425194953752,99.9206961137046,136.174279941357,130.495891216046,125.366952691276,113.971901550464,110.367623125122,150.191417216659,139.00984603197,130.006246038663,120.319351469743,143.203577302118,139.27204741568,135.967931393588,130.274915133998,130.275429432555,133.336744090086,148.631873160732,140.239858314378,140.234624700234,148.618950764122,161.547026891841,155.166832551033,158.053253883459,174.649425864498,164.833117127939,162.664817948669,161.108719815497,164.821056415369,167.55178792012,174.534254292334,171.027926337682,170.142728673936,171.016456367509,172.488808900943,174.524193434841,189.670378237221,186.716804320405,184.269012081606,180.946956811565,180.112367042605,184.253025882984,186.702936355602,189.649854881005,194.027994982247,190.076709101613,206.112157576222
"22084034",22.3584023477732,31.7491131118803,51.2341999560946,61.1096263769513,71.0452519940817,81.0046848439092,50.2460596329472,40.1961959185305,30.149454672689,0,10.0467567223746,20.0965893632561,30.1431448375361,50.2460204048651,70.3365032290808,61.1226618923059,14.1743311754154,9.96434139081555,14.1709167877274,31.7498100827249,51.2498227022565,71.0410009115585,81.0033021032035,28.4040380151598,19.9903719650245,36.1540177326357,58.5140242191597,50.1486076359122,36.0909930337295,31.6221218786845,29.9801266050198,36.0930417174237,58.5029583495279,64.2083354935688,56.6909254554211,44.7472249973144,41.2197841224522,39.9755748336298,44.7393205613494,64.2006766798619,72.3324353719895,70.8621439149933,58.3614306860115,50.9713006787057,50.9637585480338,58.3538365012198,70.8567319186341,78.3004376952268,86.2735955144498,72.1901877448533,60.7994869532586,60.7929324686223,67.107366320531,72.1828991446133,100.272446574177,70.670310592222,69.9486949369185,70.6686614239771,76.1653036313166,80.6716385794577,86.0382104440659,92.3418379357452,114.32347511628,82.4321542205321,80.5730817433337,80.5711017929177,82.4221836069656,85.4320075288659,89.467509140019,94.4080198471578,100.118827667735,90.4931058387634,94.8463609117084,120.612542327647,127.522920543607,101.922633473676,107.697245356056,122.130207125844,128.15138612574,117.02381210066,120.842198426169,125.35229149924,123.633466281788,129.997373214613,131.432769944272,147.699748012141,152.313790422673,156.550409779644,155.156460877693,158.056329101925,165.539791716697,175.017981417771,167.549592047603,170.835534103384,174.630110635234,183.638822111527,183.81287511654,201.259783257026,210.229770442967,120.591666688892,110.543098335531,131.025355785745,121.011055898466,100.989363438705,81.0145359115475,132.168196246699,112.334224803748,92.6288856948552,134.046506628934,124.269415911556,114.537778072264,95.2821437199297,76.4668233910629,108.153200724251,98.8843927528752,80.9117773760584,121.311482306525,112.225668966225,94.6566380952003,86.2866239807295,143.742859659988,134.677541623151,108.51407645199,85.0348029422468,78.229837871489,139.413939630231,114.340150931869,92.3537881498478,86.1272596181689,80.6792136093162,144.683662464018,120.713934305671,106.486716045758,100.132710922141,94.4236382136418,85.4395722558013,150.432528535335,134.858952458545,127.547185495644,94.8541576714046,156.612778764258,149.011379384343,141.718256987993,134.7776940681,128.251294184147,111.848942360075,107.7090733813,104.376295730424,155.884599638877,148.929712197861,142.344207538409,125.368485053742,111.738471924047,170.058607601361,156.443428681617,144.364067247451,121.578884081035,158.278706720604,152.761320699975,147.718293459664,135.970329565551,131.440429235786,129.892680818364,161.340411396936,145.545580698896,141.318380310012,141.3146359123,175.049163224322,165.561334220574,151.206382690114,188.820467864166,174.652958305234,170.844463268265,160.174018801906,160.170066707073,161.110077466944,183.836381068833,177.123676748216,174.542405333079,170.138298753164,169.842894659724,170.139337851534,201.294691460078,196.983099644981,193.102279655018,186.719790409623,184.272317095723,180.105873294401,180.945835369653,182.331952764316,202.437407031656,190.878401261759,196.339801502348
"22084035",14.1111809647589,22.4415040181696,41.4279533502078,51.2250471607749,61.1150410443196,71.045801367122,60.2928159474422,50.2429517528874,40.1962102787896,10.0467567223746,0,10.0498328508447,20.0964029342175,40.1992650984201,60.2897467081362,71.0525919074012,22.4439133244858,14.1543776144407,9.99346982477447,22.4354509014805,41.4402466191704,61.1100675514592,71.0437471947063,36.2413340159155,22.369436040613,28.3274146526559,67.3368755313545,58.5090318942745,42.5093223943788,36.0927621491765,31.6164056672014,31.6176927246215,50.1391346405721,72.3391250992389,64.2045214816016,50.0684717670742,44.7399943949384,41.2160588620289,41.2136460825993,56.6831810199058,64.1978023954411,78.3045268063472,64.1283781777799,53.8575950738245,49.9598385263038,53.8536039996159,64.1235457481546,70.8540124297579,78.2980466205015,78.228214851549,63.2388849673934,59.9538854503492,63.2327435949949,67.1078781415546,92.4134577309669,72.7791242285795,70.6638517338281,69.9480703084114,72.7744142101072,76.1642174943072,80.5832484591192,86.118032850978,106.553072404467,85.435955256337,82.4283746842408,79.9395970390557,80.5623299808934,82.4229830847856,85.4255734630189,89.4658566337475,94.4091763397725,92.1486113610713,92.1449318048036,114.161997855488,120.606142414996,100.423549246927,104.363283411341,116.641365590453,122.099969423726,113.963079022831,117.02114239378,120.840677154212,121.573077060847,126.453203761745,130.273449396427,143.187446181446,148.622888322338,152.300746124901,152.860808751166,155.154268055355,161.5267106416,170.044586761852,164.815216191896,167.553293698142,170.830740558191,178.905241687459,180.207350450352,196.950462670032,206.108208408327,130.638422377064,120.589854137421,141.044564591839,131.025767531393,110.990779513091,90.9924889627452,142.106804223679,122.233037218523,102.461006494102,143.855163517688,134.040213723125,124.260883625668,104.864902341352,85.7980564337716,117.545567879747,108.148115577131,89.7820253372582,130.530087159591,121.302096362349,103.323533713729,94.6539682043,152.929235840734,143.741212368232,117.017100720938,92.4279605757193,85.0293892332321,148.187541525124,122.438875530474,99.202688931966,92.3466066881517,86.1234013432679,153.155319993119,128.410976165481,113.371656028873,106.481843440144,100.128705953181,89.4766846999448,158.596952771409,142.500098208023,134.85421217057,98.5058879874122,164.470280138396,156.606021753917,149.007464052927,141.71200611101,134.773014679173,116.70452796692,111.844301121994,107.705413699259,163.159066412567,155.881672496372,148.926194063724,130.494445443566,113.971689049022,177.320582124309,163.074958432316,150.187170714078,123.634284301565,164.222452205737,158.275367430451,152.754244728987,139.268088961321,133.343741955098,130.278059371946,166.570325250123,148.630554287755,143.090223644796,140.236822029173,180.440567437506,170.0694405639,150.199510762705,194.349093356292,178.931715747991,174.639318139114,161.113793088573,159.852334885429,160.165432830641,187.905741975194,180.227314397738,177.122236604418,171.023674206725,170.137187597993,169.840129769531,205.99941478032,201.287773847282,196.979846619047,189.666352414186,186.716829870024,179.82314325144,180.105101721183,180.940901171795,206.139657245523,192.192565548383,194.011328073386
"22084036",10.0084787295392,14.1771139005257,31.7685095459994,41.4148954998195,51.2267110893747,61.1121777296191,70.3426487946705,60.2927845720633,50.2460430725614,20.0965893632561,10.0498328508447,0,10.0466031738103,30.1494328686028,50.2399138892649,81.0147459642032,31.759484053268,22.437931040291,14.1745673660368,14.1604783288381,31.7771997162788,51.2218731779381,61.1101843712091,44.9701801431028,28.3422314022446,22.3539723219245,76.4663241414167,67.3360904523964,50.1380072464445,42.5164575087258,36.0909568352863,29.9782690587391,42.5103674705578,80.9056531243427,72.3398597305228,56.6898678297397,50.065489752879,44.740454605333,39.9703219225381,50.0615406396222,56.6797260291653,86.2806349213037,70.8612101500268,58.3571234033005,50.959677895745,50.9642035513355,58.3520097602622,64.1212685644583,70.8511578528561,85.0321819563927,67.1128752763462,60.7900888896169,60.7907581786901,63.2349353929052,85.016333203444,76.1693338685196,72.7759333592211,70.6663999269436,70.6632034431766,72.7750784169079,76.0712366164864,80.6699557113821,99.1922261434202,89.4769277209327,85.4363291262907,80.5690150250752,79.9342863629988,80.565097944281,82.4186072823312,85.4256859389467,89.4677969542469,94.8488276197557,90.4868310926695,108.261493504894,114.155766044508,99.9199372419258,101.916672612822,111.788903750482,116.602291997446,111.727184298233,113.962126755114,117.021311950428,120.32155981931,123.627951645942,129.885994313414,139.256476363511,145.535022659504,148.611404689331,151.201557087261,152.860764515156,158.052943645748,165.533394542234,162.658602072268,164.820953202088,167.550172615016,174.623258689347,177.10084666963,193.069682904454,202.40334985724,140.688255127301,130.639686920643,151.070694411728,141.048311488431,121.003013888307,100.987434718203,152.063056837575,132.157658383408,112.33465868791,153.698162605164,143.852643888528,134.035379699589,114.530939368279,95.2787578831854,127.041931960901,117.544421707105,98.8815915328798,139.866708740704,130.524707058635,112.224797588392,103.325133326803,162.221568212418,152.931732358869,125.752121643441,100.287834344671,92.4269242347724,157.117748779955,130.812229650633,106.564029261965,99.1997598732432,92.3471106957894,161.811421239936,136.418152348278,120.705132452584,113.371201114556,106.482173628368,94.4185960338334,166.970927271286,150.428536443474,142.499460935981,103.015540169309,172.559230030033,164.468061627519,156.606401117921,149.005628182058,141.711655729257,122.198932688595,116.704157730312,111.844753485656,170.71921512223,163.160557588823,155.88239924543,136.173900888034,117.031389516055,184.847668841163,170.045955637507,156.443453756743,126.460436982078,170.555445376046,164.223574085127,158.272492897062,143.200010042238,135.968265286726,131.435771032095,172.232085346702,152.320691400977,145.539141538899,139.876949707464,186.222381363425,175.042675688746,149.863684777995,200.233548417465,183.664855918693,178.922351087868,162.673104084705,160.168381708106,159.850666908223,192.418010089872,183.832040426359,180.229594063845,172.493920518996,171.025300863313,170.137651570674,211.081763076,205.996791630579,201.288478629886,193.094973557589,189.666282844743,180.104213526939,179.82537597265,180.102977448331,210.26099695841,194.022074350865,192.18274004093
"22084037",14.2273173750932,9.98142183543396,22.4411085505657,31.7466661878774,41.4106209430958,51.2200417481681,80.3891932724028,70.3393332690011,60.292593960516,30.1431448375361,20.0964029342175,10.0466031738103,0,20.1029079760808,40.1933974554569,90.9969221064606,41.4253984126562,31.7663694721028,22.4624802382399,10.0207963010372,22.4754423387883,41.4235840659539,51.2323590696681,54.1693946172828,36.186052163937,20.0103282180314,85.8114074653242,76.4768754838156,58.5188025527525,50.1650305904506,42.5382506976758,31.6517429127137,36.1198926963094,89.7935575229727,80.9218055749154,64.2278098213676,56.7105510906504,50.093576241137,41.2496575848642,44.770269469956,50.0892729379886,94.6689327385006,78.3288932836654,64.1548260000662,53.8822652276797,50.0012862222637,53.8874432443903,58.3833965162222,64.1489911282669,92.4510316487485,72.2164860447301,63.2663801395613,59.9918215727956,60.8299203656288,78.2432351538453,80.7066392818848,76.1983380934189,72.812826612687,69.9825239842598,70.7007408743682,72.7132977620958,76.1988138008264,92.3695222005815,94.4480099420724,89.5089361010646,82.4625942751694,80.6005168820413,79.9733728981991,80.597825808158,82.4554847533039,85.4628457965213,98.53686233953,89.9643765490512,103.03890508463,108.287478252055,100.460450433849,100.457241100133,107.693286794405,111.773790000081,110.401109422275,111.762748756254,113.998680252789,119.938576896495,121.606661856567,130.310970147974,135.991898126288,143.124035578583,145.559658848482,150.234324861041,151.238234280866,155.189381304557,161.55722421976,161.137620668105,162.700953678961,164.854051059192,170.861028907032,174.554669779363,189.678088163328,199.172833735484,150.734801093866,140.686232364869,161.09876012268,151.073612867304,131.0205110138,110.992302982872,162.032099726335,142.101752690744,122.239747319078,163.569768694122,153.699642006503,143.852207092757,124.263490643029,104.872778750941,136.625022257689,127.049146812868,108.159958900865,149.305065214412,139.871296254767,121.317638572584,112.239789823257,171.60895019306,162.234607491593,134.683937374073,108.52714951133,100.306093073281,166.188231354225,139.42273823697,114.355185276365,106.582607441585,99.2238218429224,170.634544326592,144.697862664819,128.426955877041,120.726545917344,113.395054283416,100.155314799982,175.536722929237,158.615561082832,150.44695263507,108.301156710259,180.862328925137,172.57573827585,164.488043284843,156.625472461321,149.027393887492,128.272960312838,122.226756777244,116.734376395508,178.544924191158,170.741838262903,163.183441930593,142.363134997371,120.883458422798,192.625184899616,177.334916196303,163.104000480417,130.036290642157,177.256755449173,170.582501429061,164.247641640051,147.742566659602,139.302900195096,133.377646040944,178.307460356512,156.600924542136,148.661724684815,140.274222629585,192.382046078434,180.467428618921,150.23707985407,206.465818189877,188.843728463347,183.685991163311,164.865925577047,161.147554469701,160.203164446869,197.368919261228,187.937123255932,183.866804240753,174.565978133937,172.53052916702,171.061908353864,216.539905103758,211.108791989181,206.027772476783,197.008993979796,193.12695571351,180.979612287312,180.142937176446,179.859987500413,214.804416149431,196.383807958745,190.902933537083
"22084039",31.8597244963888,22.4686405371975,9.99353600997537,14.1599234254214,22.4344837075007,31.7493904899499,100.492079705129,90.4422163231369,80.3954750321451,50.2460204048651,40.1992650984201,30.1494328686028,20.1029079760808,0,20.0904901947185,110.997127662538,61.1203468014115,51.235042802319,41.4281679611678,22.4557054881826,9.97558500871641,22.4418420309463,31.7555356296427,73.2217905201889,54.0779213922448,28.3539255262199,104.872931177912,95.2857723173421,76.46474178873,67.3441958407802,58.5161958246318,42.5260106061353,29.9906920226891,108.152626514566,98.8862965044704,80.9157079415107,72.3474669449988,64.2143920492182,50.0775488925396,39.9829303950881,41.2219060921815,112.230876398614,94.6629546746915,78.3164969439923,64.1309687712583,53.8697828132711,49.9752821688603,50.9751362647408,53.8607901746461,108.518830824659,85.0440826414475,72.1924558107445,63.2482765562381,60.8082780984529,67.1102970515659,92.3596889261924,86.1327614403983,80.6871156067052,72.7905062970205,70.6791064346779,69.8570209642744,70.6772598382629,80.6807177871301,106.49154253238,100.140048982552,89.4892442170567,85.4457276748687,82.4389222387388,80.5766907207998,79.9478315063964,80.576382649153,108.282977768479,92.1602356146922,94.8548026186768,98.5025235051535,104.382182751683,100.435466390621,101.910503541891,104.276117668032,110.379633377813,109.918979930631,110.377097057796,121.588860752812,119.912574027199,133.352797872593,131.440233315089,140.252284507599,141.315493081137,150.212504758157,149.875106940306,151.214202586384,155.161770247429,159.858579885531,160.178394268232,161.116315587077,164.825749324328,171.028171226468,184.25859905594,194.017955251518,170.837687093635,160.789118727062,181.165451115939,171.135794135894,151.070419039789,131.023527160135,181.994815045711,162.025596832811,142.10554125195,183.363757073956,173.455146820571,163.561376230653,143.847478242554,124.261602681054,155.950827590418,146.258856959583,127.046356114127,168.373515250569,158.799776166484,139.869701912502,130.534989716357,190.564144246386,181.055929867905,152.933913254759,125.758586480934,117.02291396688,184.604811789712,157.121474434812,130.819293129899,122.443137951369,114.341050657584,188.615875952695,161.818964463366,144.683744149409,136.421539017578,128.414989577987,113.380448227958,193.060276126088,175.528445297203,166.977549394579,120.634473200975,197.913229633707,189.306498389675,180.850499236041,172.563462995803,164.474302539147,141.720849304363,134.782502634544,128.257369416465,194.761643619487,186.55487952577,178.535143352281,155.889286779927,130.504013526529,208.714244353788,192.605669375409,177.325753329974,139.023135435689,191.479976678854,184.226050579231,177.240333506525,158.281897817024,147.725449009527,139.281456799307,191.399444260061,166.578673382829,156.580140677883,143.10262312436,205.558076653901,192.365091866749,152.879848051119,219.715303231404,200.24253647952,194.349660559858,170.859102626588,164.842283667252,162.682789314606,208.3000323812,197.350117966505,192.431325054324,180.236432093293,177.128428378022,174.545489929458,228.321742523868,222.271145489113,216.520394184038,206.006690508794,201.295131968128,184.274488828398,182.349079074844,180.957366184565,224.887382400788,202.436615502896,189.820741964042
"22084041",51.3275646444414,41.4385515055076,22.4441630322937,14.1777162181475,9.99368808137641,14.1741124740786,120.582562626608,110.532698111186,100.485956542527,70.3365032290808,60.2897467081362,50.2399138892649,40.1933974554569,20.0904901947185,0,131.01697317894,81.0045642276361,71.0465707562907,61.1140852087123,41.4186900257518,22.4005648648066,9.98818595980047,14.1678348746099,92.708387435893,73.1178610988127,44.8891238357343,124.252871104038,114.525123853419,95.266582608894,85.7942824622142,76.4574702709881,58.502532778297,36.0893432167206,127.031318032108,117.53623897531,98.8741507926507,89.7723810731491,80.8994087252847,64.1996159175164,44.7352629067934,41.2086943691149,130.519484280796,112.219590797323,94.647274636012,78.2928061552398,64.1231373140049,53.848847339109,50.9613050605132,49.9587059254849,125.745287321563,100.284178574423,85.0206484585125,72.1790356780344,67.1074247535071,60.7862627724426,106.556797894253,99.192017810721,92.3412198591179,80.6699942174858,76.1643803409425,72.6743871917082,70.6634637386799,72.7764398518916,120.696527899141,113.365072367127,100.122422141373,94.4122862816749,89.470885194026,85.4275938228394,82.4216660711022,80.5629247182715,120.617014907282,98.498717980419,90.4857251065729,92.1378360907332,111.836650398997,104.364100472411,99.9167654956172,100.317447248297,113.964980231924,111.72643571249,110.363497197882,126.457194236432,121.570355529011,139.261826594327,129.882208359172,140.238782779961,139.866976662829,152.862270581938,151.201766451321,149.860291524844,151.196867290147,161.103108689853,160.165222202785,159.845513634104,161.098028328111,169.831033234703,180.930800190165,190.859928613322,190.928168089958,180.879600092559,201.227353039718,191.19453324073,171.120816229557,151.061913518877,201.973737408949,181.977320785297,162.018449550596,203.20723582771,193.271209448455,183.345041009675,163.546603982542,143.836030322786,175.440973255682,165.670397999749,146.247513477797,187.648037368568,177.976164062295,158.790279476574,149.286641299537,209.723406760312,200.117050418549,171.589484315455,143.729608911257,134.660908873689,203.33197136627,175.330856510326,148.176611620162,139.395419605104,130.801091067927,206.979315950314,179.551437525619,161.799947391471,153.143584260008,144.667943228435,128.398196057301,211.036081245691,193.046369522334,184.212634554556,134.845407836395,215.483360252873,206.631875785713,197.896326397531,189.289393420536,180.832500360177,156.596164736459,148.997409960818,141.704631301778,211.639459019885,203.121330771274,194.747561453658,170.711097345842,142.328435049808,225.441903863129,208.691054092004,192.5932762977,150.177105131928,206.676876200044,198.963465040885,191.461766421846,170.545666347399,158.266197293153,147.707214603544,205.62211190868,178.27104455783,166.560430590151,148.623234389802,219.781224062703,205.540884015697,158.058375587153,233.939669756396,212.930070902467,206.422646487962,178.922917054561,170.840390335946,167.557726076236,220.523170605321,208.28208396149,202.633975583594,187.898136270018,183.823485376888,180.219937495753,241.203001841849,234.625304964228,228.302431123802,216.501151497492,211.067449647276,189.657135920541,186.709452265196,184.258771827906,236.252281095327,210.245620851426,190.867224170673
"22085028",82.7487929010561,92.6159369443547,112.342488326986,122.232288072743,132.158954466235,142.098393049268,14.180300856336,22.4502491868476,31.7627364124666,61.1226618923059,71.0525919074012,81.0147459642032,90.9969221064606,110.997127662538,131.01697317894,0,50.2487094597649,60.2897418316162,70.3428989402743,90.4367200979625,110.570051873032,130.632881119395,140.682761391546,41.3224273889799,61.1223184367044,90.9806356590627,22.3718810124805,28.346456317115,44.8964551702056,54.0736004587514,63.5204238080546,82.8393249263255,112.325954262448,31.6197300483729,36.0922739588799,50.1469594179837,58.5111283007945,67.3363423560697,85.7966411652559,114.52710793343,124.251314454924,41.2160914160002,50.0668835781412,64.2060180811743,80.9063832816712,98.8744901113815,117.540392875731,127.032550842924,136.605699428704,53.8551784617402,70.8559997712552,86.2783694850824,103.317453153474,112.218849600535,149.27551989057,78.2207614787196,85.0242445149991,92.4229187557442,108.499330265339,117.006470605436,125.696112563334,134.658572609791,162.204524961277,80.673231000318,86.118992713914,99.1946166791423,106.547315984321,114.322161936245,122.42034730165,130.79166410804,139.389371693188,94.4114519128671,120.69325727638,161.789192715542,170.592673533098,120.613993801782,134.836769571147,158.494401339302,166.891067771797,141.691512686732,148.984926432827,156.582917413355,142.322923932813,155.861223011588,144.338920051042,177.288111622676,177.210485116731,184.182916053541,172.206352125729,178.254782956561,191.359729080379,205.593322752346,186.184776355043,192.322828316991,198.772512735085,212.509592843494,206.401249265818,227.027331587574,234.588679800013,61.113374217412,51.2269043419308,70.3427988572095,60.2973061930329,40.1925946256309,20.0953851761775,71.0542130187074,51.2259132300707,31.7600796212625,73.1354753002627,63.5252854172243,54.0743944071141,36.1676125848719,22.369333723692,50.1450130844393,42.5162839749686,31.6202006376247,64.2063002549871,56.6848374403136,44.7400221171736,41.2171322756258,86.2821189612812,78.3080557818568,58.3560962126042,49.964309943132,50.9642455763934,85.0357157907941,67.1120432480988,59.9566612136157,60.791956356969,63.2344504202301,92.3507514273677,76.1734411804839,70.666520478297,69.9474344527952,70.6656112349303,76.1655110574073,100.129216630208,89.476356839996,85.4371407089853,85.4320600055011,108.277036099897,103.01655931961,98.5080989876059,94.8505541207971,92.1507954604917,90.490065497707,92.1469773273025,94.8459935442706,111.842955407847,107.704831085892,104.373879938687,99.9207976664707,107.698066008532,125.368393527846,117.027701004918,111.735506169546,117.024904698101,123.633822123032,121.574621821265,120.320144750714,121.566483834368,126.4515774904,134.195723074968,131.436598737971,131.4325518728,135.957003015843,152.738385891004,143.095789582845,140.238679821589,161.314672908808,155.164177637454,150.202098289009,149.854934083083,158.053454568426,165.535804217566,170.045129240384,160.167095207328,160.16634035625,161.111611128501,167.545068847668,170.831019248264,174.628277866425,172.497384852,171.024283319588,170.138068150645,170.131707127775,171.026370792543,183.809177251333,187.883180686008,192.392079637499,180.107297955989,184.254588160341,211.047548010868
"22085033",36.0931675664654,44.8854077045422,63.5279926696947,73.1220733517787,82.8359854993134,92.618010587096,41.4199726942692,31.7578517120847,22.4443063445825,14.1743311754154,22.4439133244858,31.759484053268,41.4253984126562,61.1203468014115,81.0045642276361,50.2487094597649,0,10.0410690617664,20.0941897348825,40.1880106755336,60.3213439513083,80.3841720204716,90.4340523348542,14.2298243310251,14.1753971984549,41.4046774044427,44.8929623546875,36.1718330376738,22.3666946280262,19.9866162836832,22.368680846246,36.1687734582876,63.5128496149989,50.1448769715147,42.5165942806585,31.6231374735784,29.9808937056779,31.619454528536,42.5121252114266,67.3296064346607,76.455947787528,56.6878127581724,44.7440090020369,39.9753352165562,44.7373795428382,56.6829892177281,72.3360827845563,80.898931985318,89.7707106242801,58.3580716876379,49.9671237951983,53.8521164169554,64.1207174406809,70.8542227850304,103.306274141686,59.9562093758052,60.7893602469887,63.233611847419,72.176551082596,78.2185006975682,84.952282725732,92.4180218490736,117.002490571488,70.6673509872118,69.9482430393535,72.7761402008449,76.157803060535,80.6671014565384,86.1100345982526,92.3321280552124,99.1872159545811,79.9376559480862,89.4687470490743,120.688332661941,128.383595828161,94.8439080183462,103.00321775953,120.542202828383,127.449191450958,111.829152828552,116.687582752868,122.18105299364,117.024491355553,125.350069824745,123.622585214784,144.33502543832,147.699393972098,152.727482150382,148.613008084831,152.302328823215,161.31107075634,172.199926503172,161.515540607844,165.53237325112,170.040642873069,180.402528078701,178.901029340192,197.301380974351,205.958973957781,110.990686833231,100.98726751541,120.591507986936,110.546015602288,90.441303407077,70.344094542556,121.009362217377,100.986080715094,81.0138863769537,122.243410403041,112.339050728352,102.460770632113,82.8380982314294,63.5192742101055,95.282448420126,85.8008752348596,67.3381122516144,108.149579645032,98.8767225666718,80.9066787735798,72.3420379355234,130.5300874361,121.310048824721,94.6547902365936,70.8604717797234,64.1266677520829,125.755868488508,100.290296002779,78.2288309960605,72.183889892494,67.1097774717558,130.813003632207,106.567195192668,92.3486716895548,86.1244864938583,80.6763530563414,72.7788029767852,136.414835278626,120.706441967167,113.372854390129,82.4281584704515,142.502146291387,134.854683228652,127.543925903337,120.625337779252,114.174634667648,98.5068676284578,94.8505960365959,92.1506897531499,141.710268578077,134.773192089271,128.248213296768,111.843711455604,100.424801317099,155.884276594079,142.333267223925,130.495409249166,110.369188857868,144.356015592863,139.012468402629,134.205797888801,123.629789552496,120.319666446587,120.317160921042,147.714389554548,133.342510054421,130.274508950803,133.334401667586,161.336276782916,152.320885692062,143.080099045055,175.039380927137,161.540031055007,158.055413033872,149.862795660374,151.199849996791,152.857128032537,170.84435170573,164.829164927993,162.673904817687,159.845062720311,160.162515154566,161.104474462613,187.904283519029,183.828161910507,180.224527774873,174.529431502192,172.495424683519,171.013994054103,172.484353688555,174.517252763789,189.666889615437,180.102853658753,189.643503346311
"22085034",28.2653489159792,36.1582078297534,54.0783719610469,63.5130268194845,73.1230771140167,82.8342998194176,51.215569020301,41.4024156460014,31.7425050260497,9.96434139081555,14.1543776144407,22.437931040291,31.7663694721028,51.235042802319,71.0465707562907,60.2897418316162,10.0410690617664,0,10.0532202064678,30.1469980274556,50.2803164288987,70.3431585881322,80.3930382169664,22.5322493704495,10.0260405822509,31.7620074009024,54.0800229239834,44.8981971409785,28.3549888322666,22.3956029301017,20.0157905990001,28.3701837079046,54.0858771493395,58.5178273328757,50.1570007260486,36.1178177086498,31.6465214617251,30.0112385518129,36.1197692038241,58.5258808948929,67.347984268295,64.2178665684121,50.0891342246117,41.2471711230786,41.2441518895703,50.0919168417323,64.2268786885725,72.3568672173981,80.9190566514413,64.1479867276737,50.997156757306,50.9939973128787,58.3809013356339,64.1515053910719,94.6590346876622,60.822330372198,59.9843579459603,60.8234810691197,67.1340619174678,72.2072773315374,78.1714033091883,85.0488472704048,108.519802929089,72.8064895397073,70.696227135919,70.6966802351303,72.8012155178983,76.1928577168248,80.6932327019757,86.1392484248054,92.3635012118197,80.5969067824022,85.4602108196131,113.383280728847,120.709273496692,92.1766549327264,98.5261255780421,114.126812037869,120.557530005449,107.72275412034,111.859918403753,116.718197484399,113.997811554843,120.871668661321,121.596466342559,139.022206427562,143.22045209476,147.719334557699,145.557175827601,148.644968152889,156.579807307637,166.569614737126,158.074126909389,161.553029837585,165.561144670228,175.038230797778,174.651045970771,192.412673347636,201.282493744356,120.991893177673,110.980798875325,130.632538777829,120.587045205471,100.482335723405,80.3851259247139,131.020915498457,110.984948741161,90.9898959545696,132.16382547043,122.2376858155,112.331153577777,92.6204959913235,73.1266404601757,104.869447467308,95.2827796603598,76.4714007362369,117.54801333861,108.147565418376,89.7869000488969,80.9160170712818,139.869476842382,130.536451082106,103.333032665618,78.3202001698851,70.8750459514715,134.67985284262,108.521532292951,85.0483447280551,78.2441095878297,72.2051176855616,139.415697646905,114.350101820607,99.2173119790494,92.3658637458468,86.1448028408831,76.1935842877759,144.686703216071,128.420425240943,120.719983614581,85.4618932112994,150.441490744068,142.51254861362,134.869254366353,127.557662308418,120.642256788185,103.03906866765,98.5309147215959,94.8773616253294,149.017924435154,141.727328775101,134.791115369429,116.725369252185,101.950579497004,163.177211258149,148.936642614192,136.194556280208,111.762130655726,150.202510083718,144.377713606155,139.031885736366,126.482607819043,121.601311242931,119.928343392741,152.776166661069,135.993716672786,131.461591203796,131.460439303064,166.591182228718,156.593692921864,141.337780456229,180.456065584537,165.576698160823,161.555716708206,150.230022085575,150.227203452216,151.22971729435,174.66765284138,167.589441055757,164.859430838741,160.19191724221,159.878557152377,160.193985714319,192.439392202205,187.925599314176,183.854234226169,177.140431481073,174.558994916214,170.158443924157,171.047640951778,172.513909862138,193.121202235387,180.971438794231,186.726455087002
"22085035",22.3399364706815,28.3516633053451,44.9035525144604,54.0732899427907,63.5206447454488,73.1259640179568,61.1132218875297,51.2238709815313,41.4162802807066,14.1709167877274,9.99346982477447,14.1745673660368,22.4624802382399,41.4281679611678,61.1140852087123,70.3428989402743,20.0941897348825,10.0532202064678,0,20.0938221575558,40.2271583410682,60.2899823024604,70.3398626118195,31.843859058361,14.1676650674542,22.4319895295852,63.517690083557,54.0705832365872,36.1605773901993,28.3418903329021,22.3665699920126,22.3701503053258,44.8867340114987,67.3310919702328,58.5051905675012,42.5153009652261,36.0899853436484,31.617263642894,31.6164373703601,50.1413351394531,58.5031458229375,72.3353848359611,56.6866431895602,44.7403828619267,39.9663694304828,44.7385062645685,56.6858161384166,64.2009168452112,72.333432491872,70.8576149752195,53.8564041481098,49.9604160719327,53.8518578146537,58.3531968175607,86.2675391424354,63.2337334600407,60.788128929888,59.9546008177108,63.2303265335046,67.1041564513963,72.0953176220826,78.2199042121269,100.277667523698,76.1656971258685,72.7765799362861,69.946127510118,70.658091005043,72.7723858941309,76.157154307876,80.6630561452034,86.1132667775366,82.4239169869069,82.4212991578825,106.469121322228,113.352004269376,90.4859874117337,94.8401467085326,108.204559921497,114.076715770769,104.359373602896,107.690767444903,111.829476749654,111.729591603165,117.021466760977,120.312369559909,134.189180184037,139.258926144112,143.178352656568,143.077397566978,145.525236765458,152.301224205331,161.307230277094,155.142717300931,158.048172101351,161.51888297974,170.036433688626,170.822462941355,187.871228626547,196.944348223774,131.016110816731,120.999508773734,140.685697066725,130.640204920515,110.535492412903,90.4382838962792,141.044274382935,120.997665115243,100.984603521635,142.104290882163,132.160227065484,122.230957084981,102.452499814913,82.8334349040954,114.529422712785,104.862355313933,85.7970217563972,127.036408672284,117.534894596187,98.8749862016971,89.7773246148554,149.290218305367,139.863828645204,112.22147211742,86.2781937425657,78.3013191906999,143.735898050411,117.013645930817,92.4253847373851,85.0251929560505,78.2221701478132,148.180252773788,122.43589762701,106.558014273728,99.1966342076614,92.3440853345582,80.6717584450381,153.147531577835,136.410296058468,128.402426851925,89.4738226148944,158.593331243451,150.422892635118,142.495311581473,134.848560028948,127.537089011184,108.269170083543,103.012231428917,98.5033352112423,156.597559128057,149.000424963303,141.707832635637,122.193705469407,104.366752635346,170.71785106847,155.871388937179,142.333328595233,113.967719941898,156.434711049935,150.179987001583,144.350051068807,129.996336234558,123.628959981925,120.316632824736,158.268607166708,139.265073984743,133.337050134488,130.271148782702,172.227185089089,161.330047824949,140.230148794565,186.213125073155,170.060881005373,165.539548450418,151.203168059705,149.858865268221,150.193069675095,178.922094484719,170.840952052051,167.562117895962,161.103462141573,160.162102767664,159.846660150423,197.333139217208,192.409910961165,187.898748600254,180.217971110625,177.111105225724,169.829673627805,170.128206077044,171.013013217289,196.974264971466,182.328987367639,184.246429475986
"22085037",22.4182072675741,20.0022081673637,28.3552791249744,36.1687851654204,44.8901877875763,54.0731872473572,81.0020546910717,71.0388030865497,61.1079361786023,31.7498100827249,22.4354509014805,14.1604783288381,10.0207963010372,22.4557054881826,41.4186900257518,90.4367200979625,40.1880106755336,30.1469980274556,20.0938221575558,0,20.1333379000011,40.196163127146,50.2460433435498,51.3155655918305,31.7526585463268,9.9895319276058,82.8341851276331,73.121462135334,54.0630577218079,44.8884910604961,36.167559728791,22.3742107044202,28.3498894523127,85.7934958846779,76.4600677179778,58.5079635307849,50.1421025068874,42.5162389131711,31.6235671045717,36.0996666781549,42.5192478331313,89.7751716071837,72.339569237805,56.6893261399046,44.7381978548476,39.9804911097609,44.7482123603567,50.0722836471173,56.6906797237702,86.2810033590129,64.1311637756427,53.8567148956447,49.9710264946841,50.9745276859863,70.8558553184878,72.1868995030358,67.1099075732026,63.240168370578,59.9617287854702,60.7990483994273,63.1451289043989,67.1144803381383,85.0317482865245,86.124441418843,80.6782432252833,72.7835435285439,70.6683612886903,69.9525776859848,70.6668075989516,72.7788039049743,76.1696264941504,89.4786984933812,79.943581390802,94.4182343544914,100.120639482546,90.4949265000413,90.4927045445461,98.4649114379686,102.922355414667,100.426435383913,101.921974389976,104.369246127191,109.917781620999,111.736606355072,120.322112868094,126.454464652983,133.345486693715,135.957484403446,140.237850587933,141.313108608913,145.53447734472,152.307140704715,151.200657686539,152.865541050917,155.155654433953,161.524358795011,164.819976480391,180.20579346267,189.647024559497,151.05877558583,141.033985397906,160.779518649165,150.734026268822,130.629314045408,110.532105209942,161.094198044526,141.03307317655,120.996659666459,162.023563313788,152.054015582454,142.093090424762,122.224121078752,102.449642682181,134.027147240845,124.251712989347,104.861348965393,146.247722134139,136.603563476139,117.536746350397,108.142612272575,168.36104461584,158.795676979124,130.522887922234,103.32039991672,94.6489783536435,162.216160459064,134.665769875121,108.507151557729,100.283142829294,92.4248710600437,166.167163038262,139.403538075247,122.432731596106,114.330025740664,106.559988394703,92.3470124358214,170.611566506258,153.148582436066,144.671923554695,100.128796683352,175.516367554081,166.965512820476,158.59242352797,150.422690070286,142.494799340857,120.623556627319,114.173685464904,108.274180869436,172.548980581322,164.462175599109,156.601373187137,134.770116093416,111.844193398772,186.544359380211,170.711955354251,155.878371520644,120.85335932553,170.043286076127,163.074641499267,156.436676391504,139.009163324397,130.004652490608,123.635642770499,170.552901778732,147.71342289423,139.2697509759,130.280791860988,184.675699556793,172.230173570273,140.239998609749,198.801769676266,180.434252612423,175.029918750611,155.165322953455,151.209517056067,150.203115303391,188.809192029047,178.927624065177,174.647706270065,164.829374934184,162.672340667885,161.114209813033,208.286698410526,202.6351269708,197.336379212911,187.902032804104,183.827868718631,171.023847401256,170.138398520807,169.839192091393,205.997609265988,186.712453011409,180.941277048211
"22085039",36.2700977838081,28.3725161014252,19.9691017841116,22.3315635388831,28.299272686082,36.1259174329066,101.010238774082,91.0141345734524,81.0351293863356,51.2498227022565,41.4402466191704,31.7771997162788,22.4754423387883,9.97558500871641,22.4005648648066,110.570051873032,60.3213439513083,50.2803164288987,40.2271583410682,20.1333379000011,0,20.0628568162934,30.1127303932179,71.1749107821681,51.2588439610661,22.488561167996,102.491172827308,92.6553148020723,73.1545717967023,63.5566478447281,54.1099263913207,36.2099696360092,20.0151681409983,104.898697776722,95.3142042524716,76.5022601394822,67.371824187328,58.5474572857275,42.5571155989917,30.0073955839549,31.6320456445408,108.181100677714,89.8190339370694,72.3800894083205,56.7215427538639,44.7815773706301,39.9997411553629,41.2355659624342,44.7482897063656,103.362723964525,78.3488966217634,64.1631472862106,53.8930244383844,51.0018554441439,58.3551285168448,85.0709669849474,78.263440524904,72.2230790550974,63.2712066651181,60.8258896705154,59.8814767971533,60.8150795168265,72.1867365508102,99.2387188129628,92.3873990034481,80.7139644660199,76.2036194872523,72.812326508936,70.6938350246371,69.9722904745871,70.6857598729971,100.166374331491,82.4599058806565,85.4454076677895,89.4751351644674,94.8837273100977,90.5184539648233,92.143704037368,94.7614539592688,100.452311176355,99.9434350864556,100.444349935991,111.767431854534,109.937028788062,123.662412601719,121.58698821507,130.302227486326,131.444749300836,140.26280270668,139.899560707315,141.329439983552,145.541835781746,149.883034852168,150.221962530689,151.220125205932,155.16308427147,161.122537887783,174.530286874966,184.264179087333,171.152193580229,161.121948096218,180.912850707271,170.867357775464,150.762646438809,130.665437009096,181.193947543199,161.123195995491,141.072212345204,182.021775781044,172.034919585165,162.05302589861,142.126935439935,122.262019740687,153.719546556997,143.875654269556,124.291709977538,165.709695651601,155.971090420621,136.646581421007,127.073462551019,187.686682200741,178.023669593372,149.327126810756,121.34126437507,112.260351948189,181.081661943474,152.962658619858,125.788709178336,117.051215338287,108.545219781955,184.630177895429,157.150881930306,139.44032710033,130.845752949881,122.473311194416,106.599721918982,188.640689350458,170.653106702119,161.84322233582,113.409454189931,193.088665244228,184.255830701865,175.555400504762,167.004616910154,158.630821281624,134.890328889834,127.579294698609,120.663295927463,189.330454551355,180.876226044827,172.591418565367,149.040975769912,122.234194767395,203.16629126616,186.577586886775,170.756293849961,130.529764625677,184.87560087539,177.350567039727,170.081482988474,150.217998044265,139.047155531819,130.037211983084,184.250986002582,158.307825751411,147.747720157478,133.37335917398,198.418317667446,184.714097965361,143.119156781675,212.583567702918,192.387027734455,186.245111283293,161.57297806028,155.193555675294,152.896314596694,200.263209633403,188.845487058473,183.697700291105,170.877166095822,167.594072372906,164.860305719958,220.564677833988,214.294352166275,208.322378624817,197.370473367217,192.446109769058,174.558603607263,172.523217956655,171.050215035583,216.54616518854,193.122562681578,179.845195536141
"22085041",54.1670992190672,44.9104808505356,28.3440267771737,22.3720011899713,19.9818740026444,22.3691163897498,120.993823764671,110.980861770856,100.978902527924,71.0410009115585,61.1100675514592,51.2218731779381,41.4235840659539,22.4418420309463,9.98818595980047,130.632881119395,80.3841720204716,70.3431585881322,60.2899823024604,40.196163127146,20.0628568162934,0,10.0498803241746,91.0789460099121,71.0385709325993,41.4210232087018,122.225435176807,112.32257901777,92.6083076787316,82.8327468132724,73.1193448931464,54.0676840032823,28.3433054661824,124.24821223508,114.523091454406,95.2729152794187,85.7906217598758,76.4573825117798,58.5042884367934,36.0906776930753,31.6154745151379,127.029039966487,108.140625390675,89.7741555610835,72.3278589031984,56.6862414585352,44.7367898975453,41.2158995842558,39.9705200766935,121.298618755489,94.6499017704323,78.296989460964,64.1232442987914,58.3555482646771,50.9622311791743,100.282040512371,92.4191922379016,85.0244567734728,72.1806478714698,67.1076259969996,63.1354330292638,60.7931510533175,63.2369592696046,114.324507993859,106.555930180701,92.3426193965217,86.1190897138863,80.6712775865592,76.1630075464114,72.7754715414965,70.6635605323109,113.364162794007,89.4719389385151,80.567023553407,82.4189696646304,103.00975338763,94.8450396432248,89.9285841332109,90.3850649912153,104.36558504214,101.916725157134,100.420807693631,117.029366652043,111.731542959026,129.995422931179,119.894022429534,130.278159956147,129.878790718791,143.083451174292,141.308233454251,139.872105588586,141.303528937537,151.197950993453,150.197966299692,149.857327696608,151.192995975068,159.842847289522,171.007991744287,180.930291985387,191.186230770372,181.152361927742,200.975678614591,190.930186818603,170.825473963304,150.728265918533,201.227489480851,181.149735364594,161.088688473279,201.971679438058,191.97229481161,181.975537657951,162.010514001476,142.087714107814,173.435017365379,163.544856748172,143.835983721919,185.235432539021,175.430902647778,155.932986479412,146.244071452109,207.085607577518,197.351241171964,168.3565687532,139.855380738037,130.518155234295,200.111882261499,171.58742156049,143.72894767396,134.658442993118,125.741084573297,203.326771780529,175.329405909257,157.102571328918,148.172420676532,139.395152035557,122.42744740342,206.973413585287,188.59743446828,179.5450465161,128.398073414193,211.033488672546,201.987673876326,193.042321450343,184.209155444292,175.507944123774,150.417222343624,142.48972095866,134.845757717788,206.625152490513,197.891611563352,189.286822045247,164.455424849813,134.763072824553,220.288244007349,203.113957285429,186.535919648707,142.328130367593,200.547030162251,192.588628243974,184.828775673508,163.065276285855,150.175843279411,139.004260230156,198.959312678823,170.544408778265,158.263899700974,139.263183732663,213.092355405933,198.373396458496,148.621390928913,227.228452373884,205.534994130102,198.786429390769,170.057319390771,161.532376377341,158.056804934685,212.923427140311,200.218792163275,194.336585659512,178.920028084958,174.636079985485,170.839025553471,233.848103773906,227.057901846918,220.518351898514,208.277289387237,202.623144761424,180.214174346825,177.109444276554,174.524283103363,228.302434157268,201.272761699521,180.937474688412
"22085042",63.6152445924162,54.0934379407723,36.1679914032777,28.3455501306147,22.3646469255461,19.9835682096271,131.012025071116,120.99337604763,110.983994072418,81.0033021032035,71.0437471947063,61.1101843712091,51.2323590696681,31.7555356296427,14.1678348746099,140.682761391546,90.4340523348542,80.3930382169664,70.3398626118195,50.2460433435498,30.1127303932179,10.0498803241746,0,101.074297582951,81.0007650897141,51.2319401711968,132.150086369247,122.224988791436,102.444222496983,92.6173195162787,82.8320008702889,63.5143543310359,36.1701602545533,134.022842298254,124.250155574769,104.85964351971,95.2714216448441,85.7927885763448,67.3315638555046,42.5139558844962,36.0901088243165,136.604671616557,117.537087454629,98.8737667263412,80.8945703353027,64.2041895247291,50.0621261921547,44.7404107644305,41.2147146525855,130.521505758827,103.321224434105,86.2732581165012,70.8563106963238,64.1268243146127,49.963670897921,108.504022279796,100.27927233203,92.4220468040849,78.2233218248796,72.1825933982458,67.0143690721818,63.2360888674656,60.7957515168003,122.427759684623,114.327341428442,99.1959288502193,92.3436244273273,86.1201974465522,80.6706188854758,76.1664273931957,72.7762342564368,120.697916187039,94.4141295300165,79.9390930748073,80.5618299803189,108.266839331879,98.5012213435027,90.5002692835131,89.8262238713541,107.699224902453,104.364771787254,101.918721270542,120.84979653392,113.969001264005,134.199523757128,120.315443425638,131.436492249396,130.268210123167,145.532785837484,143.083955965669,140.233728899189,140.229353018834,152.859356032893,151.204060957552,150.19499754854,150.189621545537,160.159660741045,170.121936768516,180.093231295215,201.223136191941,191.187813554327,211.025558764122,200.980067028888,180.875354123803,160.778146158957,211.265463529686,191.185042883699,171.120263419925,211.974350084834,201.970082907834,191.967600747423,171.987910986482,152.044069904559,183.341559324599,173.433924439085,153.679134402419,195.0601689653,185.230163472257,165.666712798744,155.935078130484,216.851620724017,207.08882517866,177.978141515601,149.284760139493,139.85499048776,209.720938930726,181.037211948732,152.919577940981,143.726340893525,134.659709172835,212.790512595885,184.587586471594,166.160940479454,157.103012118361,148.173371948071,130.801065867689,216.277382169741,197.744974127689,188.596070805858,136.405556819077,220.165696680141,211.032945586036,201.988280604299,193.041408095935,184.209268757941,158.586138486981,150.41816440467,142.491272027614,215.475471070598,206.627486036425,197.892317255762,172.544710890246,141.701971350882,229.051312811779,211.63409031969,194.744814515164,148.914854156725,208.68815825263,200.549647609887,192.586321555309,170.036531930487,156.432405112061,144.349137749076,206.674818876816,177.221349097832,164.2125269208,143.195309647721,220.770794520468,205.620392713889,152.312112697605,234.874532694043,212.537600929594,205.527954423325,175.030750627972,165.545282923419,161.532088415764,219.690336624914,206.424896709703,200.221050811183,183.653962926899,178.919253585775,174.6381206011,240.865055204445,233.847151776654,227.058641032443,214.250012991439,208.272802423586,183.819532240663,180.217597018758,177.108748946633,234.626032584785,205.981949369145,182.32786522138
"22086032",50.1397521580288,58.5817027539245,76.5570949160731,85.8810430594777,95.3644834700558,104.950413441902,36.080267742404,28.2588309129883,22.3075290331934,28.4040380151598,36.2413340159155,44.9701801431028,54.1693946172828,73.2217905201889,92.708387435893,41.3224273889799,14.2298243310251,22.5322493704495,31.843859058361,51.3155655918305,71.1749107821681,91.0789460099121,101.074297582951,0,20.1989379689593,50.3303646635829,31.6739094043437,22.3660407462827,10.0096827225672,14.2524396017818,22.5392010678945,41.5168978008372,71.140727840187,36.0979323335381,28.2871251924054,20.008167032993,22.4316610120295,28.4257145123759,44.9814821498634,73.2191135292525,82.928887126659,42.4583090640235,31.607356350733,31.6686462593585,42.5954845811051,58.5956891594722,76.5567328595673,85.8885970484095,95.3672180871278,44.7142991264204,41.2571208415377,50.1349415612757,64.2854175329006,72.4244140734932,108.224792387371,50.9988359841508,53.902673900856,58.4165216857968,70.9310495742859,78.3821183092594,86.3049802663592,94.7336009618929,121.385436942788,59.9733586192777,60.8239356540036,67.1638230400096,72.2391631742262,78.291571780316,85.0953539802159,92.4948133344355,100.359814657111,70.6929496605658,86.1840710179284,122.506676242164,130.875760423192,89.5274116587955,100.18563136578,120.695467753082,128.406032366636,108.322912502853,114.227826543941,120.681453266995,111.890887793312,122.250511358507,117.065320724336,142.384913152564,144.404448890487,150.223798315408,143.235931440266,147.751626487347,158.314013635151,170.594371270548,156.596275271775,161.368563004767,166.603013230362,178.31265596881,175.06842828365,194.369204364858,202.66038162804,102.357641457894,92.5235246403125,110.891772533561,100.891641432479,80.908999362134,61.0162852748019,110.446772090326,90.3420803966429,70.2465767782985,110.90181172696,100.895800539235,90.896608281898,70.9520344359485,51.1341029558092,82.7489316734837,73.0370965506812,53.9905946667703,95.1926076697433,85.7088514188322,67.2546948486194,58.434571417665,117.456918274837,108.065232062364,80.8299432193374,56.6309468524568,50.0206729610698,112.147642219384,86.2132529816917,64.0798540513526,58.318267111188,53.8344917336389,116.941728590309,92.3675825159324,78.1761991248818,72.1430915242434,67.0805626705561,60.7927377224838,122.364611387259,106.499188218497,99.1433092396851,70.66852029215,128.341625977057,120.642194496064,113.314377680488,106.429182174333,100.082466236948,85.4169626248174,82.4197132634347,80.5730436348626,127.480718241982,120.570540977501,114.126989447228,98.4796745886518,89.9446817329247,141.654726044737,128.191421608818,116.666534938067,99.9345726712415,130.451391632223,125.328577810389,120.822118533729,111.726619797851,109.922988015281,111.759657638823,134.175534143946,121.570683278185,119.909937334928,126.492885384679,147.681194601434,139.247234612555,135.996269510912,161.294732732668,148.607300347844,145.514817095212,140.253614893873,143.112888960645,145.564579225149,158.042939905076,152.860057227473,151.20905024121,150.210848495118,151.224495893718,152.889646433838,174.616093409192,170.820024536367,167.545366734301,162.661697879772,161.111963777744,162.687295017467,164.851321794339,167.586367305241,177.100845093138,169.846331453936,183.852761992719
"22086034",36.0476660720432,42.5193267496368,58.5171374448037,67.3296069686978,76.4590668064659,85.7923482120437,54.0781640109117,44.8913102501398,36.1721790386519,19.9903719650245,22.369436040613,28.3422314022446,36.186052163937,54.0779213922448,73.1178610988127,61.1223184367044,14.1753971984549,10.0260405822509,14.1676650674542,31.7526585463268,51.2588439610661,71.0385709325993,81.0007650897141,20.1989379689593,0,30.1314377339356,51.2323308559831,41.4217072502256,22.4408934559398,14.1742268919747,9.9897553538998,22.4401730841283,51.2180894439414,54.0747054007919,44.8920936708499,28.3476364713209,22.3705586671237,19.9852031876462,28.3367281364124,54.0640560188555,63.5075481586216,58.5090092409881,42.5189788211495,31.6205537323549,31.6121289548153,42.5075922529207,58.5009906517923,67.3240550419971,76.4506674224828,56.6899506231381,41.2175236242523,41.2096234312584,50.0569002066451,56.6788258319926,89.7580920715474,50.9630081484937,49.9583232212849,50.9601514319646,58.3439023016047,64.1144676582915,70.7768902945813,78.2916756276008,103.305433009489,63.2335931298593,60.790359359437,60.7874242114943,63.2217375835674,67.0972601384197,72.1659528490939,78.206308015985,85.0118189601971,70.6616173978629,76.1564005189054,106.540440833491,114.305170497047,82.4181558830016,89.4605869627211,106.395306484666,113.273795253049,98.4869373173535,102.994699433149,108.250341911545,104.359014468768,111.82500971227,111.718552757372,130.465785621371,134.186680084175,138.978163662469,135.945545913771,139.245762024359,147.684709992213,158.235565211812,148.597759736873,152.292085310637,156.5369023784,166.526966003983,165.517560402815,183.616426990259,192.371294213115,122.235692445152,112.334942273126,131.023199214194,121.00991965149,100.98690855366,81.0135329384985,130.645694879644,110.541005069819,90.4455003000125,131.029092261046,121.009728424596,110.992854124635,90.9910366822085,71.0491433545531,102.460704331806,92.6239863743617,73.1296528373515,114.533264572228,104.862128748618,85.7996128027145,76.4663365269163,136.615399997522,127.04301901835,98.8805849879905,72.3411065203832,64.2050045572809,130.53077563505,103.325631949212,78.3072957924267,70.8575284977344,64.1251505632322,134.670275914553,108.511818779968,92.426775271569,85.0289697311895,78.2253827284101,67.107249001698,139.403291263922,122.436178612184,114.332361143693,76.1662987493484,144.676284231328,136.412499916649,128.405907507115,120.702937714398,113.369424332225,94.4173043124099,89.4748653724861,85.4337719654519,142.494036554288,134.850618870616,127.540167873386,108.269329600096,92.1446385893244,156.603684698664,141.703724244843,128.243430274992,101.917462576665,142.330783470998,136.169165108901,130.486978073656,117.023013324174,111.727281389444,109.902309106921,144.351540855234,126.453345810076,121.564785485804,121.560033931318,158.269331256663,147.709051585234,131.419587401574,172.223481477284,156.562279837443,152.303603563766,140.228805960396,140.22441586603,141.297230094186,165.543492266908,158.056098167978,155.157653611781,150.18769539721,149.852522939967,150.188252514984,183.653848630601,178.918337866255,174.636538214971,167.553091201734,164.820661733468,160.150285803676,161.093887183244,162.649314595443,183.823594516907,171.012218081389,177.087052488081
"22086037",31.6497369323619,29.9917372057988,36.1022168079508,42.5138485124581,50.1429991927394,58.5082344409921,82.8246495754665,73.1099856029417,63.5044906907795,36.1540177326357,28.3274146526559,22.3539723219245,20.0103282180314,28.3539255262199,44.8891238357343,90.9806356590627,41.4046774044427,31.7620074009024,22.4319895295852,9.9895319276058,22.488561167996,41.4210232087018,51.2319401711968,50.3303646635829,30.1314377339356,0,80.9997600989511,71.0375062539983,51.2122864348239,41.4117283189413,31.7518171182501,14.1720954025194,22.4547473076863,82.827193837932,73.1171206464981,54.0675260324325,44.8832650697673,36.1664992733123,22.3754561450776,28.3557665436653,36.1784178725073,85.7890436023835,67.3304742972622,50.1425551598007,36.0894306067964,29.990960713307,36.1057881241651,42.5265980471948,50.1520088616716,80.9014688387871,56.6901613591864,44.7416400007064,39.9814959825982,41.2291653075908,64.2056178942035,64.1275511396129,58.3548433303487,53.8601218005524,49.9721980264772,50.9744714586566,53.7709360718938,58.364052784529,78.3105261613661,78.2243987042163,72.1854592211356,63.2409389950847,60.7962616479065,59.9630468523852,60.795996783202,63.2388743956122,67.113824798015,80.676010421405,69.9540505757761,86.1262159558663,92.3429834323608,80.5742215605802,80.5730649574775,89.4349385256267,94.3313080193968,90.4929525341305,92.1503845055394,94.8503744013718,99.9282506055099,101.926496664987,110.370241976483,117.026984706308,123.635900169422,126.449726890307,130.276233428874,131.433298145551,135.962206419201,143.18889950198,141.306387956611,143.086279763859,145.530814166579,152.303110571663,155.151741064715,170.825113580349,180.204148812347,152.040372285113,142.085512666705,161.082829668211,151.058364080914,131.00387883691,110.976290014147,160.77713199939,140.672441636908,120.576937036021,161.08951637623,151.059226523976,141.028539775016,120.986163141724,100.970957405193,132.145318589579,122.219928264063,102.447199224646,143.832032616992,134.014708604566,114.519165387582,104.855633676268,165.664590621341,155.93448409919,127.028167825805,98.8711655941126,89.771792015147,158.788411730109,130.518711198786,103.317761264964,94.644697682321,86.275079164904,162.208666451691,134.662322339123,117.007538315169,108.501150773931,100.2811161778,85.0265267055891,166.159091975434,148.173661147326,139.395084648238,92.3455032965763,170.607166635339,161.797920595404,153.142991238249,144.666518976331,136.405024641916,113.366927974366,106.479094742351,100.127854749353,166.95695184639,158.585756779415,150.418543748592,127.535365496614,103.014343959069,180.832465011932,164.452724136603,148.998077231157,111.842635344813,163.148165696006,155.872129632053,148.914077997191,130.487621948181,120.850688639423,113.972326222521,163.06897929572,139.00746881804,130.000810650023,120.323124135384,177.224346307643,164.216457121171,130.277783951758,191.37888977854,172.223058794223,166.553556633453,145.538347946169,141.314210171668,140.237259667226,180.426308669827,170.059186757184,165.550385176391,155.159332275696,152.866080753792,151.207240066656,200.22021092174,194.334822252701,188.803590821598,178.921011760577,174.637519416963,161.107248899326,160.167136691747,159.849660886652,197.333887231557,177.110120325505,171.017499778319
"22087029",80.8279678663083,89.7783670858255,108.158377631155,117.541069135155,127.038334302268,136.611642093334,29.9871414024421,31.6204032058893,36.0927317159995,58.5140242191597,67.3368755313545,76.4663241414167,85.8114074653242,104.872931177912,124.252871104038,22.3718810124805,44.8929623546875,54.0800229239834,63.517690083557,82.8341851276331,102.491172827308,122.225435176807,132.150086369247,31.6739094043437,51.2323308559831,80.9997600989511,0,10.0499639413085,30.1529607094951,40.1936674376502,50.2436297204832,70.340503287908,100.481172122428,9.99213908711699,14.1700228150669,31.7596757891477,41.4194469759711,51.2270927520761,71.0432369430047,100.977060077293,110.979046438025,19.9844133410079,28.3424328409493,44.8884336158606,63.5181307939683,82.82956548621,102.450910030981,112.319506509825,122.219212688943,31.6164140401377,50.1380202012537,67.3294778744794,85.788866292984,95.2687757560361,134.008404271148,56.6785034376149,64.1959200973868,72.3316218488623,89.7665562061053,98.8652963143407,108.098534020514,117.527012130364,146.231453773461,58.3491653703664,64.1172777028143,78.2949082307495,86.2620762800567,94.6369745960079,103.302875540146,112.201293605521,121.284316930524,72.171976276352,100.270167014585,143.71039851014,152.895231482647,99.1847797227101,114.310652997909,139.291826849951,148.102860945969,120.678216726131,128.379170908415,136.384864964123,120.602940343543,134.825863648837,122.171876785583,156.566990734206,155.847019978324,163.115009634868,150.149529390018,156.405125786144,170.006734020221,184.792805686374,164.175911345513,170.513102673915,177.186925333905,191.418571730743,184.627057810068,205.484977684363,212.874147665811,76.4625301326111,67.3351527286424,82.8379764061671,73.1309918863381,54.0689774336615,36.1686222617853,81.0142340858731,61.1148198015294,41.419873459084,80.3977218894201,70.347198597584,60.2929165840812,40.1917855465692,20.0943547943293,51.2283737665302,41.4175279500891,22.4451499493195,63.5187190606951,54.0675446002655,36.1678934678805,28.3433976688276,85.7975436284575,76.4654086715921,50.1431735792314,31.6166855065761,29.9762611660969,80.9074092471933,56.6874147529576,41.2138777021429,39.9682325694573,41.2119277334436,86.2806327802421,64.1277177404461,53.8520696037051,50.960983289013,49.9603755849141,53.8487811996989,92.423992696391,78.2227524868195,72.1813227001169,63.2280205011616,99.1999387652289,92.3443673188654,86.1217479654235,80.6715727983876,76.165004277098,69.9434289233634,70.6597549346272,72.7705079794453,100.122324423392,94.4145907686163,89.4744729612092,80.5630554931366,85.424621545953,114.171718807445,103.005228694413,94.8446706826672,94.8369044082872,107.696187143067,104.363564143248,101.913821197717,100.411056992135,104.355136976564,111.823842352583,113.963240458056,110.358490256063,113.952393603889,130.468085722504,126.454402579276,121.564336777508,138.982754645197,139.259217882591,131.424440407565,130.256386555439,135.945855712794,143.173559790887,147.682087667926,141.301062228281,139.86406956168,140.226955393587,145.509208862876,148.602032836029,152.290557906625,155.151729960688,152.854084483517,151.19542848456,149.848149166587,150.19061897434,161.506047313248,165.518674773449,170.026951188767,161.098698998431,162.648358375435,188.765749228667
"22087030",72.2649732270485,80.9045268695723,98.8898762585722,108.143873147343,117.540922533275,127.035159134733,31.625406812661,29.9797486623684,31.6177354013347,50.1486076359122,58.5090318942745,67.3360904523964,76.4768754838156,95.2857723173421,114.525123853419,28.346456317115,36.1718330376738,44.8981971409785,54.0705832365872,73.121462135334,92.6553148020723,112.32257901777,122.224988791436,22.3660407462827,41.4217072502256,71.0375062539983,10.0499639413085,0,20.1029968510265,30.1437034978791,40.1936657819034,60.2905393600625,90.4312082275935,14.1706945861614,9.99064190200725,22.4444231250496,31.7591124320828,41.4166980317871,61.1096048781447,90.9819631149976,100.974041067795,22.368505962583,22.3691340535723,36.1677400639594,54.0710187246037,73.116983991361,92.6149671618641,102.445751070942,112.316747993541,29.977925381938,42.5095438481535,58.501992155631,76.4534052418327,85.7880304550608,124.23380115232,50.0571489672385,56.677788302072,64.1963406955749,80.8919455541097,89.7656405057923,98.8269457125318,108.130589306315,136.592380737724,53.8496396018366,58.3463427140568,70.8481606439416,78.285948300534,86.2652143352808,94.6315289711409,103.299966892256,112.203497306902,67.0977853328682,92.4103565079604,134.642722743543,143.70471509531,92.3317988278716,106.539559373446,130.698920094377,139.321908958684,113.345056981593,120.677760122847,128.377737071668,114.152851433671,127.514767462487,116.678009289539,148.968284879395,148.891348947463,155.836460695198,144.322821211172,150.149410276195,163.036401161725,177.266060308776,158.228542620807,164.18081394091,170.510734497029,184.163137848011,178.230246411804,198.744610648883,206.375678195724,85.7986191941334,76.4652280157764,92.6230982966032,82.8440461688237,63.516489150634,44.8899344243245,90.9960567406407,71.0485358357107,51.230467504834,90.4476856553705,80.3971624779755,70.3428804623335,50.2417494595374,30.1443187308422,61.1165712680665,51.2277605777237,31.7605838108119,73.1262600518141,63.5140041392074,44.8887073316887,36.1702049044669,95.2783721677351,85.8009360653652,58.5080690414782,36.0915147606306,31.616070718565,89.7816594867025,64.2053144153962,44.7392559790298,41.2123132073109,39.9683653048948,94.6523440541454,70.8606664731199,58.3522024630547,53.8517054379904,50.9614889801179,50.9590547424338,100.283921096624,85.0272956386071,78.2237666857182,60.7861586182294,106.561046352433,99.1977565077336,92.3456173847126,86.1202985545641,80.6719030631456,70.6621571033578,69.942406097143,70.6595189305019,106.475855883574,100.124159548452,94.4163923592728,82.4221195981992,82.417494298881,120.622362512859,108.262497199509,98.5007150862324,92.1377827829729,111.835467096146,107.696814050154,104.361451745354,99.9079312559916,101.908726241839,107.685399305088,117.023282128332,109.900738622025,111.716647532306,125.338590077601,129.997506847311,123.623940381353,134.179508429266,143.191277402238,133.331638693228,131.414492896115,133.322576307067,139.242838406027,143.171336854898,143.076524354142,140.225108872059,139.867125967555,143.062204764901,145.514154832468,148.601426790682,158.052642908268,155.148682609054,152.855772223083,150.185419614216,149.853931480503,158.032434288196,161.507391554531,165.515951158937,162.658593772145,161.090038310034,183.617236041298
"22087032",56.6203333200079,64.2009238274553,80.9102700713681,89.7705002835939,98.8702366509274,108.136242076237,42.5210936830737,36.0914976031542,31.6156823144165,36.0909930337295,42.5093223943788,50.1380072464445,58.5188025527525,76.46474178873,95.266582608894,44.8964551702056,22.3666946280262,28.3549888322666,36.1605773901993,54.0630577218079,73.1545717967023,92.6083076787316,102.444222496983,10.0096827225672,22.4408934559398,51.2122864348239,30.1529607094951,20.1029968510265,0,10.0407072136503,20.0906692769962,40.1875431941852,70.3282122410159,31.7647359324067,22.4512002493811,9.99878850235168,14.1701868046636,22.43988877631,41.4088773148418,71.0356338079488,80.9947745624094,36.174807446534,22.3773151536903,22.370666963978,36.1644763117433,54.0613817753368,73.1158118143825,82.8232725339861,92.6048805479717,36.0991950231659,31.6176526723209,42.5081503027904,58.4961353236908,67.3223966820557,104.838859672279,41.2121683627028,44.732704943732,50.058505194887,64.1903306290397,72.3242876000439,80.8426419192985,89.7621197307493,117.519090581293,49.9641376436275,50.9616431480309,58.346632471332,64.1080734344331,70.8431621120857,78.2838100139488,86.2570087479688,94.6304620463278,60.7870079551306,78.2104394153487,116.988830887306,125.717642417378,80.662408862948,92.3268168521944,114.228155654136,122.346555972222,100.104726924122,106.45654122739,113.343983384971,102.998606531467,114.149587721115,107.683261872639,134.737680860161,136.145020711295,142.295768038651,134.178222440801,138.980845436548,150.147153748886,163.030751075689,147.674209338475,152.718164466519,158.232462502993,170.505469244525,166.523285255559,186.161965846727,194.288890181544,104.869469372014,95.2844135829932,112.336170476062,102.467668856346,82.8402096746966,63.5234804294263,110.999370824024,90.9952911642939,71.055255424844,110.550682503467,100.500159305332,90.4458772909523,70.3447462523114,50.2473154767586,81.0159248896106,71.0530240545057,51.2349128236707,92.6271264288887,82.8378890010617,63.5236979613071,54.0795545613505,114.535330086181,104.872765703568,76.4691715737351,50.1498271177702,42.5200668692746,108.153102884975,80.9118558083902,56.6933665624193,50.068807863038,44.7430833451166,112.229383229526,86.2885838946971,70.8623336344983,64.129055496155,58.3578701909238,50.9653722182395,117.017922846596,100.290529316351,92.4304599532167,60.7925955276594,122.44002393496,114.335488822743,106.565239185395,99.2026837562305,92.3496113487723,76.1699972392936,72.7789155911552,70.666112861367,120.703783407934,113.372350172311,106.484359689763,89.4770171845152,79.9354899200517,134.855686084307,120.61999429713,108.273074248254,89.9253874212672,122.194934958211,116.701615488252,111.839103505989,101.915355189194,99.9138083871323,101.910557912496,125.359965283762,111.728658948923,109.900762625438,117.012147916564,139.009900626538,129.999483178225,126.437573905161,152.748838386248,139.263300869127,135.951642354742,130.264589237433,133.322657264104,135.943365638716,148.619652958397,143.081481755914,141.3087469272,140.218614658441,141.296334323615,143.06969318258,165.544777615471,161.529611608166,158.056005998653,152.856392763601,151.198968903772,152.843076475851,155.13751762524,158.034175310472,167.556186072581,159.837163458656,174.60617134921
"22087033",50.0175260110288,56.6935475736687,72.3521226821271,80.9043124449789,89.7786753549735,98.8765923821238,50.1443703291549,42.5111093764148,36.0887249157714,31.6221218786845,36.0927621491765,42.5164575087258,50.1650305904506,67.3441958407802,85.7942824622142,54.0736004587514,19.9866162836832,22.3956029301017,28.3418903329021,44.8884910604961,63.5566478447281,82.8327468132724,92.6173195162787,14.2524396017818,14.1742268919747,41.4117283189413,40.1936674376502,30.1437034978791,10.0407072136503,0,10.0499622860917,30.1468360367679,60.2875050638287,41.41546581416,31.7575566992925,14.1734111146534,9.99427805150013,14.173327892929,31.7571440677265,61.1109569815578,71.041428621272,44.8866805845055,28.3447529831405,19.9887190896676,28.3431091606662,44.8854281076439,63.5165290848789,73.1192528118269,82.8289570577712,42.5157247127858,29.9805075143803,36.0895291333062,50.1383102861445,58.5029600462837,95.2604851719392,39.9695931066034,41.2106374862681,44.7369287741611,56.6786994051873,64.195920055703,72.277117617262,80.8951548308814,108.130925949882,50.9626564205699,49.9616268045202,53.8504914331143,58.341679722382,64.1157744033571,70.8430075781534,78.2875788398584,86.2656956425504,59.9510397031186,72.1729354526629,108.488675537283,116.989858260788,76.1591324748341,86.1081532723097,106.4670978247,114.246145192017,94.4001504151225,100.10820918918,106.460342900063,98.4928113254621,108.253495919273,104.352985207045,128.216886384612,130.47053051713,136.137872000055,129.978110264306,134.180705097788,144.324711200053,156.40060328624,143.166527342279,147.682381431043,152.718789898294,164.177620699489,161.293592026968,180.384800054539,188.760903031498,114.528007298097,104.863664539963,122.230367991504,112.333177869386,92.6168898393409,73.1234540696406,121.003002471738,100.981575564814,81.0088797167824,120.591388878395,110.540865900708,100.486583886627,80.3854529366317,60.2880222285309,90.9879961085177,81.0057805485286,61.1135886122592,102.453475369597,92.6128456562923,73.1218553475617,63.516814818553,124.252862403327,114.529503424468,85.7952035087817,58.5061736393573,50.141064928744,117.539971957275,89.7772788149413,64.2034669915942,56.6833027308184,50.0628894675995,121.300913079765,94.6514979883291,78.3012966610893,70.8547439760429,64.122818758125,53.8519811118861,125.744052295423,108.503946000931,100.281924397284,63.2320359171703,130.804559526927,122.43017331406,114.328143594038,106.555986736562,99.1951989322831,80.671385279309,76.1645749565545,72.7752636377524,128.397054600491,120.697888961273,113.365942659646,94.4131282322631,80.5630575706469,142.492651804135,127.529498851427,114.167459292762,90.4836709767474,128.235446071542,122.18972035453,116.6930471259,104.359515243431,100.416579102039,100.414310005161,130.484092430717,113.962108920283,110.358071283245,113.954782010616,144.347806067371,134.19809587731,123.613675821805,158.260769600355,143.190148562178,139.249011275148,129.876179411822,131.417379908392,133.321094561944,152.305114534781,145.526460100177,143.080672316853,139.858446436642,140.220918027264,141.295929476372,170.051050671282,165.536859235943,161.525881165039,155.147416507644,152.855306605241,151.184060593187,152.845046607707,155.135764750213,170.83359169503,160.151097240372,170.810833196198
"22087034",44.7064102936673,50.0738442409258,64.2156288560593,72.3363431853281,80.9023181962709,89.7753636006916,58.5085719241539,50.1396779080116,42.5117567315937,29.9801266050198,31.6164056672014,36.0909568352863,42.5382506976758,58.5161958246318,76.4574702709881,63.5204238080546,22.368680846246,20.0157905990001,22.3665699920126,36.167559728791,54.1099263913207,73.1193448931464,82.8320008702889,22.5392010678945,9.9897553538998,31.7518171182501,50.2436297204832,40.1936657819034,20.0906692769962,10.0499622860917,0,20.0968739831723,50.2375430330684,51.2260119464619,41.4181550610093,22.4467939466878,14.1723009108838,9.99544827543561,22.4422921879862,51.2230231901494,61.1080266928973,54.0711744273686,36.1720095710652,22.3738128886778,22.3686989026349,36.1657695227181,54.070301560026,63.5121280140974,73.1167353886275,50.145540567277,31.6224793118772,31.616274171172,42.5106340210471,50.1393374364503,85.7802739246512,41.2158711513942,39.9685683432242,41.2142421258365,50.0585816259507,56.6793963631163,64.1355462370794,72.32956744974,98.8638060312345,53.8541360035526,50.9642190538979,50.9623563932464,53.8443372354526,58.3462078252615,64.1115522578561,70.8421847319915,78.2906560018762,60.7895085596526,67.1000662785511,100.268119165761,108.483358874936,72.771373670631,80.661547650387,99.1118388044643,106.471769077087,89.460472171051,94.4006439476981,100.10861297937,94.8396192378077,102.99872368025,101.90803350586,122.171227474413,125.342753644093,130.460425976453,126.437354447575,129.979396793869,138.982375684926,150.14634151442,139.237525708397,143.173319698114,147.680821691006,158.231397567824,156.532348886699,174.991122962617,183.613881316596,124.25540706562,114.530143020142,132.155363454892,122.235862636254,102.453148723048,82.836259547004,131.021306651445,110.986629264702,90.9905136377714,130.641351123908,120.590828180563,110.53654616711,90.435415222566,70.3379845127397,100.983176953008,90.9873943746475,71.0472964001045,112.327383957328,102.448879393711,82.8347130546557,73.1247274093268,134.027733131288,124.256826032043,95.2763511285601,67.3339805720324,58.5067181587965,127.036594755803,98.8773643750585,72.3395919843097,64.2020721699116,56.6855739154133,130.524123651528,103.323243947461,86.2782942202018,78.3025925545273,70.8568066266871,58.353122358827,134.663117739882,117.01224956373,108.504363853779,67.1072526280765,139.400071361258,130.804351784903,122.432023654287,114.328036496553,106.557280587877,86.1211250952634,80.6727977866517,76.1667803958777,136.405091185789,128.400272748091,120.700157786069,100.123703849877,82.4233048355889,150.421552652222,134.842052162875,120.619247784078,92.144139000146,134.762545364921,128.238407114255,122.188641061347,107.694168752659,101.915624388405,99.9125542145169,136.164726370443,117.02326405138,111.724085921173,111.720362479608,150.175978240064,139.003665919351,121.557291372871,164.210155082441,147.703259171889,143.182476836011,130.266448607919,130.262502732699,131.417042344602,156.555524510767,148.616811188257,145.530668599941,140.221726280754,139.86276805563,140.222653934038,175.025171582693,170.050188503073,165.539457828846,158.049946801534,155.150236595431,150.181689043683,151.187587806195,152.844182422593,174.633914080757,161.095458248851,167.532035759237
"22087036",39.9863586318037,41.2351816385033,50.0788529863923,56.6859338445779,64.201763436441,72.335884894426,76.4639623853575,67.3314832644577,58.5061801303323,36.0930417174237,31.6176927246215,29.9782690587391,31.6517429127137,42.5260106061353,58.502532778297,82.8393249263255,36.1687734582876,28.3701837079046,22.3701503053258,22.3742107044202,36.2099696360092,54.0676840032823,63.5143543310359,41.5168978008372,22.4401730841283,14.1720954025194,70.340503287908,60.2905393600625,40.1875431941852,30.1468360367679,20.0968739831723,0,30.1406690544634,71.0443960577032,61.1133548702874,41.4181523539139,31.7570674565491,22.4441973150348,9.9920529965638,31.7550649645552,41.4119896866202,73.1219197719226,54.0729415412324,36.1701198382971,22.3639877036748,22.368356611439,36.1673093298738,44.8838820379083,54.0647939393738,67.3340377420751,42.5180721248572,31.6146383930618,31.6150510237227,36.0898575105256,67.3179191861777,50.0649840808396,44.7356982710855,41.2137544268823,41.2101361012967,44.7340066782408,49.9790515790598,56.6786655498469,80.8923371136784,64.1220937503712,58.3524769741622,50.9621629776549,49.9560175159113,50.9578751752712,53.8423759981658,58.3404504447318,64.1128224052943,67.1044893384307,60.7849520497298,85.0130989137618,92.4037345609655,69.9416681918658,72.766720717363,86.0496082059943,92.2494639353883,82.4136284421956,85.4192814447556,89.4593271288801,90.4824376867156,94.8355113202852,99.9077252915111,111.819030685203,117.014232141056,120.821441536764,121.554051327326,123.611733624981,129.977049375169,138.976876965859,133.314258726767,135.942719674478,139.239632265568,147.67505967134,148.595495928281,165.508512872551,174.600786671601,143.841421668853,134.030634547739,152.052276390925,142.101000068503,122.227863766623,102.455187924398,151.067835801554,131.014720774447,110.988219088003,150.738224041533,140.68770140305,130.633419408807,110.532288612028,90.4348580247634,120.997287059831,110.984117933655,90.9877233777729,132.15102701336,122.221525470636,102.451653213192,92.6183065233961,153.679929629424,143.840509336152,114.525671210446,85.795385146847,76.4598898654136,146.247460994538,117.538013772829,89.7773248985184,80.9003995838298,72.3352502831878,149.286395766154,121.30152716523,103.317777638347,94.6471181614371,86.2764692112655,70.8544376575058,152.91772842798,134.662574410484,125.743172432675,78.221611310762,157.104618057564,148.173847099968,139.396779142175,130.801047954226,122.428017464297,99.1948386993217,92.342262991315,86.1196620709811,153.13972229259,144.666256409243,136.405161503308,113.363276173937,89.4699839598458,166.960409532306,150.412343943416,134.844340425915,98.497768430548,148.99127493506,141.700039998262,134.759075943009,116.691131160035,107.694300331467,101.913042879348,148.910962894147,125.351614361175,117.019433060241,109.898680673187,163.064067370422,150.172957588462,119.885415753596,177.216811433642,158.2590298784,152.732287635115,133.329540149534,130.26278546241,129.872397895089,166.550536929952,156.553414361536,152.307036018522,143.072973274397,141.298547254588,140.222927536492,186.199758411203,180.416172463195,175.021358719805,165.534885372836,161.521647101868,150.181987865103,149.847106964383,150.180539544491,183.647539811628,164.810308663121,162.642682273812
"22087039",50.1345870562388,44.766718161984,39.9842280062387,41.2188224797923,44.7387437292134,50.0653249949308,104.859605561946,95.2707009665301,85.7922938415612,58.5029583495279,50.1391346405721,42.5103674705578,36.1198926963094,29.9906920226891,36.0893432167206,112.325954262448,63.5128496149989,54.0858771493395,44.8867340114987,28.3498894523127,20.0151681409983,28.3433054661824,36.1701602545533,71.140727840187,51.2180894439414,22.4547473076863,100.481172122428,90.4312082275935,70.3282122410159,60.2875050638287,50.2375430330684,30.1406690544634,0,100.974045619114,90.981603004346,71.0408275654986,61.1066209079463,51.2211551077943,31.7556272306431,9.99223911949724,14.1693587922391,102.4458965061,82.8307572045246,63.5125773341275,44.878204474101,28.3429360118129,19.9845916889226,22.3698305477425,28.3407904052747,95.2711083367317,67.3315640281275,50.1354364048055,36.0896926430174,31.6192405521354,42.5059658736547,72.3338621203539,64.1959769224311,56.6811513533842,44.7361385229513,41.2130669951996,39.8663301062723,41.2132788139853,56.6818588448562,86.2709140270499,78.2978928307825,64.1198687940357,58.3483379683088,53.8495521755207,50.956763985251,49.9571396449508,50.9578863997709,85.020857357047,63.2284130975893,67.1001100780174,72.1675883552848,76.1605207680902,70.6582585286652,72.7420782787577,76.0621712769767,80.5591554392598,79.9282883969942,80.5576764574037,92.1427007420863,89.9218824921308,104.356798140287,101.905939001271,110.359908204038,111.711471317054,120.305257789292,119.884415434478,121.555359695368,126.433795607968,129.86788812251,130.260599907635,131.41350434208,135.937451089629,141.289529122191,155.128136974988,164.794987076024,173.434992657512,163.547576458634,181.975343753541,171.994966788371,152.043691258639,132.148440837613,181.153864429496,161.084296916168,141.032953663814,180.878892141788,170.828369816763,160.774087857837,140.672957228384,120.575526777271,151.055082715316,141.028021516613,120.990905655789,162.008256127064,152.03548667405,132.143295049956,122.221165244222,183.334606320509,173.431863176878,143.83062173252,114.520311139144,104.85420770046,175.431986982476,146.240106702235,117.532897587471,108.134210762796,98.8679064985275,177.972700484942,149.281360013267,130.514331597313,121.292376544094,112.212867915234,94.6420625498013,181.028676558435,162.204946139288,152.911357952949,100.27637364806,184.578218352301,175.320232719782,166.15497886907,157.096312147644,148.166381749821,122.423268565254,114.321325880971,106.551857172085,179.535624098664,170.599208272168,161.791353066045,136.398462256063,106.469526323285,193.034997331807,175.49738063053,158.579281763397,114.160740580843,172.533727303149,164.447607088403,156.583569962247,134.754473141148,122.183957075505,111.830384324188,170.699515062664,142.318870681504,130.477615280263,113.958149534206,184.820912583207,170.030091298888,123.617663101676,198.947748564819,177.211386584051,170.527397585837,143.184870373903,135.951105591491,133.325666696209,184.652894730359,172.2080633028,166.548900037075,152.300644654264,148.609882154163,145.52239344435,205.519803911202,198.778047816598,192.326906936036,180.411809152318,175.012597963517,155.141636183279,152.849975444875,151.188027351639,200.209731701396,174.620549541856,159.830050356797
"22088029",86.2078476887001,94.6515566590033,112.234644450981,121.301378301751,130.524505968994,139.859224751138,39.9792801871739,41.2162658371453,44.7386312589619,64.2083354935688,72.3391250992389,80.9056531243427,89.7935575229727,108.152626514566,127.031318032108,31.6197300483729,50.1448769715147,58.5178273328757,67.3310919702328,85.7934958846779,104.898697776722,124.24821223508,134.022842298254,36.0979323335381,54.0747054007919,82.827193837932,9.99213908711699,14.1706945861614,31.7647359324067,41.41546581416,51.2260119464619,71.0443960577032,100.974045619114,0,10.0469157557288,30.1439078841911,40.1939142118725,50.2408511807464,70.3347235940228,100.478667683765,110.525601519721,9.99227437237158,22.4420352103072,41.4151979799874,61.1131819183704,80.9984954387653,100.975674059519,110.975026387142,120.984576280161,22.3677676203081,44.8819368537236,63.5122027663141,82.8256603632518,92.6086373156701,132.12937550243,50.1337606865281,58.4982643725731,67.325146221635,85.7830567053507,95.2624746418515,104.822956735345,114.51197363623,143.818130179429,50.0591814610813,56.6769936423255,72.3272289648086,80.884550964316,89.7618515753667,98.855959919775,108.120413115073,117.518773295342,64.1125413475925,94.6333512129528,139.83389831685,149.257434387688,92.4087571368741,108.482986623745,134.549291891332,143.658264627315,114.303204962748,122.40559004973,130.777003019817,113.346395929147,128.375260375426,114.144046226562,150.384992823953,148.966660276117,156.554717803972,142.296781089246,148.882346517329,163.111746561809,178.469412638079,156.389254731945,163.028711501589,169.996469038701,184.782244228093,177.175557730252,198.313706844205,205.475151108719,80.9049509540551,72.3405456895044,85.7988160652521,76.4693310757975,58.5037455236364,42.5146346486483,82.8426069733368,63.5198813444574,44.8915985494068,81.0160508363877,71.0538761691198,61.115837160259,41.41615001208,22.4428673671059,50.245098507464,40.1944610764878,20.0987797988958,61.1155808352423,51.222867796955,31.7589620630783,22.4462327432314,82.8373968309614,73.1286593611267,44.8903804040825,22.3700692612241,19.9841223131868,76.4656388901652,50.1454191549325,31.6180155954081,29.9760936803184,31.6147206199793,80.9057690331234,56.6899719301244,44.7382260764645,41.2126016703618,39.968236782139,44.7331453015808,86.2784125986298,70.856601052858,64.1242544478656,53.8467517970724,92.426365579982,85.0270619658013,78.2243405265074,72.1805348313087,67.1060276907867,59.9512901217122,60.7853498402913,63.2262640968095,92.3414770102725,86.1195840126112,80.672788792577,70.660217699171,76.1557908969526,106.479498860678,94.4086669779736,85.4302890117898,85.4209303708385,98.4970034536796,94.8417372173541,92.139285736203,90.474297702402,94.8318481214496,102.992975189862,104.360895323947,100.411729481281,104.348694406011,122.168535818295,117.023817101449,111.722262164866,130.460163053293,129.990372745249,121.559720052017,120.29666925081,126.433725365616,134.174444895246,138.975035318276,131.418443734096,129.871930754148,130.262278559483,135.932525401985,139.2377859275,143.16747414222,145.523955488864,143.07202584264,141.298400414848,139.856010409976,140.22234128168,152.280033773707,156.528926924375,161.288507928326,151.190032193612,152.839928923581,180.381762827922
"22088030",78.2375074498133,86.2821769272259,103.334501597458,112.221700529827,121.302632477958,130.523584301538,41.2205768773359,39.9703905629639,41.2130784550992,56.6909254554211,64.2045214816016,72.3398597305228,80.9218055749154,98.8862965044704,117.53623897531,36.0922739588799,42.5165942806585,50.1570007260486,58.5051905675012,76.4600677179778,95.3142042524716,114.523091454406,124.250155574769,28.2871251924054,44.8920936708499,73.1171206464981,14.1700228150669,9.99064190200725,22.4512002493811,31.7575566992925,41.4181550610093,61.1133548702874,90.981603004346,10.0469157557288,0,20.0969926660855,30.1469986999197,40.1939356736103,60.2878080800592,90.4317522834721,100.478686092235,14.1712186589121,14.1724105050227,31.7585140294968,51.2280860020849,71.0394914720935,90.9837877368516,100.973254125186,110.975341080535,19.9872834802904,36.1650329489927,54.0687420089547,73.1164236359172,82.827505824957,122.207990483043,42.5084809768944,50.136572426487,58.5014292857761,76.4510561529428,85.7850992012417,95.2365828768986,104.849236164456,134.009048008556,44.7365659558342,50.0589062480617,64.1955087438882,72.321383507827,80.8907306468966,89.7596514619615,98.8559084557017,108.125748149439,58.3447439513184,86.2650564482275,130.500709922613,139.831574458215,85.0147573209125,100.264776266722,125.636012591959,134.591223772809,106.535621008971,114.305936729993,122.407137968024,106.460905215237,120.677461790734,108.246646835816,142.460416750121,141.676998131718,148.95940549332,136.13757942176,142.29957613252,155.836712167557,170.667492862108,150.136958932456,156.396966736514,163.02943235382,177.258817485587,170.502705319634,191.324210529163,198.738196163305,89.7770920412924,80.9045990753033,95.2771919305309,85.802167088398,67.3287408489176,50.141139210229,92.624514611766,73.1245346701015,54.0729278527983,90.9947588161135,81.0132418521388,71.046523189254,51.2235442020351,31.7553419290294,60.292014258652,50.2413768322152,30.1456955538358,71.04626689188,61.1081717063786,41.416558211343,31.759258332109,92.6192480792776,82.8386712983852,54.0720843637099,28.3438775665693,22.3696060433338,85.7983852553483,58.5084559350896,36.0931938558295,31.6168564220268,29.9777234314504,89.778183591644,64.2064553571871,50.0640900259864,44.7380709933884,41.2139330611405,41.2117265028219,94.648421621043,78.3027012295887,70.8562604116451,50.9597431619541,100.284492008118,92.4234484163818,85.0273319960126,78.2223577414251,72.1805640236682,60.7895397379374,59.9517641995272,60.7870022861041,99.1936747516162,92.3427652433011,86.120882198072,72.7735346893626,72.7691756760883,113.367682969254,100.117869194417,89.4720015324142,82.4164381200865,103.006575910481,98.4980210775464,94.840135262062,89.9172893565108,92.1352535049386,98.4869723321808,107.694517025906,99.9100967331618,101.904726563095,116.677786125061,120.843948983091,113.960655944731,125.333687985359,134.194356709951,123.620038695925,121.550815281888,123.611109717743,129.974589608619,134.174769880005,133.326458650134,130.262059388186,129.876484081172,133.312161081227,135.939861397179,139.239501999277,148.613384709407,145.52164313507,143.074569984809,140.218716325794,139.863289679664,148.593504826686,152.283776035063,156.528751402165,152.85204504748,151.182569575889,174.989775705388
"22088032",64.0774425786162,70.8669585722341,86.2949442469745,94.6520384779562,103.322581582215,112.222156470167,50.0718650060785,44.7408209392197,41.2165688337663,44.7472249973144,50.0684717670742,56.6898678297397,64.2278098213676,80.9157079415107,98.8741507926507,50.1469594179837,31.6231374735784,36.1178177086498,42.5153009652261,58.5079635307849,76.5022601394822,95.2729152794187,104.85964351971,20.008167032993,28.3476364713209,54.0675260324325,31.7596757891477,22.4444231250496,9.99878850235168,14.1734111146534,22.4467939466878,41.4181523539139,71.0408275654986,30.1439078841911,20.0969926660855,0,10.0500066789401,20.0969434715227,40.1908158179029,70.3347598042701,80.3816936468689,31.756124687069,14.1713423584591,14.1700563672344,31.7584554864066,51.2199131829735,71.0423273247019,80.9991019031954,90.9777631504114,28.3423141531323,22.3653317900794,36.1637320196883,54.0634425318599,63.5091000244462,102.433973677279,31.6103997521533,36.0827206898903,42.5072510782825,58.4949965442443,67.3212173807449,76.4135358366809,85.7831589166503,114.509486755938,39.9653507347759,41.2073673815612,50.0553186099599,56.6680151395782,64.188977843323,72.3186970969298,80.8824539696019,89.7590741873247,50.9534520825699,70.841698112737,112.198299699431,121.273127912235,72.1676930565287,85.0072826067704,108.398744468802,116.931710053744,92.3210800465893,99.1732450608045,106.532894637685,94.3979277553972,106.454751107288,98.4793589373719,127.503734179869,128.21255868842,134.727010335295,125.327595993968,130.456777813596,142.294064262146,155.828853777786,138.965169125664,144.31370450229,150.137464338738,163.021631175534,158.221546082853,178.215609165128,186.153046258822,108.145598832436,98.8797443795284,114.530241335238,104.869800249471,85.7947022645136,67.3343573059492,112.33329239338,92.6206061062406,73.1268821683994,110.992970197778,100.987959889115,90.9885121396338,71.0437016746291,51.2246200465536,80.3890058750163,70.3383683433762,50.2426873008949,90.9864873182916,81.0003163215132,61.1113187659197,51.2258135726685,112.325084054647,102.45530289158,73.122105008139,44.8871869593876,36.1659700713699,104.861297245359,76.4603985472481,50.1414808003668,42.5098920439558,36.0873045301131,108.141140655653,80.9032565684308,64.1991487562001,56.6813332881905,50.0602341927543,41.2088064463157,112.216323823444,94.6464870720944,86.2743276319915,50.957145452268,117.008404025221,108.500277661986,100.27968132457,92.4189207396715,85.0217880502129,67.1017173627602,63.2274585855007,60.7847137553505,114.321137883068,106.552305939238,99.1925317085239,80.6658288161639,69.936702978892,128.397376636313,113.356087976843,100.118698981237,79.9266004298651,114.15929262028,108.259901254293,103.00063270472,92.1327402149747,89.9150213417675,92.1301977625406,116.688901606171,101.907621125659,99.9019755237465,107.677972738546,130.479463074422,120.836652604066,117.001928745141,144.338252936918,129.985266910668,126.43227556859,120.298476341371,123.604487811961,126.427343309397,139.247996793174,133.322294365021,131.418324415256,130.247836053852,131.407598382937,133.312951929052,156.547466661614,152.296131079786,148.607311847375,143.066216941444,141.29412662234,143.055147627538,145.504211097321,148.589235880959,158.043752142918,149.838376715857,165.504617612138
"22088033",58.3155487677489,64.1344685390331,78.3166917746054,86.2781260799249,94.6488070656789,103.318499963742,56.691279367057,50.0644271988687,44.7389138356079,41.2197841224522,44.7399943949384,50.065489752879,56.7105510906504,72.3474669449988,89.7723810731491,58.5111283007945,29.9808937056779,31.6465214617251,36.0899853436484,50.1421025068874,67.371824187328,85.7906217598758,95.2714216448441,22.4316610120295,22.3705586671237,44.8832650697673,41.4194469759711,31.7591124320828,14.1701868046636,9.99427805150013,14.1723009108838,31.7570674565491,61.1066209079463,40.1939142118725,30.1469986999197,10.0500066789401,0,10.0469369756179,30.1408093892754,60.2847535988641,70.3316873963765,41.4172859047163,22.4472098659195,9.99444170116774,22.4429233264676,41.4101188270918,61.109052097586,71.037138788602,80.9964747508129,36.1713639284673,19.9862307404842,28.3379642979439,44.8803827883309,54.0634002460315,92.5986019560852,29.975316058621,31.6109912828696,36.0861369390704,50.131552562539,58.4953429313921,67.2795317723905,76.44874767873,104.844156177121,41.212370108585,39.9673495269016,44.7322636490569,50.0487661403674,56.6729757484174,64.1849443030296,72.3173221425192,80.8857306622535,49.9567624410708,64.1109913999463,103.298346358592,112.193452084463,67.0958646510347,78.2056868172075,100.181945541116,108.421867361267,86.1000775295514,92.3223416650517,99.1737969005327,89.4593518356702,100.104046619333,94.8272469730333,120.589242524375,122.168185005257,128.203468568722,120.820088205552,125.329748324749,136.134030391044,148.875128530842,134.164752103477,138.972618412238,144.313150325959,156.388520975376,152.70650961756,172.170052339328,180.37427544176,117.542064661806,108.147550036984,124.257423049477,114.535980017335,95.2756012676401,76.4635159264328,122.235864104008,102.45637775938,82.8393203860714,121.005491449468,110.992981002416,100.983621670533,81.0059064650278,61.112619327783,90.4390124411411,80.3883749203153,60.2926938045777,100.98184801316,90.9821437905894,71.0453480354608,61.1145446447887,122.227986413983,112.329590886269,82.8353981008453,54.0725946679502,44.8885279902882,114.528027430271,85.7968005394416,58.5083206348481,50.1410406858801,42.5132732627588,117.538494597243,89.7790577431901,72.3362772044195,64.2014793775165,56.684505960428,44.7366903545165,121.298303327303,103.319428211509,94.6476557050684,53.8508149228042,125.744705374831,117.009225009856,108.50303242354,100.280587674829,92.4212579122594,72.1791847915308,67.1043067523466,63.2308444675394,122.425963102319,114.325379906867,106.555613561364,86.1170340579563,70.6582555804347,136.406208364463,120.691711767607,106.474549767905,80.5592568206796,120.612070246241,114.163398619752,108.260065729541,94.8360909222128,90.4783638778809,90.475287636468,122.185845592088,104.358015720576,100.409780470358,104.348685135258,136.160950472992,125.350578891957,113.945932242632,150.168058975802,134.191721362062,129.978730258028,119.881902105516,121.549516769145,123.605108394903,143.182530884912,135.949590031378,133.327885051858,129.864169408215,130.253992352064,131.410254796874,161.313482300524,156.547779522635,152.300089765375,145.518014859226,143.071200065176,141.284072800248,143.059602339131,145.504285381705,161.521615869402,150.178018029167,161.495999001352
"22088034",53.8319873673001,58.3677273826834,70.8715158798766,78.3036653411921,86.2782792836273,94.6487090471189,64.2068667237854,56.6844372680656,50.063656377473,39.9755748336298,41.2160588620289,44.740454605333,50.093576241137,64.2143920492182,80.8994087252847,67.3363423560697,31.619454528536,30.0112385518129,31.617263642894,42.5162389131711,58.5474572857275,76.4573825117798,85.7927885763448,28.4257145123759,19.9852031876462,36.1664992733123,51.2270927520761,41.4166980317871,22.43988877631,14.173327892929,9.99544827543561,22.4441973150348,51.2211551077943,50.2408511807464,40.1939356736103,20.0969434715227,10.0469369756179,0,20.0938724147793,50.2378166461586,60.2847504312134,51.2247415103315,31.7599326095032,14.1730873262808,14.1697817397258,31.7529879572272,51.2238174749361,61.1065999468547,71.0372227972797,44.8898404338954,22.3724207601956,22.3656606687458,36.1624509922636,44.8825079515812,82.8171036615507,31.6164701932907,29.9731201056865,31.6141573361598,42.505371609644,50.133339738395,58.4482024677102,67.3222310273094,95.2605252080346,44.7364731396242,41.2123158796176,41.2099903175162,44.7258661979688,50.053953101015,56.6696797774276,64.1849892727707,72.3219688163571,50.9585155359881,58.3421569989501,94.6301303236959,103.294989219932,63.2244535299941,72.1660686095436,92.329094107907,100.198531153035,80.6543808959729,86.1012366748372,92.3234203035779,85.4208897955375,94.3975396734932,92.1295645834737,114.141421514785,116.676849097,122.15878825232,117.002635221921,120.821429983456,130.457534026035,142.291671698436,129.964157907608,134.171654250577,138.971489735656,150.135180662967,147.669233796109,166.511318455114,174.98146046154,127.036540166608,117.542001740996,134.029856919799,124.260744013327,104.860378233004,85.7968283242976,132.158069425817,112.327540914314,92.6213955022161,131.020897918166,121.002622149425,110.985832547701,90.9846707875479,71.0434393867628,100.485949341915,90.4353118125413,70.3396307376109,110.983776496113,100.974173585596,81.0046112804576,71.0451280160734,132.149653759516,122.229050328424,92.6169805266215,63.5165921844373,54.0700494177521,124.251950816924,95.2747361277249,67.3331276021785,58.503758124451,50.1403794702204,127.032021937874,98.8759427032477,80.9005393375543,72.3346529816399,64.2005975322524,50.0617409419234,130.518363689276,112.2183771821,103.316372111967,58.3501059840238,134.660421153725,125.741809732398,117.007943247614,108.500020743832,100.278880916866,78.2201673706721,72.1781944258267,67.1042988824651,130.796978138618,122.426271408076,114.324545691488,92.3393673901919,72.7703926802079,144.665966310505,128.391277409419,113.362132831154,82.418225450718,127.527047258934,120.612468309811,114.15964957773,98.4915415296844,92.1376047560285,89.9171059965035,128.231880633013,107.690424834635,101.907637563227,101.903485139698,142.32200283953,130.479867784869,111.711287996739,156.422744099979,138.994841057966,134.181896523965,120.303311581431,120.299182193883,121.548454327219,147.693299423953,139.250537604534,135.951829203617,130.254048429138,129.867319837424,130.254755153918,166.546176344999,161.310333565292,156.548024349583,148.606690860964,145.518637257264,140.210123809902,141.286805628789,143.058142033457,165.533563241094,151.183222620846,158.024049149646
"22088036",49.9783816757417,50.9854019263253,58.3686856776473,64.1261146597804,70.8563882459536,78.302657803199,80.9034671304292,72.3331921396941,64.1995048339096,44.7393205613494,41.2136460825993,39.9703219225381,41.2496575848642,50.0775488925396,64.1996159175164,85.7966411652559,42.5121252114266,36.1197692038241,31.6164373703601,31.6235671045717,42.5571155989917,58.5042884367934,67.3315638555046,44.9814821498634,28.3367281364124,22.3754561450776,71.0432369430047,61.1096048781447,41.4088773148418,31.7571440677265,22.4422921879862,9.9920529965638,31.7556272306431,70.3347235940228,60.2878080800592,40.1908158179029,30.1408093892754,20.0938724147793,0,30.1439443739748,40.1908780852529,71.0407740611644,51.2247777250151,31.7569504434967,14.1644274454968,14.170864214505,31.7593850461492,41.4143952561989,51.2216350079915,63.5154813718912,36.1709147566969,22.3661849844635,22.3680457591894,28.3420977566032,63.5033414221683,42.5138514841176,36.0876353891761,31.6166014511859,31.613889316984,36.0875086156401,42.4401887143523,50.1367100977684,76.4511104460148,56.681603617249,50.0625001008466,41.2129370200546,39.9639645283279,41.2093370324174,44.7281885838114,50.0521288086417,56.6750908337373,58.3491611890947,50.9573690355256,78.2889403262427,86.2582937803854,59.9496153435323,63.2237095577421,78.1460971554058,84.9370730457978,72.7640959249801,76.15190243504,80.6574904889826,80.5599574796371,85.4208348244397,89.9156723912455,102.989967040999,107.684726006409,111.811089311065,111.711812853311,113.947482823412,120.823105377753,130.456193703546,123.601570412822,126.431735350884,129.970445957958,138.969928943919,139.232572683104,156.520462996043,165.503536756222,146.24698830853,136.609623725823,153.680877057356,143.843090883425,124.249085169959,104.859751848705,152.051575213025,132.149306597141,112.325826727137,151.064246328577,141.037787234986,131.010758365708,110.979073107185,90.9815579830829,120.579821677107,110.529184139814,90.4335031173721,131.00832339248,120.985546096017,100.975295970037,90.983008003954,152.042393960628,142.09013408595,112.320821431939,82.8313925209019,73.1191424920469,143.833120437572,114.522080740308,85.7931585261579,76.4557666279691,67.328145767791,146.241153813984,117.534950156121,98.8700391662478,89.7714488937173,80.8983970680881,64.1985806790519,149.279076188535,130.517254365618,121.293571372653,70.8523389160419,152.91336338397,143.723213797773,134.656718378492,125.737991678173,117.003656575869,92.4185371795644,85.0221795249008,78.2199025890551,148.165407598171,139.390327006544,130.796713119208,106.550747418724,80.6665028858742,161.793357002792,144.657022414857,128.393661890913,89.4671814506214,142.4800747275,134.837719955598,127.524368257542,108.257352904639,98.4937435283481,92.1377995837792,141.693871419245,116.688308458692,107.689002382263,99.9066277884647,155.861203679601,142.320478862917,109.893362855948,170.026453440354,150.16498787347,144.329711726057,123.616268519945,120.302835101537,119.880344985874,158.250165795509,147.692964847107,143.184171652776,133.321430344754,131.415427754584,130.25840100815,178.253915861155,172.204261653703,166.543892903457,156.545557720711,152.295554934716,140.213798985336,139.855054051011,140.212529256265,175.017887781812,155.138230374707,152.834974636448
"22088039",58.4166776590667,53.881936540639,49.9764664020147,50.967475648779,53.8523647834075,58.3528523333883,108.142220028614,98.8714840630679,89.7739121059344,64.2006766798619,56.6831810199058,50.0615406396222,44.770269469956,39.9829303950881,44.7352629067934,114.52710793343,67.3296064346607,58.5258808948929,50.1413351394531,36.0996666781549,30.0073955839549,36.0906776930753,42.5139558844962,73.2191135292525,54.0640560188555,28.3557665436653,100.977060077293,90.9819631149976,71.0356338079488,61.1109569815578,51.2230231901494,31.7550649645552,9.99223911949724,100.478667683765,90.4317522834721,70.3347598042701,60.2847535988641,50.2378166461586,30.1439443739748,0,10.0469338770521,100.973599679474,81.0026464926443,61.1092726685607,41.4086405604645,22.4455151352545,9.99235260627569,14.1708315213286,22.4411042253555,92.614172808427,63.5165458264772,44.8827041071061,28.3423548122827,22.3721618795031,36.1581465611882,67.3303055923823,58.5008682624978,50.1389885817075,36.0899702476552,31.6169403345805,29.8740910269021,31.6158482193901,50.136333319398,80.8959022005774,72.3329379188276,56.6819730086788,50.0610042005421,44.7356222872337,41.2084317424784,39.9649011463794,41.2083072408592,78.2968958209941,53.8485703418021,58.3440982590099,64.1078673883489,67.1013875518296,60.7845211119554,63.1935672699025,67.0035303036728,70.6562684773186,69.9360495920654,70.6540717709843,82.4202273265984,79.9296436916993,94.8348795241111,92.1302942583398,100.413000567817,101.897413386309,110.351285283984,109.892176626087,111.712237415387,117.001537285678,119.875649491759,120.30033786557,121.547841900558,126.425141638148,131.406027577436,145.498908509067,155.122463751874,175.438211427123,165.670645738765,183.341323636335,173.440018868032,153.676170334509,134.024158715596,181.978018502172,162.011375623289,142.090887870222,181.15364238297,171.119748009747,161.083760464265,141.027155523277,120.988907441711,150.723765384902,140.673127841756,120.577447012264,161.080359015721,151.046500524357,131.004749898504,120.98938022552,181.96698888204,171.985752507956,142.084008150013,112.319541824191,102.446185220439,173.427192515436,143.829973352171,114.520993283915,104.852901426994,95.2680609544304,175.428846445615,146.239832682641,127.024978847938,117.529766937665,108.134893070105,89.7697339116395,177.968345960318,158.782878984473,149.276316564081,94.6422543954007,181.026745110676,171.577745406218,162.201262875626,152.908861788081,143.719137899051,117.002207873651,108.49640739368,100.276717330437,175.314312973456,166.151195765517,157.094189511001,130.793402019904,99.1880156313777,188.586127343552,170.592771146351,153.133875203949,106.468446804564,166.94540794412,158.57482234112,150.404317231463,127.522576229861,114.15847500678,103.001462752461,164.443433260906,134.752338163224,122.180432252106,104.355680851678,178.50009824197,163.137990415952,113.953475082438,192.572437201758,170.023645653311,163.046034096053,134.187654313351,126.440368057627,123.613170363939,177.204056679732,164.195894349662,158.250387417489,143.1796510336,139.247158353851,135.947152844895,198.351100519494,191.357327898897,184.64716345155,172.202092488383,166.536694801844,145.513855062674,143.067857538977,141.290962580378,192.326060463042,165.52345184106,149.837811611841
"22088040",64.1945673066064,58.3787570870606,50.9722430054317,49.9648620502855,50.9595621381679,53.8514262692663,117.535689690038,108.136612748837,98.8707880885013,72.3324353719895,64.1978023954411,56.6797260291653,50.0892729379886,41.2219060921815,41.2086943691149,124.251314454924,76.455947787528,67.347984268295,58.5031458229375,42.5192478331313,31.6320456445408,31.6154745151379,36.0901088243165,82.928887126659,63.5075481586216,36.1784178725073,110.979046438025,100.974041067795,80.9947745624094,71.041428621272,61.1080266928973,41.4119896866202,14.1693587922391,110.525601519721,100.478686092235,80.3816936468689,70.3316873963765,60.2847504312134,40.1908780852529,10.0469338770521,0,110.975753510068,90.9813850054874,71.040118673501,51.2166111068673,31.7588321670085,14.1696306871967,9.99610410614066,14.1714319654011,102.447521566994,73.1218642923657,54.0649559157601,36.1682607009578,28.3457558005834,28.3366082023858,76.4581014065577,67.3266248387665,58.5025945778712,42.5136432588349,36.0924846368105,31.5199648697247,29.9803882510654,42.5125010730903,89.7687979649573,80.8981918120019,64.1991562214435,56.6835604120946,50.0624187616538,44.7356487493035,41.2129718218064,39.9685921200002,86.2722415152338,58.3494679842317,53.8493374875071,58.3412973082904,72.1767306689937,63.2295651457791,60.7706708439783,63.1294346052564,72.7710382204635,70.6574072789274,69.9398302138218,85.4298341326304,80.5619843228114,98.4921935216282,90.4759527921845,99.9129451582401,100.404817391188,111.718070704025,110.353798740513,110.352690718006,113.946804240351,120.29988938859,119.884135291111,120.299867017924,123.603843276314,130.253020273579,143.055211685459,152.833131772424,185.234956805653,175.437368106205,193.260021054056,183.343888355315,163.541810119981,143.833936573398,191.967360110431,171.985965488099,152.044433747333,191.186103201047,181.150484737822,171.112472813044,151.050486372818,131.004088804575,160.770699259734,150.720061716417,130.624380875108,171.109071017763,161.072796367138,141.02452747659,131.004656860357,191.956282235357,181.96835384332,152.037648086901,122.219355276947,112.317365380319,183.33100735423,153.670539501675,124.245618382021,114.516750072913,104.852620882913,185.225575864343,155.92837646122,136.598326206582,127.024074297323,117.529298202318,98.8676338434447,187.632353080573,168.349237002977,158.779456403863,103.312072681496,190.535528013674,181.025339803801,171.576826622892,162.199214947406,152.907693671409,125.735769939007,117.002485332802,108.49734894737,184.570448231039,175.315510823645,166.150523466935,139.38700986546,106.548641276236,197.731445425609,179.530313530697,161.788554468084,113.357442552082,175.493739874835,166.947499173749,158.57190715499,134.833655253652,120.609157825818,108.259029133457,172.531389734911,141.690608044726,128.228328951528,107.690223850048,186.519249718319,170.697480079811,117.015080107875,200.53219678092,177.28953009408,170.016793245054,138.99256428536,129.985249330784,126.441330420418,184.186674412143,170.528862159185,164.198477537384,147.69294934706,143.180199708436,139.25033157618,205.596975082816,198.350223739827,191.358066190859,178.25090366559,172.197980113244,148.604643531612,145.518699882172,143.068653588827,198.77825792121,170.036164604701,150.177785003672
"22089029",92.360300939065,100.288186440032,117.026146510768,125.747003275668,134.665355209243,143.731371993793,49.9715545594567,50.9652238147057,53.8534214259088,70.8621439149933,78.3045268063472,86.2806349213037,94.6689327385006,112.230876398614,130.519484280796,41.2160914160002,56.6878127581724,64.2178665684121,72.3353848359611,89.7751716071837,108.181100677714,127.029039966487,136.604671616557,42.4583090640235,58.5090092409881,85.7890436023835,19.9844133410079,22.368505962583,36.174807446534,44.8866805845055,54.0711744273686,73.1219197719226,102.4458965061,9.99227437237158,14.1712186589121,31.756124687069,41.4172859047163,51.2247415103315,71.0407740611644,100.973599679474,110.975753510068,0,20.0940007063681,40.1910902372682,60.2912199696353,80.3791051571469,100.479306362324,110.523247034828,120.570253740817,14.1690841719543,41.4102725453299,61.1087605644188,80.9967448308494,90.9760568438559,130.989750804221,44.8797024103891,54.0635966787683,63.5092417838529,82.8217998090698,92.6044910080549,102.423203024716,112.309959039775,142.070162636955,42.5091219632927,50.1336985270146,67.3223395957724,76.4424678149395,85.7801831350596,95.2553159645093,104.838043883936,114.505795309877,56.6735286667143,89.7599576597119,136.581751807435,146.21513675832,86.2618477037992,103.296871392936,130.403157511781,139.789660534201,108.477015362358,116.9834840659,125.716140616384,106.535194281704,122.402977229906,106.45055677524,144.631374102029,142.456871686188,150.374249974877,134.729006804504,141.666587639393,156.552717916666,172.49498444234,148.867540399788,155.827212246035,163.102878877561,178.460419782748,169.986352205875,191.396986860118,198.305067888568,86.2791320479852,78.3052817808263,89.7779448044004,80.9095633921676,64.1980985576288,50.0637882575133,85.8010620285374,67.3346485402414,50.1440079070921,82.8416435114793,73.1297142662902,63.5175412262371,44.8857311326811,28.3405093436333,51.2275233551259,41.416042673904,22.4440949230259,60.2911112930061,50.2367186420255,30.1446483244637,20.0976637473716,81.0072383780207,71.0493606502903,41.4181125714831,14.172659037314,9.99184796325819,73.1255429908165,44.8905984065945,22.3707500964441,19.9838193090401,22.3669836820978,76.4624265810424,50.1462025988413,36.0910207077408,31.6159597453464,29.9759624257231,36.0857546061932,80.9017625650967,64.2025612939508,56.6850417629387,44.731693590072,86.2785964783059,78.3014953879217,70.8561133413857,64.1221579867581,58.3512596242503,49.9590157591287,50.9571607347477,53.8454550060276,85.0224560935385,78.2208234392311,72.1803870618709,60.7861197364248,67.0957682416148,99.1964643139834,86.1124824602779,76.1622679297729,76.1526666832502,89.4669611781164,85.4265068251074,82.4162903255772,80.5513766259403,85.416379540265,94.3949819989988,94.83829089995,90.4750756696327,94.825856133292,114.141754480344,107.69360564452,101.908832910287,122.161608920638,120.835828349022,111.717121881286,110.342480588818,117.00224877869,125.326802030593,130.453346582471,121.553237732547,119.879656385932,120.302203386107,126.420719791253,129.967786367659,134.169097637937,135.947993436077,133.320500528553,131.415298643149,129.863736050233,130.257752296934,143.157678162109,147.668976264734,152.704914785777,141.292676718191,143.057249643656,172.170615766152
"22089031",78.1758134127244,85.0382995339699,100.301117940911,108.508352538164,117.014951654277,125.748501912303,53.8616634629435,50.9655616495828,49.9646158941549,58.3614306860115,64.1283781777799,70.8612101500268,78.3288932836654,94.6629546746915,112.219590797323,50.0668835781412,44.7440090020369,50.0891342246117,56.6866431895602,72.339569237805,89.8190339370694,108.140625390675,117.537087454629,31.607356350733,42.5189788211495,67.3304742972622,28.3424328409493,22.3691340535723,22.3773151536903,28.3447529831405,36.1720095710652,54.0729415412324,82.8307572045246,22.4420352103072,14.1724105050227,14.1713423584591,22.4472098659195,31.7599326095032,51.2247777250151,81.0026464926443,90.9813850054874,20.0940007063681,0,20.097089534715,40.1972194826446,60.2851044511112,80.3853056560086,90.4292463384609,100.47625304263,14.1709718066901,22.4399016435288,41.4153179361137,61.1064612209476,71.0379908070779,110.964978399779,28.336070599378,36.1623984576119,44.883111054845,63.5066431555914,73.1126414868259,82.803370341244,92.6058333347853,122.20898918083,31.6131513255549,36.0846084974943,50.1343170626448,58.489950274406,67.3198163737787,76.4436960593972,85.775415903326,95.2579564236961,44.7286512881482,72.3228933243457,117.514981216968,127.005522895221,70.8423469130434,86.2580141301395,112.107258779469,121.22958471599,92.3994468039416,100.258340360166,108.477990391555,92.324670648025,106.532769683577,94.3907963595194,128.366018377364,127.504587629848,134.804718851206,122.158836504421,128.205294068196,141.664301664839,156.54835151225,136.121992315138,142.288645213823,148.871688924073,163.098685956831,156.383762762166,177.162327500783,184.604685120958,103.320323944229,94.6513702386897,108.143242474163,98.8813841206018,80.8986588407905,64.2020884732705,104.865581775408,85.7959946252356,67.3336333503853,102.458203677557,92.622835690754,82.8338727578673,63.5127997024517,44.8849023983512,71.044418551804,61.1099308649148,41.4157806961737,80.3851113774285,70.3307187579745,50.2386487354676,40.1916641237973,100.977645289088,90.9869696185271,61.1102870926089,31.7566595751855,22.4413181281833,92.6158860933897,63.5148036805752,36.1675824473012,28.338549768111,22.3657684825713,95.2720896849605,67.3318480722895,50.1385080198845,42.5099910195285,36.08753577852,29.9729326160157,98.8696899627921,80.8991797868842,72.3323543208723,39.964418467164,103.314962243532,94.6435440381449,86.2732741799766,78.296580086783,70.850445955716,53.8479981346899,50.9570696425319,49.9560802347242,100.273991781819,92.4169085737658,85.0211897128035,67.0997024806152,60.7808336901467,114.322821259665,99.1847458710868,86.1137054623509,70.6523931916624,100.113378070055,94.4058203756742,89.4617889759489,80.5513719974387,80.5516369053268,85.4144616432596,102.999893371114,90.4743825811871,90.4689980105028,102.986884224136,116.687733084778,107.686985420123,111.810374394024,130.472930064979,117.011301915643,113.941740655181,111.707655515711,116.998579732199,120.815266726991,126.435702268503,121.550926266918,120.301391770547,121.538830191428,123.600659943482,126.425083993509,143.177163994512,139.243152243105,135.943306203796,131.408425145583,130.25500903294,135.927127070193,139.228716832526,143.15637805995,145.514831672527,140.20676401602,161.278399232849
"22089033",67.0801929094767,72.1976708964317,85.0446031814442,92.4274271450843,100.285546412311,108.506004425937,64.1304566508928,58.3538772453422,53.8546627386575,50.9713006787057,53.8575950738245,58.3571234033005,64.1548260000662,78.3164969439923,94.647274636012,64.2060180811743,39.9753352165562,41.2471711230786,44.7403828619267,56.6893261399046,72.3800894083205,89.7741555610835,98.8737667263412,31.6686462593585,31.6205537323549,50.1425551598007,44.8884336158606,36.1677400639594,22.370666963978,19.9887190896676,22.3738128886778,36.1701198382971,63.5125773341275,41.4151979799874,31.7585140294968,14.1700563672344,9.99444170116774,14.1730873262808,31.7569504434967,61.1092726685607,71.040118673501,40.1910902372682,20.097089534715,0,20.1001304208887,40.1880149229898,60.2882161334527,70.3321568541106,80.3791635513656,31.7585310030518,9.99178914777368,22.4410444531711,41.4104623833429,51.21901166247,90.9677284449045,19.9808743574946,22.3620389127716,28.3371947152406,44.8781226215328,54.0608160638538,63.4780944507742,73.1113985743833,102.435733761108,31.6130394969211,29.9729078633485,36.0838321449455,42.4979588190605,50.129754363762,58.4889459842896,67.3128601499112,76.4441620992618,39.9623207795912,56.6716417898529,98.8533236466421,108.115171577208,58.3400397359419,70.8372263396423,94.5419069362838,103.242884711653,78.2005292637146,85.0031888123959,92.3988461243103,80.6552951401097,92.321090368435,85.4103137742654,113.333678067754,114.140391485452,120.579006815617,111.807555891245,116.666117190857,128.202501021332,141.658797859867,125.315826482034,130.449769426479,136.125286690541,148.866384593094,144.303436346693,164.155790885107,172.162198386954,121.302262214783,112.223586206539,127.035704778267,117.545159863198,98.8728059433056,80.9033427726645,124.257803857455,104.862146909862,85.7974944158922,122.232921329782,112.330851185235,102.452704442494,82.8313475987429,63.5138555530862,90.9859569299384,81.0035882673016,61.1121496575912,100.482200628258,90.4278080469401,70.3357381906601,60.2887535907296,120.992107411195,110.984127699715,81.0032039059268,51.2246530900954,41.4147909074261,112.322302751246,82.8320502026028,54.0703723145353,44.8842874622505,36.165130461228,114.521994521971,85.7937960800893,67.3284159469233,58.5021802068887,50.1385621177093,36.0868509624076,117.531230645124,98.8712079402257,89.7708915403562,44.7334398544793,121.293964859958,112.213519192618,103.313610045079,94.6421197618574,86.2711590577097,64.1181359827683,58.3470343292322,53.8478186498061,117.000554660757,108.496136725183,100.275989031788,78.2155896323685,60.7817389541187,130.796566847863,114.315394275533,99.1890455070983,70.6536452689795,113.35395996066,106.467122527202,100.111611694212,85.4183409434348,80.5532159245135,80.5504180684421,114.156352750963,94.8327922719442,90.4708910818119,94.8243335583143,128.227220825591,116.685552365649,104.341061875799,142.313778527501,125.341637532313,120.821634343863,109.887460474185,111.70489476607,113.938471005849,134.181711625011,126.43554469895,123.612261343035,119.869727718286,120.291870914205,121.543030882367,152.727240483519,147.685338913388,143.175160304309,135.939606633764,133.316948532088,131.398983612751,133.306145988709,135.926553891793,152.293950987763,140.207424728249,152.269216407374
"22089035",60.786584254929,63.2486784106335,72.1916408385288,78.2196479194409,85.0208152894846,92.4176145758075,78.3062698428072,70.8542182037979,64.121636126806,50.9637585480338,49.9598385263038,50.959677895745,53.8822652276797,64.1309687712583,78.2928061552398,80.9063832816712,44.7373795428382,41.2441518895703,39.9663694304828,44.7381978548476,56.7215427538639,72.3278589031984,80.8945703353027,42.5954845811051,31.6121289548153,36.0894306067964,63.5181307939683,54.0710187246037,36.1644763117433,28.3431091606662,22.3686989026349,22.3639877036748,44.878204474101,61.1131819183704,51.2280860020849,31.7584554864066,22.4429233264676,14.1697817397258,14.1644274454968,41.4086405604645,51.2166111068673,60.2912199696353,40.1972194826446,20.1001304208887,0,20.0878868014901,40.1880875275826,50.2320285415309,60.2790350688691,51.2309110947703,22.4533597882783,9.99404763301011,22.4374615033564,31.750647790812,71.0247142047891,28.3494242402636,22.3717108846108,19.9882326957148,28.3355925307117,36.159812193744,44.8366275615551,54.0595728693844,82.8170486592002,42.5171761969978,36.0960308227752,29.9797593785728,31.6096102787234,36.0839929591099,42.4999003293882,50.1251022467258,58.4909059210883,44.7405018573908,44.7313687574605,80.8828130112554,89.7505307597156,50.9588755745132,58.3402329763757,78.2069488911274,86.1947297757886,67.0917749639943,72.163749973043,78.2036796203034,72.7681432555621,80.6567326849537,80.5536434976589,100.097821051331,102.991137783942,108.234730077036,104.344845733158,107.675792924254,116.668651030321,128.201043524122,116.994586570543,120.817972542701,125.323991591909,136.124181408147,134.163651992077,152.697560540764,161.275071390405,139.861846065978,130.526898561886,146.250872707776,136.617268277119,117.537335452605,98.8768222693558,143.845331469608,124.25510289682,104.864785874831,142.100257597569,132.158170181165,122.229018838284,102.45163007509,82.8335133068168,110.986096523721,100.980256339716,81.0078621779766,120.582330844119,110.527938233306,90.435868192222,80.3888835784034,141.033540114413,131.015371658564,100.980644492527,71.0477377513798,61.1149100575091,132.150374221545,102.453929773985,73.1271076111897,63.5178836688524,54.073478287886,134.025175338058,104.863406419844,85.7962690546947,76.4623326064733,67.3346638183946,50.1451802094148,136.605371624486,117.538482000125,108.141277411159,56.6879115236929,139.855820452855,130.519984247634,121.298738793801,112.218108606808,103.317838011855,78.3033592648873,70.8577521107057,64.1264006529999,134.657420917238,125.742244800817,117.008794142936,92.4224871999201,67.1059963125755,148.172828140126,130.796380770406,114.326415877287,76.1637318634872,128.393506528585,120.695140124334,113.359940812048,94.4092017679619,85.4282612096033,80.5599163240247,127.52944397558,103.005097151702,94.8385441349945,90.4753594388792,141.696776279805,128.234123157066,100.406402811393,155.862026011455,136.157840830813,130.47031609096,111.718804707728,109.892497115462,110.347732929676,144.336879597169,134.189426658216,129.988585529949,121.552900760899,120.301188162401,119.880291985197,164.199289585575,158.250084067036,152.733216318124,143.180381774287,139.248093902202,129.863305468873,130.252204211178,131.405713901758,161.313976343343,143.065970510427,145.499978918529
"22089037",60.8247818272764,59.9826979166346,63.2519635566942,67.1131306709956,72.1838496874474,78.2262417774986,94.6489953167773,86.2734918809676,78.2990399321321,58.3538365012198,53.8536039996159,50.9642035513355,50.0012862222637,53.8697828132711,64.1231373140049,98.8744901113815,56.6829892177281,50.0919168417323,44.7385062645685,39.9804911097609,44.7815773706301,56.6862414585352,64.2041895247291,58.5956891594722,42.5075922529207,29.990960713307,82.82956548621,73.116983991361,54.0613817753368,44.8854281076439,36.1657695227181,22.368356611439,28.3429360118129,80.9984954387653,71.0394914720935,51.2199131829735,41.4101188270918,31.7529879572272,14.170864214505,22.4455151352545,31.7588321670085,80.3791051571469,60.2851044511112,40.1880149229898,20.0878868014901,0,20.1002012151234,30.1441420432381,40.1911486997561,71.0397334191164,41.4155104452768,22.4371889822853,9.9905353860506,14.1712335792924,51.2140608322637,44.8847904571799,36.1617522597828,28.3382153501959,19.9812377621578,22.3656501904539,28.2693633874594,36.1637979444249,63.5075374496508,58.4979947123029,50.1367805824283,36.0866478437693,31.6104661502766,29.9720866759502,31.6066673697349,36.0795183272747,42.5042267368543,56.6779213452341,39.9630903389212,64.1891094810699,72.3175893543072,50.9555003805994,50.952469064436,64.0477792982267,70.7662155839345,60.7775612075431,63.2181913844192,67.090970580265,69.9372906744801,72.7627731323591,80.5507654983644,89.4506741051031,94.8292627841483,98.4719856617598,100.40048532327,101.896560964376,107.673106805307,116.664145075494,111.699883194152,113.940871038651,116.995972266052,125.318882354296,126.419729140686,143.149671526924,152.266369707687,158.789527360654,149.286088557326,165.667540672692,155.939431753957,136.602071438665,117.534253401703,163.547725652045,143.83318685877,124.249438608276,162.014543969367,152.046779680963,142.086013234413,122.218079566658,102.444533190595,131.005668128099,120.986740455671,100.973725360517,140.670215077302,130.615822571223,110.52375296845,100.476768396897,161.076532355541,151.051796348719,120.985400403318,90.9787908986536,80.997957298374,152.035969185473,122.217012997995,92.61108080181,82.8248738956589,73.1144815362843,153.667582850492,124.243104087477,104.850525526673,95.265242157396,85.7862424615985,67.32421881307,155.922117721883,136.597246969043,127.020624429819,72.3285195285737,158.776696384536,149.272466061444,139.844637273036,130.508159400542,121.286385169496,94.6381732046669,86.2681792739884,78.2942020049902,152.902072895951,143.71496198436,134.648674809379,108.491086926593,78.212249858588,166.147637051619,148.156251337717,130.7898380041,86.1089810501597,144.649670201418,136.390959497943,128.382132902306,106.461234345639,94.402010675428,85.4195936004409,142.473403978738,114.151878570806,102.995235632641,90.4721656836789,156.575949674506,141.687155479809,100.403365385474,170.688296938906,148.895571786873,142.302100896449,117.00814876554,111.710377455058,110.344846724988,156.408930191358,144.327284581198,138.985708270911,126.43241325708,123.606452082866,121.548524371712,177.196610789287,170.519501646438,164.187916039833,152.722252434145,147.679789969985,131.404561073315,130.24932244745,129.858701300656,172.199269703385,148.595054461938,141.276901353828
"22089039",67.1663221046576,63.2630898942809,59.9688181200011,60.7951851259957,63.2317405158731,67.1059057387419,112.222417632067,103.317672231913,94.6481825760429,70.8567319186341,64.1235457481546,58.3520097602622,53.8874432443903,49.9752821688603,53.848847339109,117.540392875731,72.3360827845563,64.2268786885725,56.6858161384166,44.7482123603567,39.9997411553629,44.7367898975453,50.0621261921547,76.5567328595673,58.5009906517923,36.1057881241651,102.450910030981,92.6149671618641,73.1158118143825,63.5165290848789,54.070301560026,36.1673093298738,19.9845916889226,100.975674059519,90.9837877368516,71.0423273247019,61.109052097586,51.2238174749361,31.7593850461492,9.99235260627569,14.1696306871967,100.479306362324,80.3853056560086,60.2882161334527,40.1880875275826,20.1002012151234,0,10.0439410602224,20.0909475520594,90.9839517048759,61.1145767221911,41.414183616203,22.4465539599125,14.1761255690202,31.7439567807877,63.5167540278251,54.0683150727287,44.8872309801375,28.3440135205936,22.3708367445183,19.8817388006223,22.3662689680229,44.8782319553044,76.4556661825872,67.3303131901876,50.1409250375916,42.5139310535799,36.0902834331032,31.6130517178628,29.9725503111416,31.6101463303948,72.3331363951124,44.7351494069611,50.0524609649475,56.6661891804119,58.3482437800584,50.9571303106814,53.8058839977838,58.2502878738483,60.7827227360923,59.9436978710405,60.7791746311173,72.7710960533615,69.9372919516699,85.4207861225591,82.4062135712741,90.4758356852868,92.12129414577,100.404923131741,99.8998248221733,101.897792875489,107.669780998464,109.883297974527,110.345634263098,111.704351075341,116.992337224244,121.539994685028,135.921617396112,145.492706713403,177.981749867629,168.362005580541,185.238064177323,175.444228570137,155.934197767737,136.607934338328,183.34491491469,163.545912148372,143.83793789841,181.978543772427,171.993213510093,162.011390358575,142.086028808383,122.221671110314,151.055253179158,141.02820980698,120.991747817167,160.770416077931,150.716023606782,130.623954108132,120.576969550885,181.142112999139,171.112948829497,141.026520474776,110.979245790964,100.97500506209,171.981545988237,142.084298472979,112.321267945366,102.445921615159,92.61228433611,173.425280601447,143.830611559375,124.244321831905,114.518918939403,104.85462662542,85.7901956780381,175.425568422708,155.928092522493,146.235917787224,89.7709679217907,177.967107608912,168.346926600653,158.779814041473,149.274834226714,139.84660162531,112.211774438709,103.312437552716,94.643566630818,171.57272605909,162.198503588171,152.907527455691,125.73468844836,92.4153860036176,184.572439172074,166.145896650807,148.163901804068,99.1878122120833,161.782668990947,153.130316211019,144.652837174085,120.686057736776,106.467035521435,94.4052815672871,158.571496267307,127.52097756813,114.155770269551,94.8340519658308,172.527610667541,156.581326332732,104.351334832842,186.51561284602,163.132272161595,155.847162806161,125.341737629823,117.010212986847,113.949264413032,170.017043830875,156.412455389582,150.158924850625,134.183238480044,129.978557747235,126.436731930715,191.436406050583,184.180593112941,177.198870899078,164.190706174627,158.238422226175,135.938927214568,133.31706826049,131.408374975966,184.647277762005,156.535971802552,139.845459880299
"22089040",72.2493646460857,67.1365487075612,60.804452665733,59.9609661563122,60.7912087443926,63.2352815057504,121.299218144942,112.215364922988,103.3160460613,78.3004376952268,70.8540124297579,64.1212685644583,58.3833965162222,50.9751362647408,50.9613050605132,127.032550842924,80.898931985318,72.3568672173981,64.2009168452112,50.0722836471173,41.2355659624342,41.2158995842558,44.7404107644305,85.8885970484095,67.3240550419971,42.5265980471948,112.319506509825,102.445751070942,82.8232725339861,73.1192528118269,63.5121280140974,44.8838820379083,22.3698305477425,110.975026387142,100.973254125186,80.9991019031954,71.037138788602,61.1065999468547,41.4143952561989,14.1708315213286,9.99610410614066,110.523247034828,90.4292463384609,70.3321568541106,50.2320285415309,30.1441420432381,10.0439410602224,0,10.0470067100986,100.972867186358,71.041951640286,51.2184513124624,31.7561860867572,22.444257790731,22.4340373182721,73.1182959423663,63.5090706607735,54.0652936301831,36.1660778801292,28.3413052934982,22.2739865731123,19.9842841980561,36.1629357582308,85.7849530787162,76.4538717648788,58.5002505440465,50.1387902688671,42.5097779703541,36.0858972213862,31.6131886228321,29.9724881207197,80.8941422845174,50.0574959069981,44.730279810087,50.0483559642525,64.1154644496548,53.8457249912282,50.9354119505858,53.7466873870294,63.2241485298062,60.7796359883938,59.9437261890329,76.1583636690232,70.6550364054438,89.4591129972745,80.5491337690137,89.9168411413467,90.4642174199199,101.900965552818,100.403407828391,100.402067259209,104.339553596022,110.341991372588,109.888031305935,110.341696773252,113.934948483898,120.289021410221,133.299551403097,143.046369525899,187.64392108583,177.979342284268,195.058228043305,185.238914206318,165.663479010648,146.242706013189,193.261286899225,173.430016346325,153.676217970663,191.965349185691,181.973284932932,171.983522480693,152.03713769753,132.141110633965,161.078791706586,151.048824875766,131.004254882985,170.81435638214,160.759963959258,140.667894619797,130.620910092487,191.171340286861,181.140474240589,151.046645919993,120.985512728001,110.973833555352,181.960679364156,152.034445698811,122.21749508485,112.3134704975,102.441974484245,183.325539533504,153.667461421181,134.012702661729,124.239721398996,114.514586586626,95.2648939870699,185.218551175088,165.655572529802,155.920612427923,98.8646388234309,187.62710995405,177.962175066783,168.342048528204,158.773929683685,149.269637056031,121.286491851848,112.207823093142,103.308978809262,181.016192175136,171.569938376581,162.193606413898,134.647176212696,100.26975952724,193.902972456139,175.30602423391,157.088256827489,106.54386938672,170.585470629908,161.780517366366,153.12297295707,128.382346142143,113.351486082698,100.1105116743,166.939596341792,134.827126706018,120.601941272568,98.4868643279149,180.807230259933,164.4378118399,107.681701771016,194.718477492885,170.68700907481,163.121060817642,130.468039236083,120.82741446502,117.006695595525,177.278174080914,163.043197399865,156.410187393692,138.984214919003,134.178842856593,129.977204725546,198.929523645727,191.43102759862,184.176545413665,170.519096456349,164.18125532461,139.237834069295,135.939352675915,133.313591425881,191.353724697275,161.295554415084,140.205737188245
"22089041",78.296459270436,72.2084523052188,63.2426064597096,60.7950852199527,59.9523937306337,60.790935695991,130.519463631313,121.293750981923,112.215016165552,86.2735955144498,78.2980466205015,70.8511578528561,64.1489911282669,53.8607901746461,49.9587059254849,136.605699428704,89.7707106242801,80.9190566514413,72.333432491872,56.6906797237702,44.7482897063656,39.9705200766935,41.2147146525855,95.3672180871278,76.4506674224828,50.1520088616716,122.219212688943,112.316747993541,92.6048805479717,82.8289570577712,73.1167353886275,54.0647939393738,28.3407904052747,120.984576280161,110.975341080535,90.9777631504114,80.9964747508129,71.0372227972797,51.2216350079915,22.4411042253555,14.1714319654011,120.570253740817,100.47625304263,80.3791635513656,60.2790350688691,40.1911486997561,20.0909475520594,10.0470067100986,0,110.975035847272,81.0014795703369,61.1041325511269,41.4141262397614,31.7573963166245,14.1651766553323,82.828524170522,73.1145117524194,63.5098202098115,44.8855532377771,36.1672344977385,28.2662201023306,22.3703835709567,28.3410692681004,95.2635263515827,85.7872271229573,67.3257264069742,58.5030581978472,50.1381875504256,42.5102490640464,36.0900873003056,31.6148368198918,89.7670891502226,56.6790453018326,41.2102056532586,44.7268521236345,70.8479306390511,58.3466635411166,49.9581139786775,50.8557560840706,67.0994931038649,63.2243245865132,60.7829318484295,80.6658190601364,72.7690484774675,94.4017342000854,79.9235025735046,90.479512508888,89.9082709811995,104.350306700821,101.90276519112,99.9015857676817,101.896598655454,111.708937033161,110.349689423616,109.886807879847,111.702315789498,119.872327540631,131.397239353402,141.275739124518,197.346424364717,187.643540370653,204.902510559377,195.061339792414,175.430533845672,155.931320722228,203.192783244555,183.334032164478,163.54196990054,201.960578272126,191.962758559557,181.966274470867,162.002380340342,142.080661669308,171.107610665249,161.075221740377,141.024080636,180.861363060636,170.806970647049,150.714901327266,140.667916801678,201.205244722337,191.172939625691,161.072981514801,131.000828440511,120.983435453902,191.949929635892,161.999575709245,132.139491179697,122.213268338568,112.313124558719,193.244113042761,163.533042455535,143.82266005571,134.011836891273,124.239145253243,104.849396713485,195.040661422957,175.422377086038,165.651780786799,108.130562599368,197.329159894346,187.626080583539,177.961124786553,168.340085527584,158.772650396748,130.507227508217,121.286694656202,112.208532740624,190.524914240175,181.017377460081,171.568984232504,143.712990862467,108.490141556741,203.305382214418,184.562076972153,166.144487794433,114.314006880719,179.52265487435,170.587591194835,161.777418585793,136.388529589983,120.684165802915,106.463737647178,175.487728827361,142.471283950095,127.518436585854,102.997165805696,189.261868716431,172.525578723887,111.821918317712,203.090956865577,178.491531195873,170.680449783747,136.14753947082,125.33914080052,120.827973433494,184.804266528951,170.013232230432,163.045134959626,144.329564021377,138.983370165129,134.181659172553,206.643416350559,198.928661798011,191.431254019837,177.195311509943,170.51319938127,143.170629963218,139.242182200866,135.939749532334,198.34641047398,166.529616083661,141.284201436651
"22090030",92.2962313380874,99.20927060909,114.347526749454,122.436288397492,130.808836754169,139.402476377106,60.8002264444297,59.9576740391066,60.7930239917874,72.1901877448533,78.228214851549,85.0321819563927,92.4510316487485,108.518830824659,125.745287321563,53.8551784617402,58.3580716876379,64.1479867276737,70.8576149752195,86.2810033590129,103.362723964525,121.298618755489,130.521505758827,44.7142991264204,56.6899506231381,80.9014688387871,31.6164140401377,29.977925381938,36.0991950231659,42.5157247127858,50.145540567277,67.3340377420751,95.2711083367317,22.3677676203081,19.9872834802904,28.3423141531323,36.1713639284673,44.8898404338954,63.5154813718912,92.614172808427,102.447521566994,14.1690841719543,14.1709718066901,31.7585310030518,51.2309110947703,71.0397334191164,90.9839517048759,100.972867186358,110.975035847272,0,30.1411974942129,50.2414817557943,70.3325697095503,80.3796865451251,120.561852662671,31.7528309692617,41.4131715883665,51.2218460945409,71.0354901309142,80.9954852176801,90.9683793529453,100.96726235339,130.992541336214,28.3400380890123,36.1626423939409,54.0639672216034,63.5012847826526,73.1108694238427,82.8177036141656,92.597736442659,102.434918607664,42.5044446720622,76.447071540241,124.227520276704,133.996289804541,72.3229559174819,89.7558930898675,117.418871968055,126.970791032987,94.6234197446253,103.293627578292,112.19227160395,92.4023224572808,108.47706278835,92.3176017237114,130.766339402236,128.365721407001,136.362065755995,120.581791835135,127.497503472435,142.447502396189,158.53528370812,134.716191382467,141.65812808224,148.948417357065,164.400704781945,155.817268042989,177.238341541046,184.135983783567,100.28212352674,92.4247995896014,103.317724875367,94.652920742365,78.2957418587122,64.1220823069247,98.8767746200208,80.9018376830711,64.2016101963569,95.2771214901242,85.7974386252874,76.4576172220204,58.5003548401154,42.5095932058219,63.5136573059712,54.065745659769,36.1651736537194,71.0405517863905,61.1025601940832,41.412250595528,31.7547538915252,90.4314019763585,80.3862382707468,50.2377025915195,20.0947375204721,10.0458360490538,81.0017787292342,51.2230188735961,22.4432871874226,14.1675780390486,9.99044023742313,82.8299862270313,54.0697967581279,36.1649134190045,28.3390192675563,22.3662955049001,22.3653778880041,85.7886587308696,67.3285369110918,58.5012650870807,31.6116064630666,89.7705817684532,80.8964517699146,72.3316690402155,64.1962979974203,56.6794743568796,41.2094261827357,39.9644807462101,41.2073460548602,86.2679774722031,78.2949503800818,70.850218200737,53.8462457141754,53.8428875868565,100.276012762536,85.0137742349744,72.173879721813,63.2204903733137,86.1088009104296,80.662175655297,76.1534626044823,69.9300058911603,72.7597595501299,80.6523892209783,89.4612968655213,79.9228133043479,82.4040420207815,100.097546179664,102.999231195058,94.8320496049103,108.23643094227,116.68130959462,104.349182554218,101.891769773383,104.340728098272,111.80667727528,116.662887417573,113.945566008682,110.344933309232,109.889200656186,113.931449297715,116.994730792835,120.812731782118,129.976706338844,126.431138752374,123.60681852419,120.291226473129,119.876006489334,129.957824555588,134.161159311976,138.96090817709,133.31507420023,131.399516232259,158.211892201447
"22090033",76.146775407138,80.6929262792549,92.3651255099687,99.2040059449342,106.56320016124,114.333561299159,72.1860053733717,67.1061526337582,63.2333318032363,60.7994869532586,63.2388849673934,67.1128752763462,72.2164860447301,85.0440826414475,100.284178574423,70.8559997712552,49.9671237951983,50.997156757306,53.8564041481098,64.1311637756427,78.3488966217634,94.6499017704323,103.321224434105,41.2571208415377,41.2175236242523,56.6901613591864,50.1380202012537,42.5095438481535,31.6176526723209,29.9805075143803,31.6224793118772,42.5180721248572,67.3315640281275,44.8819368537236,36.1650329489927,22.3653317900794,19.9862307404842,22.3724207601956,36.1709147566969,63.5165458264772,73.1218642923657,41.4102725453299,22.4399016435288,9.99178914777368,22.4533597882783,41.4155104452768,61.1145767221911,71.041951640286,81.0014795703369,30.1411974942129,0,20.1002844525733,40.1913722184861,50.2384891638611,90.4206553607945,9.98908562900513,14.168245487378,22.4432095269784,41.4115272789012,51.2198618209615,61.0939994239762,71.0370157542168,100.965808721631,22.3640529219141,19.9811194290023,28.3386169201709,36.156350743022,44.8799147431758,54.0582576906437,63.5009913897474,73.1101006927189,29.9705322637397,50.1321468139587,95.2560267567734,104.836770373169,50.053762755846,64.1863735385275,89.6673603440583,98.8090957766159,70.8355131433441,78.2812696357587,86.255312592339,72.1653521956503,85.005223670828,76.1440040623058,106.525830179428,106.449419558395,113.326916980172,102.979731450733,108.235482579863,120.581370952593,134.800899567776,116.655409913262,122.153544224082,128.197245209018,141.65359435118,136.118955506715,156.373065866332,164.15125381298,125.743072139341,117.010250900869,130.519042077782,121.302394937793,103.311887768431,86.2742383789099,127.033212740553,108.138620421569,89.7735348008185,124.251914190105,114.525704722399,104.855163821141,85.7868342343936,67.3248039880239,92.6118548712212,82.8263144207075,63.5105940056228,100.971786538345,90.9723114178794,71.0367125771269,61.1060380881568,120.572598903359,110.5274353312,80.3788997788913,50.2359350000328,40.1870335158091,110.974236518587,80.9980972384228,51.2211309379853,41.4093635017123,31.7515151863906,112.315095173213,82.8275942831669,63.5084333430493,54.0633958076739,44.8813040316515,28.3363656175204,114.513574950309,95.2663336966478,85.7848408577675,36.0846710723565,117.525447625418,108.130218829933,98.8640284953024,89.764748876664,80.8914450592952,56.67676683204,50.0562453309256,44.7318783719894,112.204061264237,103.306263279464,94.6369217284853,70.8452043550628,50.9534229718747,125.731643286741,108.486107897747,92.4115729179934,60.7793973238501,106.540005685763,99.1819683946398,92.3272429477372,76.1493510363131,70.6499375579895,70.6480889041196,106.460631148323,85.4166051898979,80.5481226049665,85.4106908835771,120.600770226251,108.250943040929,94.8199221172561,134.743814094182,116.677697826528,111.809476103364,99.8956719315413,101.892456672142,104.336758761856,125.332878291215,117.00339250235,113.946879347721,109.877938932502,110.338426219896,111.701411640206,144.323419115985,138.977784296209,134.175604379413,126.42746769852,123.60314006076,121.534740890761,123.59427562822,126.416523265981,143.170781484051,130.242971449016,143.148812211379
"22090035",70.6653699403219,72.7958878464139,80.6867746164799,86.1214505325562,92.3419945792374,99.194760918859,85.029243622513,78.2200261073657,72.1782540484754,60.7929324686223,59.9538854503492,60.7900888896169,63.2663801395613,72.1924558107445,85.0206484585125,86.2783694850824,53.8521164169554,50.9939973128787,49.9604160719327,53.8567148956447,64.1631472862106,78.296989460964,86.2732581165012,50.1349415612757,41.2096234312584,44.7416400007064,67.3294778744794,58.501992155631,42.5081503027904,36.0895291333062,31.616274171172,31.6146383930618,50.1354364048055,63.5122027663141,54.0687420089547,36.1637320196883,28.3379642979439,22.3656606687458,22.3661849844635,44.8827041071061,54.0649559157601,61.1087605644188,41.4153179361137,22.4410444531711,9.99404763301011,22.4371889822853,41.414183616203,51.2184513124624,61.1041325511269,50.2414817557943,20.1002844525733,0,20.0910885469604,30.1382060958539,70.3203721375139,22.4476015218722,14.1713693543979,9.99418509279424,22.4370791968428,31.7502728213833,41.388098341731,51.2158039878683,80.9895722014918,36.1675565623245,28.3444239910219,19.9857118339957,22.3602065102076,28.3350119485129,36.1549658859893,44.8718169270458,54.0570069305163,36.0905219998997,36.0834068907926,76.4415490285432,85.7704137164807,41.2085325238378,50.0507210572489,72.2350282293933,80.8281108325677,58.3362973936721,64.1053099624406,70.8358332758479,63.2233455157015,72.1639678166781,70.6488569372685,92.3156777589851,94.3925980187922,100.088899994882,94.8210807611809,98.4749114446466,108.235183460842,120.577237382849,107.663425315789,111.805994507909,116.66102661939,128.193549244622,125.315534910291,144.295272769375,152.69114834937,143.730470754953,134.664630565198,149.286483456761,139.863026447328,121.295144902145,103.3173883102,146.249278911248,127.032084052259,108.141669588726,143.84026470019,134.028289492911,124.249190647275,104.854933333904,85.7897092949843,112.322091145725,102.447317444242,82.8310986314801,120.989708580455,110.972865518996,90.9808605573519,81.0021955439618,140.672883355077,130.627719774346,100.479184197316,70.3362192728227,60.2873177022228,131.005305000936,100.975394196535,71.0439614679096,61.10913655236,51.2235239090859,132.143024694079,102.44901224238,82.8301391582919,73.1194801214134,63.5140543816196,44.8870300312241,134.01636137286,114.520907984317,104.853921788062,50.1409373436235,136.598664739517,127.02470158043,117.530058791834,108.134260004724,98.867699578324,72.3330156395829,64.1996826190956,56.6839831515392,130.50950925962,121.290447386354,112.211486705459,86.2714536048914,58.3483005710294,143.719632627865,125.731297635952,108.4960794681,67.1009965068454,122.417056702338,114.317634658932,106.545063867171,86.109904697514,76.1575160338021,70.6545669644645,120.686761897028,94.4040737858397,85.4207700677298,80.5509896309478,134.831734021769,120.606937923115,90.4682325255636,148.979532367374,128.223881787479,122.168910085869,101.90305204708,99.8984497084476,100.399485559544,136.146734116897,125.338941572656,120.831015741073,111.708197976334,110.344980019705,109.886244586886,156.410345751817,150.153606678186,144.327938972903,134.179372738983,129.975053500616,119.869258073655,120.290542825852,121.539020704484,152.727630219789,133.312014866279,135.922894401974
"22090037",70.6950510988034,69.9732331826248,72.7934320840715,76.171169925556,80.6736047462408,86.1224763298166,100.282680615284,92.4185308576941,85.0223901521963,67.107366320531,63.2327435949949,60.7907581786901,59.9918215727956,63.2482765562381,72.1790356780344,103.317453153474,64.1207174406809,58.3809013356339,53.8518578146537,49.9710264946841,53.8930244383844,64.1232442987914,70.8563106963238,64.2854175329006,50.0569002066451,39.9814959825982,85.788866292984,76.4534052418327,58.4961353236908,50.1383102861445,42.5106340210471,31.6150510237227,36.0896926430174,82.8256603632518,73.1164236359172,54.0634425318599,44.8803827883309,36.1624509922636,22.3680457591894,28.3423548122827,36.1682607009578,80.9967448308494,61.1064612209476,41.4104623833429,22.4374615033564,9.9905353860506,22.4465539599125,31.7561860867572,41.4141262397614,70.3325697095503,40.1913722184861,20.0910885469604,0,10.0471177662124,50.2292835906273,41.4143980102646,31.7528846112281,22.4406772011354,9.99070247034623,14.1687623583947,22.3992749483096,31.7537000042592,61.1025294773334,54.0632309738871,44.8837594520138,28.3396182734832,22.3654762541625,19.981551352096,22.3601428359057,28.3315507767054,36.1595178644195,50.1362281807921,29.9725549762995,58.4926957065814,67.3130695131546,41.2082649029968,41.2048810267894,56.6012261604813,64.1206165236755,50.9509208800139,53.8389097773987,58.3372962313878,59.9467553426899,63.2204603020787,70.6493435914988,80.6489730367487,85.4150674121093,89.4430436352317,90.465453879416,92.1229076388195,98.4740857805129,108.231833794937,101.887703443269,104.338964598768,107.667025723378,116.657329463377,116.989555706889,134.152417465625,143.145100773404,162.209041102366,152.918632874117,168.35542358026,158.792653825018,139.850253861443,121.295120812951,165.668265676633,146.240957794197,127.02913705306,163.545283454919,153.677477642317,143.829905555154,124.241809843462,104.851242548605,132.14197991797,122.216391727143,102.444594755699,141.022446704614,130.995382620182,110.972911285251,100.970866474253,160.763970594011,150.718807154249,120.570271764194,90.4273072016756,80.3784057342457,151.045059876284,120.98361353807,90.9785975436271,80.9958220569099,71.036119841931,152.032327261189,122.215774493513,102.441291750836,92.607376944627,82.8250194446465,63.5087082451378,153.662620782694,134.01328934575,124.237655626566,67.3244143108764,155.919165716724,146.230013885568,136.592568217872,127.017744772451,117.522696700413,89.7652210624538,80.8929916643463,72.329088329276,149.266071309229,139.840599987833,130.505576631109,103.305643126893,70.8456610095782,162.192837010644,143.708557662132,125.729614532574,78.2118748076154,139.376409053888,130.785510521295,122.410929971647,99.1802216000587,86.1074848865712,76.1533377036156,136.3870385287,106.459862363087,94.3992891631938,80.5511428880968,150.396124278693,134.827730122523,90.4685796119491,164.432047055238,141.681291403072,134.73624964779,107.679956706482,101.898731750848,100.400013137378,148.888917572728,136.14202125171,130.465724976858,117.003263260376,113.94352920505,111.707742397933,170.008746777625,163.03803924583,156.404013572202,144.322116729626,138.974989154016,121.541198681061,120.291093596804,119.868166002817,164.187730492627,139.233273253185,131.395304268363
"22090038",72.8219509042408,70.6956574291292,70.6838104062436,72.7848896557715,76.1696376576038,80.6770067685526,108.504651049345,100.279014606716,92.4208753400854,72.1828991446133,67.1078781415546,63.2349353929052,60.8299203656288,60.8082780984529,67.1074247535071,112.218849600535,70.8542227850304,64.1515053910719,58.3531968175607,50.9745276859863,51.0018554441439,58.3555482646771,64.1268243146127,72.4244140734932,56.6788258319926,41.2291653075908,95.2687757560361,85.7880304550608,67.3223966820557,58.5029600462837,50.1393374364503,36.0898575105256,31.6192405521354,92.6086373156701,82.827505824957,63.5091000244462,54.0634002460315,44.8825079515812,28.3420977566032,22.3721618795031,28.3457558005834,90.9760568438559,71.0379908070779,51.21901166247,31.750647790812,14.1712335792924,14.1761255690202,22.444257790731,31.7573963166245,80.3796865451251,50.2384891638611,30.1382060958539,10.0471177662124,0,40.1821662217246,51.2213496537195,41.4097644386199,31.7524239613225,14.1678880654696,9.9889099612287,14.0982386667016,22.4397230904293,51.2167225632237,63.5061300350554,54.0640197490498,36.1623702831284,28.3378056973091,22.3634605070507,19.9752057617376,22.3579786450829,28.3329931803638,58.4973539829642,31.6091725958655,50.1287817382453,58.4868982388763,44.7292256723284,39.9594339833556,49.9903430998799,56.5949902902334,49.9490713442064,50.9474468080315,53.8369423169118,60.7805826883348,60.7767415143853,72.7584781142003,76.1417565913119,82.4067355413239,85.4014772861035,89.904045939965,90.4627995698516,94.8180083850552,102.975047061131,100.389844346906,101.891013876235,104.333566492047,111.797363896207,113.929339042772,129.948741949607,139.213364511944,171.586648592949,162.210949188992,177.976463626819,168.360688482004,149.279318929796,130.517760710078,175.436633461095,155.930962349445,136.603962376238,173.433001635959,163.544352581722,153.671715184466,134.015161045973,114.516266254929,142.082408566234,132.139298449064,112.316672272958,151.046366030665,141.01570522877,120.983019744885,110.973570641539,170.81108670155,160.765923379198,130.617388178766,100.474423954163,90.4255225928991,161.071143252606,130.998607846462,100.970486231735,90.9741359108331,80.995130036982,161.996896305636,132.137010687606,112.311595998625,102.439796035202,92.6060377256841,73.1127083390441,163.527360665318,143.822282595998,134.008634460993,76.4500671997161,165.649079471457,155.917260960876,146.227937882154,136.589506188637,127.015254298406,98.860884653226,89.7635653484549,80.8916565588007,158.767518382214,149.265947390147,139.838253286441,112.202918552641,78.2883516993723,171.566420559222,152.89509512131,134.643999293907,85.011686766037,148.150216426533,139.376331186458,130.780138466728,106.53749688171,92.3272612329345,80.6564165272962,144.645021175227,113.344852248552,100.104886173879,82.4067722409168,158.560279393496,142.4688195496,92.1244653560412,172.516786241162,148.970637321232,141.671037444471,111.8154924485,104.343062792348,101.894463071966,155.840918675656,142.300669388525,136.140699378149,120.820483145021,116.999817544854,113.941552770321,177.27059255422,170.004468074468,163.035220807431,150.145369385005,144.314435874693,123.597165870574,121.540801018082,120.286409608056,170.516660415412,143.160859773269,130.23660455939
"22090042",92.4137582541657,86.1439200430305,76.1717318565665,72.7791288671397,70.6616071369439,69.9472389862708,143.720222767235,134.649401650036,125.732999737386,100.272446574177,92.4134577309669,85.016333203444,78.2432351538453,67.1102970515659,60.7862627724426,149.27551989057,103.306274141686,94.6590346876622,86.2675391424354,70.8558553184878,58.3551285168448,50.9622311791743,49.963670897921,108.224792387371,89.7580920715474,64.2056178942035,134.008404271148,124.23380115232,104.838859672279,95.2604851719392,85.7802739246512,67.3179191861777,42.5059658736547,132.12937550243,122.207990483043,102.433973677279,92.5986019560852,82.8171036615507,63.5033414221683,36.1581465611882,28.3366082023858,130.989750804221,110.964978399779,90.9677284449045,71.0247142047891,51.2140608322637,31.7439567807877,22.4340373182721,14.1651766553323,120.561852662671,90.4206553607945,70.3203721375139,50.2292835906273,40.1821662217246,0,90.9699193065928,80.987586690015,71.0281763211361,51.2142323174866,41.4066644897204,31.712005906399,22.4366870324835,14.1758929724977,102.430143980956,92.5993179013102,73.1064462699432,63.5053360220037,54.0585669756734,44.8778700779752,36.1621153108285,28.335242010399,95.2556076526546,58.4917380521801,29.9754226808941,31.6093266173087,72.3197674623116,56.6725782794107,41.2325568894119,39.862553171018,64.1106001218065,58.3389343845178,53.8421799338392,78.2090521300629,67.0948726170913,92.3226922806439,70.6488430517906,82.4133936689804,80.5450673521562,98.4795261377405,94.8246792546812,90.4687473713446,90.4651224167005,104.341067434737,101.899032173381,100.39838498885,100.393724564478,110.338517710912,120.281762483697,130.237264497182,209.708325751848,200.101068574652,216.838284856281,207.077845787166,187.628647763733,168.344780599841,214.758842804606,195.043848697775,175.42322550247,213.124966478663,203.180447410845,193.242144474727,173.413303833212,153.658593406313,181.953684148757,171.967475021856,152.026558879816,191.159444162281,181.119691655557,161.062467259929,151.036224664147,210.993251962532,200.948088809486,170.799553880644,140.656589996696,130.607688711004,201.190794528805,171.090698507596,141.011148556982,130.987290506339,120.971718871477,201.931958218323,171.963377701999,152.020032939512,142.065727784117,132.125695198726,112.302775009976,203.160740334351,183.312173575825,173.404359656002,114.50326569726,204.871388718002,195.02708294464,185.204013158052,175.405697540985,165.637816940116,136.581191224648,127.00842230669,117.515081701114,197.311661108569,187.610968381027,177.946125874412,149.256795517872,112.195122696532,209.682934677522,190.509896014736,171.55643411162,116.985578354012,184.547352610013,175.293929488224,166.126935801607,139.367801597167,122.404785667007,106.534168040028,179.510427780261,144.636629748298,128.372805460413,100.102345840729,193.001845455422,175.476170475524,108.243244097386,206.585546078104,180.793397685426,172.503520980466,134.735818267264,122.165183280737,116.671540649562,186.493673961806,170.67110380705,163.114003447498,142.299754399368,136.134972389664,130.458769469068,208.64311753176,200.503478149903,192.544381212267,177.264501679709,169.991928533794,138.9713699001,134.171404891827,129.967851650453,198.920108379772,164.171159131525,133.305948237159
"22091033",85.4160552115437,89.4935796351124,100.143837025424,106.483312408865,113.370239528495,120.703186311739,80.6755431659446,76.1632151903452,72.7739051185299,70.670310592222,72.7791242285795,76.1693338685196,80.7066392818848,92.3596889261924,106.556797894253,78.2207614787196,59.9562093758052,60.822330372198,63.2337334600407,72.1868995030358,85.0709669849474,100.282040512371,108.504022279796,50.9988359841508,50.9630081484937,64.1275511396129,56.6785034376149,50.0571489672385,41.2121683627028,39.9695931066034,41.2158711513942,50.0649840808396,72.3338621203539,50.1337606865281,42.5084809768944,31.6103997521533,29.975316058621,31.6164701932907,42.5138514841176,67.3303055923823,76.4581014065577,44.8797024103891,28.336070599378,19.9808743574946,28.3494242402636,44.8847904571799,63.5167540278251,73.1182959423663,82.828524170522,31.7528309692617,9.98908562900513,22.4476015218722,41.4143980102646,51.2213496537195,90.9699193065928,0,10.0502131961601,20.0973921049945,40.1885963333069,50.2357731294086,60.2881135188845,70.3301243539492,100.46861281444,14.1677527632652,9.99203382816531,22.4426372043216,31.7484538361193,41.4103274851259,51.2146845291238,61.0979287787757,71.0324259375812,19.9814466347414,44.8802552961605,92.598422039713,102.428254036532,42.5062763443128,58.491766703774,85.6823485888579,95.2179666087332,64.1832487050288,72.3170831168519,80.880869385148,64.109356385632,78.281764729723,67.086842876638,100.251232676746,99.168517664254,106.517907496074,94.3843685618562,100.092261587728,113.328231659912,128.353476746688,108.224633832364,114.12891153958,120.575548987102,134.794658962257,128.190489971177,148.853534784387,156.367921242435,130.799771840558,122.428608769035,134.657646258032,125.745418295004,108.493941571913,92.4178176689661,130.519108913911,112.214350727087,94.6436176641013,127.029951867261,117.534653540721,108.133787843628,89.7654332017473,72.3269793754854,95.2664881671395,85.7844549954811,67.3237968959806,102.441693982841,92.6014318274224,73.1125467059853,63.5075848398379,120.983446891484,110.975916799396,80.9955636126225,51.2187284070015,41.4095944000294,110.520674276735,80.3775732958521,50.2362643518919,40.1854401125923,30.1383102432945,110.971549245907,80.9976458465506,61.1043367569488,51.2184471910032,41.4106217631609,22.4394286263714,112.311140356934,92.6085292194505,82.823258578603,28.3384876251808,114.51180944531,104.847768026083,95.2630620997,85.7832776363187,76.4495935362584,50.1351826566219,42.5083282934953,36.0872813718259,108.125236627072,98.861373218895,89.7638858321808,64.1926972187262,41.2074339433161,121.28469417642,103.301164197122,86.2661018433827,50.9544549023684,100.264991807215,92.4090956397341,85.0105173734208,67.0924386186095,60.7789811279478,60.7770381640048,99.1800206464518,76.1513581149091,70.6480697749117,76.1453838976356,113.347353538817,100.107974157121,85.4074561351145,127.512602917259,108.24735320543,102.982597108592,89.9065863136266,92.1203262155806,94.8169435734113,116.673168335858,107.676268201629,104.346769816678,99.8888533943187,100.394878674738,101.890867764901,136.138905721707,130.458893796351,125.330811174601,116.999249948713,113.941100887221,111.695094501176,113.932343502614,116.987951514203,134.175649828633,120.286087849913,134.15316259531
"22091034",82.4163313518416,85.4515196324376,94.431018742916,100.126607350809,106.477132148347,113.366130269136,86.1223421993977,80.6680813077678,76.1616532953091,69.9486949369185,70.6638517338281,72.7759333592211,76.1983380934189,86.1327614403983,99.192017810721,85.0242445149991,60.7893602469887,59.9843579459603,60.788128929888,67.1099075732026,78.263440524904,92.4191922379016,100.27927233203,53.902673900856,49.9583232212849,58.3548433303487,64.1959200973868,56.677788302072,44.732704943732,41.2106374862681,39.9685683432242,44.7356982710855,64.1959769224311,58.4982643725731,50.136572426487,36.0827206898903,31.6109912828696,29.9731201056865,36.0876353891761,58.5008682624978,67.3266248387665,54.0635966787683,36.1623984576119,22.3620389127716,22.3717108846108,36.1617522597828,54.0683150727287,63.5090706607735,73.1145117524194,41.4131715883665,14.168245487378,14.1713693543979,31.7528846112281,41.4097644386199,80.987586690015,10.0502131961601,0,10.0471796588608,30.1383835875608,40.185560525919,50.2379118142722,60.2799118966707,90.418400672531,22.442173727659,14.1730547989775,14.1703728841642,22.4335347035022,31.7505545485059,41.4045325403308,51.2099207778431,61.0990016935616,22.3687910683601,36.1604955607772,82.8143506575616,92.5926722509256,36.084972750937,50.1282044444608,76.3495400974197,85.734408595214,56.6672695982485,64.1832518495383,72.315593260095,58.3408543252575,70.836980344291,63.2162557630943,92.3931735845931,92.3180154786027,99.1586738000242,89.4455175243087,94.3855947715832,106.441380279831,120.654026729797,102.971001609888,108.23098530263,114.127497097663,127.485351581709,122.145842446494,142.269729961402,150.114678344283,139.395480363014,130.802520293379,143.726328144117,134.664636296971,117.002009256941,100.277711444324,139.856729105948,121.295549818333,103.315206633158,136.606409586849,127.031791818266,117.530850181691,98.8654323742318,80.8935293642605,104.853747502604,95.2657046062846,76.4535292465827,112.315913785522,102.437742508365,82.8254221838931,73.1154593884271,131.00195956476,120.988681050846,90.9774119640863,61.1071157861051,51.2200027110541,120.570887452439,90.4277864900335,60.2864775026823,50.2356532304298,40.1885233587401,120.984300692502,90.9795419342621,71.038416269346,61.1072266544201,51.2215799842741,31.7558240323546,122.21405256913,102.445053245292,92.6083764076101,36.1667676101446,124.239318632285,114.514586456917,104.850513612857,95.2648613375827,85.7858183640945,58.5013404499638,50.138892788689,42.5126140201152,117.522468267652,108.130190786035,98.8643649746275,72.3293353640193,44.7342858371585,130.50822644498,112.203690104683,94.6391317973976,53.8473061450231,108.487919274589,100.270377180176,92.4095847075377,72.1697175553686,63.2245002329277,59.9439858942917,106.542820634864,80.6602555248969,72.7632081833809,72.7587616779817,120.681952441941,106.463494097752,82.4030386599928,134.82565086869,114.150421210991,108.242076426631,90.4694884083874,90.4652377983267,92.1205332818744,122.169651670156,111.81771649661,107.681776482735,100.397007207475,99.8941997338824,100.397391677813,142.303453362447,136.140228028232,130.462797239095,120.821868160474,117.001981585682,110.334806223141,111.699224121621,113.931919511373,138.982144520234,121.54085844998,129.95309690311
"22091035",80.5725897012775,82.4489329894533,89.4917390910225,94.4201505584946,100.125894205393,106.47914028579,92.3470637660416,86.1180123169553,80.6702129678723,70.6686614239771,69.9480703084114,70.6663999269436,72.812826612687,80.6871156067052,92.3412198591179,92.4229187557442,63.233611847419,60.8234810691197,59.9546008177108,63.240168370578,72.2230790550974,85.0244567734728,92.4220468040849,58.4165216857968,50.9601514319646,53.8601218005524,72.3316218488623,64.1963406955749,50.058505194887,44.7369287741611,41.2142421258365,41.2137544268823,56.6811513533842,67.325146221635,58.5014292857761,42.5072510782825,36.0861369390704,31.6141573361598,31.6166014511859,50.1389885817075,58.5025945778712,63.5092417838529,44.883111054845,28.3371947152406,19.9882326957148,28.3382153501959,44.8872309801375,54.0652936301831,63.5098202098115,51.2218460945409,22.4432095269784,9.99418509279424,22.4406772011354,31.7524239613225,71.0281763211361,20.0973921049945,10.0471796588608,0,20.0912042321941,30.1383810437746,40.1907626305182,50.2327323431896,80.3712210365189,31.7537063643565,22.4430822521095,9.99152676948204,14.1607642778436,22.4367054497818,31.7460742020273,41.4017207864843,51.2130729289372,28.3397060294452,28.3344471721408,73.1039364831163,82.810262603836,31.6102962009439,42.5000318625431,67.2241590461924,76.3965115919302,50.0462217406672,56.6659943547397,64.1813970066373,53.8412820972341,64.1048003031439,60.7729855128689,84.996483908018,86.0951746499208,92.3061406844356,85.4043340760652,89.4437767112325,100.088648671205,113.321604117134,98.4618682219906,102.974760415362,108.227013729433,120.569190918933,116.65194996658,136.107499590618,144.288139259428,148.174222811988,139.398264479439,152.917118682955,143.732708321341,125.737822736,108.500243981798,149.285885794077,130.518146575702,112.216744319735,146.245032230966,136.606787563463,127.026782114993,108.133040453597,89.7680134512838,114.51892144692,104.851645822861,85.7883677367681,122.216728818434,112.309921796932,92.6085318009672,82.8267588280534,141.022344551771,131.004572601365,100.97034682278,71.0387031413651,61.10630187085,130.618065399963,100.474964889889,70.3336562517222,60.2828320980678,50.2357022513437,130.999343924806,100.97142807042,80.9974633453259,71.0375522275711,61.1064542802624,41.4125169484054,132.135376404016,112.315452491574,102.440784170731,44.883737119486,134.01026887655,124.237988133038,114.512975373843,104.847937652163,95.2628313965958,67.3245439463757,58.4998908784428,50.1377288474366,127.01509596359,117.522791369416,108.128314451858,80.8919550560539,50.0564601581188,139.84092873932,121.280648882632,103.306351691058,58.3436907229258,116.991146251974,108.488048771822,100.265329233609,78.2086024898992,67.0951322159106,60.778309337222,114.309918829422,86.1049185661318,76.150336821291,70.645974538304,128.37897158997,113.348940282337,80.5436170223258,142.466805073092,120.597151686076,114.139673837077,92.1257473632376,89.9042646869396,90.461075981257,128.213227641689,116.673728906478,111.817158071586,101.892655253588,100.396263331226,99.8920595688531,148.885598019799,142.29911694822,136.138054700237,125.329343560844,120.817362600777,109.875073055889,110.334501480567,111.69463940993,144.323088007026,123.596554357262,126.40989206119
"22091037",80.5948829861329,79.9639351542213,82.4419935094703,85.4381984890815,89.4748820812583,94.4174567448439,106.555723089691,99.1898086917503,92.3378524745874,76.1653036313166,72.7744142101072,70.6632034431766,69.9825239842598,72.7905062970205,80.6699942174858,108.499330265339,72.176551082596,67.1340619174678,63.2303265335046,59.9617287854702,63.2712066651181,72.1806478714698,78.2233218248796,70.9310495742859,58.3439023016047,49.9721980264772,89.7665562061053,80.8919455541097,64.1903306290397,56.6786994051873,50.0585816259507,41.2101361012967,44.7361385229513,85.7830567053507,76.4510561529428,58.4949965442443,50.131552562539,42.505371609644,31.613889316984,36.0899702476552,42.5136432588349,82.8217998090698,63.5066431555914,44.8781226215328,28.3355925307117,19.9812377621578,28.3440135205936,36.1660778801292,44.8855532377771,71.0354901309142,41.4115272789012,22.4370791968428,9.99070247034623,14.1678880654696,51.2142323174866,40.1885963333069,30.1383835875608,20.0912042321941,0,10.0471770265711,20.0996792320794,30.1415284503885,60.2800175098201,51.2159122560454,41.410947768653,22.4401734967668,14.1699176471815,9.99084891487667,14.1643081730018,22.4347377416773,31.7513136301849,44.8815361473176,19.9818526053326,54.0588093084024,63.4988805601052,31.6125228592571,31.6098202414958,50.0504154853381,58.4367356713749,41.2034923481548,44.7258565440443,50.0500313993965,49.9560529123279,53.84156626187,60.7766080419228,72.1584746224492,76.1484870382918,80.642021607886,80.544229664479,82.4015975237571,89.4457454032007,100.087760286443,92.1141310399645,94.8178461752262,98.4685947071242,108.225977607911,107.661069260067,125.306530258807,134.148432019011,166.157921163301,157.101708621438,171.581871231667,162.210131694131,143.719058435558,125.737442905884,168.353977874169,149.27796123742,130.51446966792,165.663440804122,155.930509483307,146.235101309101,127.019442657219,108.129145842395,134.013496780937,124.237841559895,104.849043249639,142.076041073094,132.129409385586,112.310522279214,102.43960433348,161.069605696947,151.04527553321,120.979531056664,90.9742598867002,80.9938857034748,150.709269044827,120.566168868938,90.4248604163886,80.3740363019987,70.3269064668101,151.039488887345,120.980034227599,100.965417851294,90.9727436888306,80.9937283288162,61.1027000749913,152.025287705786,132.134006357232,122.208323506311,63.5068012359651,153.657159581382,143.816543234505,134.006020673665,124.232665578653,114.507396880463,85.78167097624,76.4492249191142,67.322980111342,146.221428656374,136.586492601474,127.012841913651,98.8586860836611,64.1908755892462,158.76705689622,139.832379720031,121.280856908689,70.8437995795909,134.637103577791,125.72334076543,116.98758349987,92.4054049117257,78.2090837891598,67.0942459032683,130.779689252507,99.1769653415245,86.1036131104282,70.6492714174011,144.641154929145,128.378238486674,80.54717715356,158.557113869311,134.820141614545,127.503150391581,98.4808217571249,92.1249561866138,90.4648687105268,141.673032062134,128.211546441927,122.167470960987,107.674517501917,104.341604764985,101.895560405203,163.114691134146,155.836581673196,148.882294953473,136.135678088214,130.453358949981,111.699926288032,110.338361949593,109.877463549518,156.402712395564,129.964230098178,121.531674550671
"22091038",82.465318681271,80.5952752127107,80.5837427726267,82.4318894680714,85.4346119284252,89.4767421351491,114.326568417934,106.550976880238,99.1911523261493,80.6716385794577,76.1642174943072,72.7750784169079,70.7007408743682,70.6791064346779,76.1643803409425,117.006470605436,78.2185006975682,72.2072773315374,67.1041564513963,60.7990483994273,60.8258896705154,67.1076259969996,72.1825933982458,78.3821183092594,64.1144676582915,50.9744714586566,98.8652963143407,89.7656405057923,72.3242876000439,64.195920055703,56.6793963631163,44.7340066782408,41.2130669951996,95.2624746418515,85.7850992012417,67.3212173807449,58.4953429313921,50.133339738395,36.0875086156401,31.6169403345805,36.0924846368105,92.6044910080549,73.1126414868259,54.0608160638538,36.159812193744,22.3656501904539,22.3708367445183,28.3413052934982,36.1672344977385,80.9954852176801,51.2198618209615,31.7502728213833,14.1687623583947,9.9889099612287,41.4066644897204,50.2357731294086,40.185560525919,30.1383810437746,10.0471770265711,0,10.0527693982962,20.0943514257673,50.2328404999451,61.101036346359,51.2181937530852,31.7523691163745,22.4426111849523,14.1684726768613,9.98629589539577,14.1627884333022,22.4378568920564,54.0625268616724,22.3643129492683,44.8770830549431,54.0543558331437,36.0842460699801,29.9705240256783,42.4324790826078,50.0652187841533,39.960161383724,41.2018111561433,44.7253204546283,50.9556916221054,50.9520255684638,63.2179392189819,67.0850240341443,72.7599444247415,76.1365289134522,79.9151359820485,80.5433322593603,85.405901651378,94.3801259049386,90.4565255426822,92.1191438490455,94.8141482561135,102.970553668573,104.329450574859,120.797181258472,129.946556563156,175.323913320842,166.159691783465,181.031107131732,171.587264858329,152.909231968934,134.65557444532,177.974670489834,158.782355496417,139.850431531702,175.431577580966,165.662990984403,155.924892333654,136.59386584338,117.524508389335,143.824441486949,134.010940324718,114.513761445224,152.030442373903,142.069694031961,122.211017510797,112.311459540843,171.098821563309,161.072073972109,130.995302122174,100.966997774229,90.9730836718638,160.75644499315,130.613345159892,100.472036963396,90.4212129285296,80.3740831291409,161.065744611058,130.995193992099,110.967419124548,100.964849537403,90.9722630644134,71.033262448308,161.990120132406,142.073204822641,132.129880134983,73.1112637188058,163.52217439433,153.656500982791,143.815298047579,134.004054117276,124.231153505925,95.2592134810859,85.7813965667173,76.4492547233354,155.90911247632,146.222363001714,136.585039204344,108.123340669477,72.3229073496469,168.332149918952,149.258394712791,130.500305132817,78.2875753998868,143.701425723573,134.638468023934,125.719330715187,100.262290520022,85.0101811498132,72.1665445414837,139.371322853728,106.534991605924,92.3248364587357,72.7598101913991,153.113507195451,136.382310403585,82.4045961066571,166.927677609235,142.462212007914,134.81182581094,102.98812791855,94.8234277953806,92.122546022497,148.963462152187,134.734609991576,128.211778164027,111.812402088012,107.672589317753,104.341506825337,170.671342270256,163.112149723451,155.835241458711,142.295817725171,136.129007511404,113.935474829736,111.701371497036,110.335506373772,163.035517950673,134.165136231604,120.279908551525
"22091039",85.3881916031848,82.3558247576059,79.8505569042221,80.4708753457163,82.3256074155096,85.3377459909856,122.374088121191,114.262476082989,106.48802130007,86.0382104440659,80.5832484591192,76.0712366164864,72.7132977620958,69.8570209642744,72.6743871917082,125.696112563334,84.952282725732,78.1714033091883,72.0953176220826,63.1451289043989,59.8814767971533,63.1354330292638,67.0143690721818,86.3049802663592,70.7768902945813,53.7709360718938,108.098534020514,98.8269457125318,80.8426419192985,72.277117617262,64.1355462370794,49.9790515790598,39.8663301062723,104.822956735345,95.2365828768986,76.4135358366809,67.2795317723905,58.4482024677102,42.4401887143523,29.8740910269021,31.5199648697247,102.423203024716,82.803370341244,63.4780944507742,44.8366275615551,28.2693633874594,19.8817388006223,22.2739865731123,28.2662201023306,90.9683793529453,61.0939994239762,41.388098341731,22.3992749483096,14.0982386667016,31.712005906399,60.2881135188845,50.2379118142722,40.1907626305182,20.0996792320794,10.0527693982962,0,10.042646625808,40.180747569005,71.0513306453333,61.1254918645223,41.4396643276572,31.7936045288362,22.4911317460094,14.2442574079752,10.0908151160487,14.2351759807746,63.5438242024327,28.4129959240332,36.2117369589084,44.9140953337673,42.581857418438,31.7096233253045,36.1095423390434,42.4969285363284,41.306023556857,40.0619592726687,41.301159905411,53.9427172774634,50.0555533103211,67.1851817876077,63.3093629129935,70.7511046909171,72.8463758973493,80.6476744255811,80.018086105507,82.4988013592975,89.5305012997084,90.0015594454698,90.5642130734227,92.2155424788287,98.5552077099344,101.984091438221,117.074536836928,126.501921195398,184.547081193337,175.288810412598,190.51376240325,181.006786749782,162.167504801687,143.684158133937,187.617396714991,168.323909178266,149.248887214706,185.212198179843,175.412321134474,165.63722260609,146.208324041672,126.991916979654,153.65071760971,143.805218710916,124.219135473177,161.98859781777,152.015488194395,132.123047677058,122.200001531527,181.1294290283,171.100327483995,141.013312654994,110.965344661647,100.960616629203,170.808754127646,140.665652981457,110.524347674724,100.47352577479,90.4264003419685,171.105630247999,141.027373471368,120.990582668588,110.981346504615,100.979782440076,81.0104863983361,171.981674566242,152.045306084128,142.08875285027,82.850836914031,173.431077444775,163.545701962911,153.680570682805,143.840070967225,134.030819105451,104.877440583395,95.2966233412108,85.8226396004746,165.669613784866,155.941689145145,146.25424065582,117.556725161682,80.9421826964527,177.984397177904,158.798087982958,139.875653780634,86.3250505336573,152.933997740474,143.750932196955,134.68540062304,108.542792686338,92.4761564515246,78.2893115911055,148.199621871105,114.370673724458,99.2523333156531,76.2453851507278,161.821892303454,144.703097133438,85.509962166788,175.531783791669,150.453482345639,142.523877949417,108.33179633212,98.5743068917192,94.9213821452391,156.629507706778,141.747129870357,134.815230632017,116.762291768773,111.90490946085,107.771049611582,178.541620448623,170.73986470808,163.184556696962,148.959600125415,142.371762584743,117.093048162324,114.038624007917,111.801868166492,170.080306689759,139.058660997776,119.963721184387
"22091040",89.5325703774229,85.4628484937246,80.5817566016517,79.9452502429594,80.568449890447,82.4288501729042,130.801492420721,122.42417127604,114.322693011223,92.3418379357452,86.118032850978,80.6699557113821,76.1988138008264,70.6772598382629,70.6634637386799,134.658572609791,92.4180218490736,85.0488472704048,78.2199042121269,67.1144803381383,60.8150795168265,60.7931510533175,63.2360888674656,94.7336009618929,78.2916756276008,58.364052784529,117.527012130364,108.130589306315,89.7621197307493,80.8951548308814,72.32956744974,56.6786655498469,41.2132788139853,114.51197363623,104.849236164456,85.7831589166503,76.44874767873,67.3222310273094,50.1367100977684,31.6158482193901,29.9803882510654,112.309959039775,92.6058333347853,73.1113985743833,54.0595728693844,36.1637979444249,22.3662689680229,19.9842841980561,22.3703835709567,100.96726235339,71.0370157542168,51.2158039878683,31.7537000042592,22.4397230904293,22.4366870324835,70.3301243539492,60.2799118966707,50.2327323431896,30.1415284503885,20.0943514257673,10.042646625808,0,30.1384892017483,80.9910734035318,71.0342195930366,51.217180624586,41.414041528239,31.7535251804938,22.4411841373977,14.1704815572302,9.98820397699404,73.1112678557866,36.1611732057495,28.3344334780945,36.1537914439878,50.1319681845163,36.0837159388804,31.5777915223464,35.9940756647295,44.7291096074464,41.2027742808662,39.9594419929671,58.3433250399156,50.9530059271968,72.1640216924443,60.7719126839214,69.9325569460198,70.6382332462205,82.4030418292326,80.5441426062189,80.5427949449878,85.4015546276364,90.4590756926384,89.9037471238899,90.4586179255006,94.8092934838811,100.388311552609,113.921663151465,123.581708780756,193.917755340869,184.582820106177,200.104237560486,190.546352586563,171.577859875171,152.912262499675,197.343454733228,177.969949025137,158.782836093508,195.052790292463,185.228667350578,175.42500825799,155.92114066484,136.593678920689,163.532307364786,153.663119066577,134.011944856313,171.971555018058,161.989767233011,142.073727741859,132.134398811145,191.162883280637,181.132415779215,151.039323796581,120.979485050165,110.968241724926,180.850794809898,150.707695558058,120.566387783357,110.515563873171,100.468434137988,181.125234997979,151.038300523266,130.992199199231,120.976466798836,110.966540518549,90.9712951326904,181.947003137099,161.991624781768,152.022558332784,92.6025624438657,183.311640319146,173.407793981482,163.520613685408,153.653661230807,143.812200860673,114.506164674954,104.843095619831,95.2596298612023,175.405946945788,165.640885693752,155.908945998707,127.01021837606,89.758435668005,187.613675183189,168.326249208465,149.260196798966,94.6300995726222,162.17803199999,152.890642478154,143.699600481766,116.986227211823,100.262583234305,85.0086428745675,157.073740873495,122.403799034184,106.534875134203,80.6538824974405,170.5720682664,153.11492172777,89.4515347488887,184.172616752025,158.55354098933,150.380515517224,114.142193176785,102.986181944581,98.4765300343594,164.418868729216,148.961624135991,141.67116738925,122.16447075175,116.668505281904,111.811275618466,186.491385099954,178.472295520561,170.668428466089,155.833803046089,148.872035758889,120.813290542398,116.996589537563,113.935854660478,177.267713581257,144.309279773374,120.281307100641
"22091043",106.554162948903,100.153832547744,89.4846529000569,85.4412528635695,82.4273265705282,80.5723530900024,157.100647933106,148.167044952062,139.391083973205,114.32347511628,106.553072404467,99.1922261434202,92.3695222005815,80.6807177871301,72.7764398518916,162.204524961277,117.002490571488,108.519802929089,100.277667523698,85.0317482865245,72.1867365508102,63.2369592696046,60.7957515168003,121.385436942788,103.305433009489,78.3105261613661,146.231453773461,136.592380737724,117.519090581293,108.130925949882,98.8638060312345,80.8923371136784,56.6818588448562,143.818130179429,134.009048008556,114.509486755938,104.844156177121,95.2605252080346,76.4511104460148,50.136333319398,42.5125010730903,142.070162636955,122.20898918083,102.435733761108,82.8170486592002,63.5075374496508,44.8782319553044,36.1629357582308,28.3410692681004,130.992541336214,100.965808721631,80.9895722014918,61.1025294773334,51.2167225632237,14.1758929724977,100.46861281444,90.418400672531,80.3712210365189,60.2800175098201,50.2328404999451,40.180747569005,30.1384892017483,0,110.960829094233,100.961292185966,80.989433888537,71.0349970769734,61.1009693137535,51.2173774439598,41.4123481074606,31.7511976006111,102.432435735824,63.5017483221906,22.3632799999989,19.9734186906216,76.4422080153783,58.4922630803566,36.1373601863495,31.5118476143524,64.1873975970805,56.6688571449354,50.0499132572018,78.2846472644288,64.1079683047878,92.3988198937945,63.2135790765981,76.149333976093,72.7504886630777,94.3880855469999,89.4467251259908,82.4007672890016,79.9096840173572,98.4712634058311,94.8204548232516,92.1167475918722,89.8938283278511,101.885453440106,109.865816314009,119.853628266489,222.2970622923,212.783919112184,229.039724969132,219.362443578489,200.097631117972,181.027189962802,226.631578319726,207.072146980539,187.633290590205,224.639250448903,214.758101753371,204.888435457645,185.216350442684,165.650558033986,193.241070526047,183.318918077765,163.527862389491,201.937592080617,191.935433902864,171.966215548971,161.991764438134,221.266442343292,211.232219258059,181.123473779965,151.036234204071,141.011139084528,210.989280481423,180.846182292972,150.704875337902,140.654051678514,130.606922095072,211.223650113956,181.120973988176,161.05855658791,151.031764270469,141.007964977757,120.97197747556,211.927592974747,191.934542255252,181.941183948242,122.202595426128,213.099204341621,203.157248763953,193.225178363577,183.305215705026,173.400338819744,143.807979596502,133.998630949008,124.227369373951,204.863937569077,195.021649704207,185.198557709157,155.903507462104,117.510347641672,216.808886372134,197.306283841489,177.942969420999,121.271464862945,190.503680266277,180.997716968528,171.547520140346,143.695773166258,125.715201791626,108.476839222885,184.543560762349,148.138066944058,130.771658106906,99.170166135187,197.696140224092,179.50675555416,106.447852305955,210.982806618396,184.166123561549,175.46164167843,134.810815153276,120.585942745317,114.136288499781,189.237815428807,172.499630549428,164.413508301877,141.668453707207,134.727159634626,128.204431766802,211.580965079113,203.062983648137,194.690634837857,178.467094595278,170.654114234357,136.125948244225,130.450587675852,125.320660942103,200.501160315493,163.017729709798,126.415228959332
"22092032",98.4796812055829,103.029948878191,114.187217911256,120.62363344361,127.53799117373,134.848769193857,85.4402828317266,82.4262028703601,80.5672289974398,82.4321542205321,85.435955256337,89.4769277209327,94.4480099420724,106.49154253238,120.696527899141,80.673231000318,70.6673509872118,72.8064895397073,76.1656971258685,86.124441418843,99.2387188129628,114.324507993859,122.427759684623,59.9733586192777,63.2335931298593,78.2243987042163,58.3491653703664,53.8496396018366,49.9641376436275,50.9626564205699,53.8541360035526,64.1220937503712,86.2709140270499,50.0591814610813,44.7365659558342,39.9653507347759,41.212370108585,44.7364731396242,56.681603617249,80.8959022005774,89.7687979649573,42.5091219632927,31.6131513255549,31.6130394969211,42.5171761969978,58.4979947123029,76.4556661825872,85.7849530787162,95.2635263515827,28.3400380890123,22.3640529219141,36.1675565623245,54.0632309738871,63.5061300350554,102.430143980956,14.1677527632652,22.442173727659,31.7537063643565,51.2159122560454,61.101036346359,71.0513306453333,80.9910734035318,110.960829094233,0,10.0441212722654,30.1385748820771,40.1795685236399,50.2299325162016,60.2740479848075,70.3182257865451,80.3685872953765,14.1644067818371,51.2129988076807,100.953545361232,110.952627586603,44.8757392447119,63.4966758922066,92.494131596903,102.400521733296,67.3073624774326,76.4352704621775,85.7670724878199,64.1818531874027,80.8753419920752,64.098490388122,103.280362153186,100.246486193846,108.456821775513,92.3061697629237,99.1574662898996,114.281740471817,130.747691869427,106.426258988608,113.318091448573,120.647508195968,136.346250333727,127.477231394679,148.924801903719,155.795947768742,128.400118420344,120.700974226412,130.801180785288,122.434219566934,106.550239920715,92.3416443565882,125.744685963335,108.502008738542,92.4214256128055,121.29840781483,112.219245266119,103.313553410062,86.269997467384,70.8496312399959,89.7704147109815,80.8944065661763,64.1965825279212,95.2666125740879,85.7815502409465,67.3248723326001,58.5000052245995,112.316342663362,102.447500516885,73.1154483325297,44.8843344632108,36.1648032841363,100.969857710447,71.0382920969209,41.4151068694337,31.7543426604884,22.4414871656293,100.474958366028,70.3334282167226,50.2372558378541,40.190070270684,30.1428668085867,10.0484626580099,100.969095693928,81.0005527653156,71.0374459101661,14.1707353929458,102.441248738605,92.6081696726084,82.8259024057218,73.114775107081,63.5091253046534,36.1654590875583,28.340575914511,22.3678258191157,95.2613901221478,85.7849870492403,76.4518628303647,50.1361780525089,29.9713522974672,108.129607563716,89.7615163779694,72.3285230156661,39.9612497876734,86.2628143348127,78.2907288752989,70.8427647734734,53.8400328227927,49.9496707460905,53.8357599892155,85.0122680138362,63.2197527809689,59.9366249818138,72.1553102207281,99.1796007954678,86.1057321693798,80.6414429880003,113.344850231875,94.3957188185347,89.4454233847169,80.5414911566621,85.4011905440998,89.4382044046886,102.986331725876,94.8225052238023,92.1255207484736,90.453398718138,92.1141615855832,94.8119332458796,122.164600434083,116.66939018895,111.811551465495,104.337808484581,101.892650408137,104.325368812117,107.657752674699,111.792186161883,120.819671077972,109.873025990434,130.430302145358
"22092033",94.8340778611309,98.5233950708032,108.287671605984,114.174836887335,120.622632453013,127.5391848371,89.4784043144515,85.4314488106418,82.423936159565,80.5730817433337,82.4283746842408,85.4363291262907,89.5089361010646,100.140048982552,113.365072367127,86.118992713914,69.9482430393535,70.696227135919,72.7765799362861,80.6782432252833,92.3873990034481,106.555930180701,114.327341428442,60.8239356540036,60.790359359437,72.1854592211356,64.1172777028143,58.3463427140568,50.9616431480309,49.9616268045202,50.9642190538979,58.3524769741622,78.2978928307825,56.6769936423255,50.0589062480617,41.2073673815612,39.9673495269016,41.2123158796176,50.0625001008466,72.3329379188276,80.8981918120019,50.1336985270146,36.0846084974943,29.9729078633485,36.0960308227752,50.1367805824283,67.3303131901876,76.4538717648788,85.7872271229573,36.1626423939409,19.9811194290023,28.3444239910219,44.8837594520138,54.0640197490498,92.5993179013102,9.99203382816531,14.1730547989775,22.4430822521095,41.410947768653,51.2181937530852,61.1254918645223,71.0342195930366,100.961292185966,10.0441212722654,0,20.0944536516075,30.1354472556506,40.1858112809984,50.2299267278159,60.2741045833557,70.3244661508665,9.98941291626039,41.4084448972332,90.9644123648079,100.953558674375,36.1603136338881,54.0556945210594,82.7161357528366,92.5684938864899,58.4857685971363,67.3113431956437,76.4374300288797,56.6694026518467,72.3144210116853,58.3316666960636,94.6147706226762,92.3924442658776,100.240552041944,86.0873604288637,92.3093683301349,106.516099225292,122.380019223175,100.078053267116,106.434316317681,113.319476325562,128.34454471982,120.565691196685,141.636714731617,148.845240554361,136.404141900978,128.399226400325,139.392794284955,130.804204864485,114.318323432644,99.1916279097038,134.659524625431,117.005442657353,100.277705919855,130.517314337967,121.296023135481,112.210880133679,94.6377474941533,78.2926231992701,98.8657151710347,89.7647276330869,72.3278160083927,104.84863683624,95.2575861568765,76.449695503051,67.3226641863618,122.21354528553,112.316028154001,82.8229227126176,54.0633984113756,44.8806802762947,110.96934106117,80.9950572631754,51.2199694797275,41.4090448742948,31.7515637655336,110.519079470445,80.37754937006,60.2813770967953,50.2341915414114,40.1869880805482,20.0925838920986,110.968215211738,90.9763057406083,80.9938889670553,22.440654925539,112.309119644551,102.438308699578,92.6046980013295,82.8217184054677,73.1111600658853,44.8814619182274,36.1634697667187,28.3395592220427,104.842575806675,95.2602934714744,85.7817594295247,58.496590769472,31.6111055449598,117.520425123185,98.8561170240559,80.8903636856033,41.2059096587366,94.6297699038952,86.2625599340338,78.285677964184,58.3386542647493,50.9514053423069,50.9489149142993,92.4058347077692,67.0919884954978,60.7744261804995,67.0850033384035,106.536427999504,92.3267001041815,76.1389219181524,120.674368289829,100.10248810508,94.3857329483737,79.9145526220146,82.3971205031506,85.401249425266,108.240849459514,98.4767980762736,94.8245822953916,89.8968199065541,90.4583171440236,92.1155948140798,128.208769179873,122.161111320228,116.668882690779,107.669873551571,104.338151100751,101.881433402278,104.3289131231,107.657378158313,125.329066945569,110.33218570235,125.30499451593
"22092035",90.4961759391518,92.1718918922783,98.5210041325536,103.017492471723,108.270497315318,114.171562509582,100.127183561991,94.4123766341906,89.4711771053502,80.5711017929177,79.9395970390557,80.5690150250752,82.4625942751694,89.4892442170567,100.122422141373,99.1946166791423,72.7761402008449,70.6966802351303,69.946127510118,72.7835435285439,80.7139644660199,92.3426193965217,99.1959288502193,67.1638230400096,60.7874242114943,63.2409389950847,78.2949082307495,70.8481606439416,58.346632471332,53.8504914331143,50.9623563932464,50.9621629776549,64.1198687940357,72.3272289648086,64.1955087438882,50.0553186099599,44.7322636490569,41.2099903175162,41.2129370200546,56.6819730086788,64.1991562214435,67.3223395957724,50.1343170626448,36.0838321449455,29.9797593785728,36.0866478437693,50.1409250375916,58.5002505440465,67.3257264069742,54.0639672216034,28.3386169201709,19.9857118339957,28.3396182734832,36.1623702831284,73.1064462699432,22.4426372043216,14.1703728841642,9.99152676948204,22.4401734967668,31.7523691163745,41.4396643276572,51.217180624586,80.989433888537,30.1385748820771,20.0944536516075,0,10.0409942416893,20.0913576343322,30.1354731203036,40.179650935117,50.230012547861,22.4413627441498,22.437618096425,71.0262175024596,80.9824325962508,22.3636010040789,36.15575787459,63.4035929580567,73.0711021879782,42.496896742322,50.1240236034258,58.4859299558354,44.7270882812718,56.6666074710322,50.9456771539597,78.2720836361701,78.197000191565,84.9883009232974,76.1369610232694,80.6419327360352,92.3072335112416,106.511311721521,89.4324887837749,94.3774525766113,100.082146633847,113.314978698855,108.219604863767,128.177588611166,136.101865038648,153.141584781646,144.667774154838,157.100283001373,148.176119685235,130.79410865015,114.322779244254,152.916368113975,134.656987779075,117.00521689951,149.281499620813,139.853489175653,130.5123752824,112.208070236276,94.6381562088764,117.527379065866,108.129712576382,89.766433956028,124.238436092689,114.507133219338,95.2625347229937,85.784362678074,142.076287655594,132.13896575896,102.439318559723,73.1137042830323,63.5073471558337,130.995162494335,100.966918348812,71.0370176243167,61.1027806248202,51.2173727522791,130.613532426471,100.47200249623,80.3758305585068,70.32864507658,60.281441638162,40.1870375311143,130.993133370453,110.970803368307,100.964852920289,41.4112251246647,132.130363537938,122.20878500588,112.308580709011,102.436482261161,92.6026179017356,63.5068446348313,54.0634042414244,44.8828066147602,124.230015916076,114.507564896415,104.843555697449,76.4481618903756,42.5060427616184,136.586485290098,117.515222518894,98.8593158377243,50.0546832572561,112.196930309744,103.300551525138,94.6288293774568,70.8406033383517,58.3407399878637,50.9508799032501,108.48265195469,78.205969933129,67.0908964694706,60.7726097199751,122.405313421983,106.537461737964,70.6411004473068,136.378471871393,113.341673359182,106.446331657062,82.4033315009578,79.9127379195958,80.5389757562066,120.589121176207,108.240636948636,102.987220035795,92.1183607391421,90.4603304171577,89.9005328020309,141.669129134558,134.731025799218,128.20703910625,116.667070992483,111.805889473941,99.8835462889682,100.388578630806,101.881826187839,136.136293832666,113.932161378555,116.97927982655
"22092036",89.9422952240868,90.5108495810043,94.8624296075445,98.5063057897067,103.012134743339,108.26994368598,106.471751655812,100.113192991019,94.4048848182496,82.4221836069656,80.5623299808934,79.9342863629988,80.6005168820413,85.4457276748687,94.4122862816749,106.547315984321,76.157803060535,72.8012155178983,70.658091005043,70.6683612886903,76.2036194872523,86.1190897138863,92.3436244273273,72.2391631742262,63.2217375835674,60.7962616479065,86.2620762800567,78.285948300534,64.1080734344331,58.341679722382,53.8443372354526,49.9560175159113,58.3483379683088,80.884550964316,72.321383507827,56.6680151395782,50.0487661403674,44.7258661979688,39.9639645283279,50.0610042005421,56.6835604120946,76.4424678149395,58.489950274406,42.4979588190605,31.6096102787234,31.6104661502766,42.5139310535799,50.1387902688671,58.5030581978472,63.5012847826526,36.156350743022,22.3602065102076,22.3654762541625,28.3378056973091,63.5053360220037,31.7484538361193,22.4335347035022,14.1607642778436,14.1699176471815,22.4426111849523,31.7936045288362,41.414041528239,71.0349970769734,40.1795685236399,30.1354472556506,10.0409942416893,0,10.0503650394042,20.0944798057036,30.1386581026731,40.1890199945861,31.7502729066316,14.1736829731868,61.1023926507888,71.0297506089937,19.9856519674031,28.3392675911342,53.9692810343999,63.4695278212295,36.0837629229705,42.505230083702,50.1315004464701,41.2112827424592,50.0552805265016,49.9517082150294,70.8357196415865,72.1653097620706,78.194727957466,72.7559603159586,76.1445257793308,86.0939333148037,99.1608399217082,85.4010944107611,89.4457881478247,94.383012324787,106.436209533629,102.972886530423,122.140611592839,130.43302146168,161.789501190947,153.135436963298,166.150260559031,157.098170182611,139.380848165339,122.417399905977,162.200359773941,143.716030017684,125.731659079023,158.778405084392,149.274169406026,139.840435068289,121.28002057193,103.300399203085,127.014941829268,117.517263667477,98.8570751266072,134.004150447386,124.225174388276,104.840215087283,95.2560386095762,152.023739796318,142.072252823354,112.304003505819,82.8170109215073,73.1055704613897,141.008867650766,110.962845520627,80.9900900255597,71.0270792698496,61.0962277182315,140.654526491978,110.512996492482,90.4168243506613,80.3696387939968,70.3224353299415,50.2280310929474,141.00710427901,120.974623078251,110.961242351755,51.2137116625321,142.064216331117,132.12518152811,122.202792865097,112.302126953747,102.430505841374,73.107071803324,63.5030884769017,54.0603590062639,133.996773370102,124.226848564855,114.502073846904,85.7767772347651,50.1309716511597,146.218023223673,127.004563773568,108.120559226308,56.6738837392984,121.271285108845,112.195859837592,103.294454018985,78.2841477613811,64.1109271522879,53.8434178822154,116.984674455548,85.0070497452894,72.1655932924584,59.9426636595997,130.773275909097,114.304638561131,69.9293986388953,144.635756940793,120.671646393632,113.333234462931,85.4133759940289,80.5470376501691,79.9163807015368,127.503116715882,114.140023834589,108.243048092488,94.8219474948387,92.1228044870236,90.4654635250729,148.958997268774,141.666666576375,134.730536435424,122.160639440775,116.664263702573,100.392910932462,99.8910897303976,100.392331331338,142.297556881533,116.993516666186,113.928511291183
"22092037",90.5149594631262,89.9547839245534,92.1633795514184,94.8520329911637,98.5029848267396,103.013427363864,113.364255054669,106.469981261336,100.117609134391,85.4320075288659,82.4229830847856,80.565097944281,79.9733728981991,82.4389222387388,89.470885194026,114.322161936245,80.6671014565384,76.1928577168248,72.7723858941309,69.9525776859848,72.812326508936,80.6712775865592,86.1201974465522,78.291571780316,67.0972601384197,59.9630468523852,94.6369745960079,86.2652143352808,70.8431621120857,64.1157744033571,58.3462078252615,50.9578751752712,53.8495521755207,89.7618515753667,80.8907306468966,64.188977843323,56.6729757484174,50.053953101015,41.2093370324174,44.7356222872337,50.0624187616538,85.7801831350596,67.3198163737787,50.129754363762,36.0839929591099,29.9720866759502,36.0902834331032,42.5097779703541,50.1381875504256,73.1108694238427,44.8799147431758,28.3350119485129,19.981551352096,22.3634605070507,54.0585669756734,41.4103274851259,31.7505545485059,22.4367054497818,9.99084891487667,14.1684726768613,22.4911317460094,31.7535251804938,61.1009693137535,50.2299325162016,40.1858112809984,20.0913576343322,10.0503650394042,0,10.0441155743989,20.0882933589219,30.1386551298109,41.4098825123482,9.99100372358131,51.2134738803818,61.0953929512824,22.3657655655312,22.3633268321028,44.7874639713697,54.0162330502372,31.6078382655013,36.0797572057724,42.5008213285674,39.9652039992899,44.7277496385659,50.9499657230627,64.1011124149572,67.0894202252031,72.150737171573,70.642282175416,72.7528510674157,80.6439698619336,92.306299129691,82.3922336088707,85.4035270199783,89.4396424585945,100.081228048771,98.4619845048751,116.644915782855,125.301776820602,170.602162635457,161.795328959221,175.320007055869,166.159878424257,148.162625038103,130.79444138705,171.581243162323,152.909577421333,134.653449466338,168.349820582401,158.782344832392,149.272576935701,130.50573511459,112.20471872817,136.592988225527,127.016258002915,108.12771811697,143.818638548173,134.001795071722,114.508476477591,104.84503297545,161.993034696106,152.030047915514,122.20798345658,92.6032551535792,82.8199218061786,151.036082678207,120.976246665529,90.9726961785035,80.9904550643168,71.0309943688026,150.704889674378,120.563359879483,100.46718813103,90.4200026831386,80.3727992554159,60.278395165178,151.033473568326,130.992852966688,120.973685450139,61.1016280284758,152.020364306775,142.067212790632,132.127183029167,122.204250948516,112.30387510071,82.8190317555154,73.109972127,63.5061056695779,143.808772701107,134.000890352127,124.228384822468,95.2566947044535,58.4941045820348,155.908198887574,136.579385164589,117.515987807728,64.1897073122541,130.492847119496,121.275368409341,112.19439324605,86.2587311840405,70.8417087647851,58.3406060536352,125.718236327091,92.4023972776921,78.2058868595564,60.7765262236166,139.366403963565,122.406085757804,70.6453277312792,153.11007815381,128.371228487468,120.665029081829,89.4520323593706,82.4033615522428,80.5434672207722,134.812472641935,120.588256382013,114.141281464575,98.4760457044547,94.8202662855265,92.1218662632875,156.555688146489,148.958085945625,141.666769657386,128.205872088744,122.155076680732,101.887823892615,100.39314216138,99.886614650754,148.881888472179,120.810617541129,111.690281903341
"22092038",92.1793257993663,90.5116995627505,90.5008480454322,92.1496425763251,94.8447914418371,98.5019574878616,120.692346349756,113.354116855145,106.4659946406,89.467509140019,85.4255734630189,82.4186072823312,80.597825808158,80.5766907207998,85.4275938228394,122.42034730165,86.1100345982526,80.6932327019757,76.157154307876,70.6668075989516,70.6938350246371,76.1630075464114,80.6706188854758,85.0953539802159,72.1659528490939,60.795996783202,103.302875540146,94.6315289711409,78.2838100139488,70.8430075781534,64.1115522578561,53.8423759981658,50.956763985251,98.855959919775,89.7596514619615,72.3186970969298,64.1849443030296,56.6696797774276,44.7281885838114,41.2084317424784,44.7356487493035,95.2553159645093,76.4436960593972,58.4889459842896,42.4999003293882,31.6066673697349,31.6130517178628,36.0858972213862,42.5102490640464,82.8177036141656,54.0582576906437,36.1549658859893,22.3601428359057,19.9752057617376,44.8778700779752,51.2146845291238,41.4045325403308,31.7460742020273,14.1643081730018,9.98629589539577,14.2442574079752,22.4411841373977,51.2173774439598,60.2740479848075,50.2299267278159,30.1354731203036,20.0944798057036,10.0441155743989,0,10.0441785172866,20.0945404883649,51.2150609119614,14.1687977541024,41.4098191087748,51.2135705683734,28.3376831474856,19.9842285118419,36.0800882018479,44.8316152944017,29.9738657070686,31.6115240157487,36.0843891280939,41.2117962049921,41.2093443646577,53.8419772187887,58.3366732735301,63.2225955270617,67.0829008390151,69.9288403685213,70.6463010412173,76.1440703561165,86.0898928738242,80.5397948887207,82.4023461105016,85.4051673845457,94.3789442161546,94.8130619229138,111.792274790756,120.798082406712,179.536742450387,170.599558067482,184.573509295442,175.321363318305,157.088390706743,139.384573963815,181.026199789808,162.196878067791,143.716216043126,177.966439972621,168.345850580957,158.772855976853,139.837277472321,121.280213605618,146.226868282341,136.586534918648,117.518789206515,153.656377769689,143.808855818029,124.229954037039,114.505652008086,171.964897486517,161.99237096216,132.127030763657,102.433412812636,92.598680625998,161.059593640185,130.98864408135,100.96196433022,90.9661323676587,80.9873844367246,160.749005246879,130.607475452348,110.511303666489,100.46411819657,90.4169147580338,70.3225106199033,161.056951248651,141.009826987963,130.986141016007,71.0297692110746,161.982650299726,152.018044899586,142.063899767136,132.123445682979,122.200869281846,92.5983634492368,82.8174869194738,73.1087981731581,153.646567629536,143.808099984577,133.997709413119,104.838564535959,67.3172541720917,165.636610554409,146.213585904265,127.007580546597,72.3216920748629,139.824871679098,130.493668388767,121.270868430638,94.6272164482157,78.2861160857825,64.1110099403039,134.632560758895,100.259164936297,85.008188918929,63.2210017673072,148.140191618951,130.776056820447,72.7596126748962,161.762333848284,136.375355442197,128.364095640751,94.3937475759123,85.412797120127,82.4047390600478,142.454944042381,127.502985859772,120.589940077938,102.986719973457,98.4768166328136,94.8236817539038,164.414398082389,156.554188402918,148.957681621138,134.730402663683,128.200283990069,104.337364434359,101.893211628896,100.394557956534,155.836164344266,125.32129329131,110.331816311264
"22092039",94.88853092369,92.1716125837237,89.941367516354,90.4927336661469,92.1464015155426,94.8484695880709,128.391855861774,120.685920563104,113.353940474475,94.4080198471578,89.4658566337475,85.4256859389467,82.4554847533039,79.9478315063964,82.4216660711022,130.79166410804,92.3321280552124,86.1392484248054,80.6630561452034,72.7788039049743,69.9722904745871,72.7754715414965,76.1664273931957,92.4948133344355,78.206308015985,63.2388743956122,112.201293605521,103.299966892256,86.2570087479688,78.2875788398584,70.8421847319915,58.3404504447318,49.9571396449508,108.120413115073,98.8559084557017,80.8824539696019,72.3173221425192,64.1849892727707,50.0521288086417,39.9649011463794,41.2129718218064,104.838043883936,85.775415903326,67.3128601499112,50.1251022467258,36.0795183272747,29.9725503111416,31.6131886228321,36.0900873003056,92.597736442659,63.5009913897474,44.8718169270458,28.3315507767054,22.3579786450829,36.1621153108285,61.0979287787757,51.2099207778431,41.4017207864843,22.4347377416773,14.1627884333022,10.0908151160487,14.1704815572302,41.4123481074606,70.3182257865451,60.2741045833557,40.179650935117,30.1386581026731,20.0882933589219,10.0441785172866,0,10.0503619726097,61.0970868674449,22.4355061058721,31.7550364506307,41.4085420594503,36.157653069729,22.3645399678729,28.2697189295107,36.1046015845994,31.6109607298502,29.9711491847674,31.6115000172003,44.7318839909041,39.9647431808925,58.3373305796267,53.8386667503521,60.7808655611415,63.2108525724605,70.6452846857849,69.9272760394817,72.7556734726994,80.6441745557893,79.9107484864712,80.5445235661025,82.3985664618786,89.4393852515908,92.1143204527702,107.655245939935,116.980208809309,188.585345360114,179.536445749679,193.90770380693,184.576803295156,166.144213355326,148.160280515757,190.534202980834,171.571410144359,152.90382824599,187.629353334168,177.963888020374,168.337945190974,149.263208570973,130.499820131693,155.913975748289,146.22192124935,127.011585183843,163.520262415927,153.647661472088,134.000299585481,124.228479108294,181.945364394047,171.96489993333,142.064476222663,112.302465260444,102.429922761838,171.085899108578,141.005998632783,110.961684993428,100.955980223073,90.9637221708331,170.793182286998,140.651652692032,120.555481225484,110.508295847249,100.461092449329,80.3666884436041,171.082593763703,151.030108399686,141.002776575759,80.9859075618515,171.953885639682,161.979782085269,152.014079331788,142.059491867478,132.119308587047,102.427951723636,92.5957154323167,82.8150246150502,163.508513351852,153.644918466273,143.803823881622,114.498326731899,76.4402753369374,175.399430317767,155.898196833462,136.576689030475,80.8818690793669,149.247599616579,139.82388369418,130.487173457388,103.292231504768,86.2561032401994,70.8381640567963,143.693792911352,108.474516064758,92.3999163339921,67.0903858936791,157.063862907626,139.364704032866,76.1456861267681,170.564704765609,144.631284523952,136.365455187638,100.097908686617,89.449838440852,85.4091707601321,150.376905906321,134.808335141744,127.500689764529,108.239477688971,102.981890500987,98.4754161096183,172.496928681579,164.409855483173,156.550282979956,141.663325101455,134.719865227881,107.666687930594,104.337634551641,101.889495665404,163.109088018094,130.44620645432,109.872910803445
"22092040",98.5537918167245,94.8732345234429,90.5004580874796,89.9334540066768,90.4874185802512,92.1482134660589,136.401549383032,128.389994111416,120.689945425268,100.118827667735,94.4091763397725,89.4677969542469,85.4628457965213,80.576382649153,80.5629247182715,139.389371693188,99.1872159545811,92.3635012118197,86.1132667775366,76.1696264941504,70.6857598729971,70.6635605323109,72.7762342564368,100.359814657111,85.0118189601971,67.113824798015,121.284316930524,112.203497306902,94.6304620463278,86.2656956425504,78.2906560018762,64.1128224052943,50.9578863997709,117.518773295342,108.125748149439,89.7590741873247,80.8857306622535,72.3219688163571,56.6750908337373,41.2083072408592,39.9685921200002,114.505795309877,95.2579564236961,76.4441620992618,58.4909059210883,42.5042267368543,31.6101463303948,29.9724881207197,31.6148368198918,102.434918607664,73.1101006927189,54.0570069305163,36.1595178644195,28.3329931803638,28.335242010399,71.0324259375812,61.0990016935616,51.2130729289372,31.7513136301849,22.4378568920564,14.2351759807746,9.98820397699404,31.7511976006111,80.3685872953765,70.3244661508665,50.230012547861,40.1890199945861,30.1386551298109,20.0945404883649,10.0503619726097,0,71.0307754151072,31.7505515977626,22.4392265601185,31.7475669869312,44.8776628471845,28.337336272095,22.32125676612,28.2620339585211,36.0847047095302,31.6094878308696,29.971238097199,50.0562842103929,41.2075688861926,64.107864484512,50.9480526614186,59.9443530382406,60.7682384360946,72.7565516189189,70.6446729252239,70.6436834510019,76.1375148222917,80.5401840717937,79.9155431860487,80.5399329438859,85.398183111792,90.4558314275824,104.322686029018,113.92100281554,197.735633947229,188.590283592913,203.315283255204,193.916418845745,175.31330078304,157.093431089117,200.100416397266,181.023529666873,162.198674755609,197.336256376983,187.632471975067,177.96168832136,158.770755548506,139.838740931964,165.64955624146,155.914821331719,136.58910541606,173.410891067745,163.517471613435,143.814371305789,134.004685529141,191.938601290826,181.951429012592,152.022047237563,122.206116276442,112.30489629428,181.120345422025,151.033069600692,120.974913746387,110.96177391732,100.959642596327,180.843543066153,150.702013666399,130.605842479702,120.558657184526,110.511453829721,90.4170499503889,181.116477581643,161.059553362447,151.029256485122,90.9675782239238,181.939317255127,171.95727953617,161.982027112425,152.015911654519,142.061573017411,112.301649704656,102.431535719175,92.5994525683492,173.397510054405,163.513071218985,153.646806928117,124.225135136927,85.7752696119295,185.198428440409,165.631695911314,146.215545847625,89.7558260756752,158.752487244503,149.252705784115,139.823416682452,112.193110068559,94.627163794135,78.2841384392259,152.883680127103,116.981101143012,100.259091417406,72.1639544350468,166.121216018984,148.14208314102,80.6514985460867,179.503124649362,153.10647961771,144.627190433849,106.450329040352,94.3907960151627,89.4494760837552,158.544736176502,142.452558459895,134.810838869777,114.140160646677,108.237717617373,102.984016931497,180.781507358671,172.497912928447,164.411099910234,148.955980426105,141.656687445452,111.805056959291,107.669671726503,104.336225847295,170.668272046535,136.124200351948,110.331016107393
"22093033",104.357003311398,107.721590954679,116.717846832234,122.198752454301,128.243173450375,134.769251843534,98.5051548634548,94.8436183259629,92.1438795013066,90.4931058387634,92.1486113610713,94.8488276197557,98.53686233953,108.282977768479,120.617014907282,94.4114519128671,79.9376559480862,80.5969067824022,82.4239169869069,89.4786984933812,100.166374331491,113.364162794007,120.697916187039,70.6929496605658,70.6616173978629,80.676010421405,72.171976276352,67.0977853328682,60.7870079551306,59.9510397031186,60.7895085596526,67.1044893384307,85.020857357047,64.1125413475925,58.3447439513184,50.9534520825699,49.9567624410708,50.9585155359881,58.3491611890947,78.2968958209941,86.2722415152338,56.6735286667143,44.7286512881482,39.9623207795912,44.7405018573908,56.6779213452341,72.3331363951124,80.8941422845174,89.7670891502226,42.5044446720622,29.9705322637397,36.0905219998997,50.1362281807921,58.4973539829642,95.2556076526546,19.9814466347414,22.3687910683601,28.3397060294452,44.8815361473176,54.0625268616724,63.5438242024327,73.1112678557866,102.432435735824,14.1644067818371,9.98941291626039,22.4413627441498,31.7502729066316,41.4098825123482,51.2150609119614,61.0970868674449,71.0307754151072,0,40.1861718301747,90.4136473616775,100.457854172423,31.7523478849199,51.2122005771478,80.885801082568,90.9477295935033,54.0525043659107,63.4972911364521,73.1007453103946,50.1282057375354,67.3112271626874,50.0453573903869,89.7430601953442,86.2471000405692,94.6072994457334,78.1911760027258,84.9930595631082,100.241669227134,116.959492789516,92.298193106618,99.1536848565449,106.510648722681,122.374410275919,113.312824785822,134.777964800641,141.631541332937,142.486234014448,134.843358361089,144.660825334262,136.405093370424,120.686756905142,106.470019054368,139.391260901189,122.422891450353,106.549471912234,134.654256091901,125.737584592682,116.99819327004,100.268607462122,85.0140378763697,103.306259013457,94.6335694515468,78.2898050647918,108.125887215119,98.8537826585018,80.8878040857478,72.323457818832,124.234869291554,114.512741433408,85.7797705404602,58.4949046082959,50.1313262913125,112.306117477436,82.819526737832,54.0615443511267,44.8771015248256,36.1587461232322,110.96574080224,80.9923720999965,61.1008975332692,51.2155575749394,41.407808997557,22.4374735558244,110.513782978074,90.4230407351845,80.3720249997934,20.0921078797047,110.963838827424,100.962649118102,90.9700564864479,80.9906797119872,71.0307994895353,41.40914975455,31.7528155891302,22.441444274396,102.431507863188,92.6005954608155,82.8185036311465,54.06081475762,22.365495008546,114.505369696889,95.2542909872448,76.4473522474913,31.6116095629514,89.7555687093814,80.8863772827068,72.3197025229219,50.0516243873309,41.2050430075983,41.2027707010785,86.2591499502358,58.3391477058471,50.9491220583895,58.3330423369667,100.259898257265,85.0092349048491,67.0817233373612,114.301350247491,92.32180972723,86.0915294662152,69.9251397124314,72.7498993307941,76.1358434820473,100.096837689577,89.4489257335625,85.4115167656262,79.9074070144683,80.5383438412469,82.3953909474744,120.585990851741,114.135890932565,108.237418106599,98.4721316500093,94.8174574599991,92.1091466512151,94.8089798412657,98.4599388652133,116.668727063821,100.388257810278,116.64503257718
"22093037",100.449334728361,99.9457876389412,101.936808322886,104.373007806484,107.700935081044,111.841055035823,120.61767241885,114.161777296839,108.261660201902,94.8463609117084,92.1449318048036,90.4868310926695,89.9643765490512,92.1602356146922,98.498717980419,120.69325727638,89.4687470490743,85.4602108196131,82.4212991578825,79.943581390802,82.4599058806565,89.4719389385151,94.4141295300165,86.1840710179284,76.1564005189054,69.9540505757761,100.270167014585,92.4103565079604,78.2104394153487,72.1729354526629,67.1000662785511,60.7849520497298,63.2284130975893,94.6333512129528,86.2650564482275,70.841698112737,64.1109913999463,58.3421569989501,50.9573690355256,53.8485703418021,58.3494679842317,89.7599576597119,72.3228933243457,56.6716417898529,44.7313687574605,39.9630903389212,44.7351494069611,50.0574959069981,56.6790453018326,76.447071540241,50.1321468139587,36.0834068907926,29.9725549762995,31.6091725958655,58.4917380521801,44.8802552961605,36.1604955607772,28.3344471721408,19.9818526053326,22.3643129492683,28.4129959240332,36.1611732057495,63.5017483221906,51.2129988076807,41.4084448972332,22.437618096425,14.1736829731868,9.99100372358131,14.1687977541024,22.4355061058721,31.7505515977626,40.1861718301747,0,50.2274761770477,60.271682677408,14.1688855470229,14.1655847968309,41.3076982864836,51.187558594373,22.3604062311377,28.3315472473529,36.1550978071837,29.9742004000121,36.0805609866706,41.2025076980937,56.6620369991636,58.3346928179571,64.092477661495,60.7690993685402,63.2099683634682,72.1517766999641,84.9871575273492,72.7427852841654,76.1356853838984,80.637166121548,92.2990253879361,89.4322832594693,108.211866149592,116.639304701754,175.504167110849,166.956471602642,179.537900638742,170.604959279863,153.130959337414,136.397802333897,175.320185959583,157.094605700354,139.387896094212,171.577763487889,162.201432277724,152.904688001151,134.64568815306,116.994670850191,139.841316500584,130.503339332388,112.204051908166,146.225640552061,136.582211438192,117.518550838659,108.124698972424,163.523820121692,153.660498271875,124.231367076888,95.2588466896778,85.7792933289363,152.021257415339,122.205553880342,92.6026054038435,82.8174897084968,73.1076233825308,151.032934094989,120.974252098837,100.9611215673,90.9689264695052,80.9901307969338,61.09991711089,150.699953259659,130.609211687219,120.558195767291,60.2782794817688,151.029137158612,141.006773245438,130.986545345919,120.970605358803,110.960543083972,80.9894707027687,71.031238323504,61.1018089250183,142.060336529678,132.123078286084,122.20066585321,92.5983723832851,54.0591474395759,153.647938595693,133.994999647078,114.502522544314,58.4938407547891,127.001936947779,117.511393451088,108.115241501469,80.8835831564302,64.1885333758405,50.0530160041761,121.271083552167,86.2560604029906,70.8393915770364,50.9499199650135,134.628357155584,116.98443375547,60.7726537264282,148.13817449607,122.399759453199,114.292835496926,80.6508662276906,72.7549207335932,70.6416533802301,128.364253337162,113.334188226559,106.44874999876,89.4480891530687,85.4065135307405,82.4004018076852,150.375610909222,142.449370229272,134.806640713628,120.583369677602,114.128903440954,92.1142532544693,90.4579522574635,89.8956110966311,141.667366693286,111.800823486648,101.877605885868
"22093042",116.760742474112,111.866827953105,104.378625659882,101.92659148498,100.423551502357,99.9226612693955,158.580606521936,150.4077959789,142.481235239536,120.612542327647,114.161997855488,108.261493504894,103.03890508463,94.8548026186768,90.4857251065729,161.789192715542,120.688332661941,113.383280728847,106.469121322228,94.4182343544914,85.4454076677895,80.567023553407,79.9390930748073,122.506676242164,106.540440833491,86.1262159558663,143.71039851014,134.642722743543,116.988830887306,108.488675537283,100.268119165761,85.0130989137618,67.1001100780174,139.83389831685,130.500709922613,112.198299699431,103.298346358592,94.6301303236959,78.2889403262427,58.3440982590099,53.8493374875071,136.581751807435,117.514981216968,98.8533236466421,80.8828130112554,64.1891094810699,50.0524609649475,44.730279810087,41.2102056532586,124.227520276704,95.2560267567734,76.4415490285432,58.4926957065814,50.1287817382453,29.9754226808941,92.598422039713,82.8143506575616,73.1039364831163,54.0588093084024,44.8770830549431,36.2117369589084,28.3344334780945,22.3632799999989,100.953545361232,90.9644123648079,71.0262175024596,61.1023926507888,51.2134738803818,41.4098191087748,31.7550364506307,22.4392265601185,90.4136473616775,50.2274761770477,0,10.044207319875,61.0945903788898,41.4059381143472,14.2382222492102,9.8871310758441,44.8770371940091,36.1567782933464,28.3338889321946,58.4908074108675,42.5026662645941,72.3143313570737,41.1995675739406,53.8412466152098,50.9417087685895,72.1570934469823,67.0834453534887,60.7703557518059,60.7654817917129,76.1380808872171,72.7532366736315,70.6374889578078,70.6317718318785,80.534260143042,90.4450753523215,100.377170429803,220.153801737103,211.023660925925,225.630682206379,216.268938204087,197.726127130421,179.532656048183,222.289236356431,203.308624095101,184.569590502248,219.348963989844,209.701465192831,200.088046436772,181.012586595807,162.187953502655,187.61945980738,177.952080393421,158.766619822594,195.028824101638,185.199850944505,165.639769884677,155.908942132439,213.102501170329,203.162730602158,173.402418002457,143.809572396007,133.998383863872,201.923397554684,171.955707575978,142.063233655635,132.120399068367,122.198618322142,201.179034394754,171.081734181525,151.02509020446,141.001721918751,130.981867534028,110.957041971189,200.9274251287,180.836684748784,170.785668692799,110.505754409405,201.172732091961,191.139914850551,181.106944257562,171.075523090386,161.046213397882,130.978576479304,120.964494178027,110.956206657869,191.916084463058,181.928963093704,171.945699852866,142.053974285356,102.423372915758,203.142985850149,183.291006320835,163.504308558699,104.830814891084,175.386574158975,165.623385987033,155.890169434557,126.996410166431,108.110900141125,89.7494777075001,168.309895309347,130.481209072602,112.186724962963,78.2776310625088,180.981608979878,162.165555316528,84.9987391179894,193.864096790073,166.112062278643,157.052122970935,114.291408415247,99.1643578578004,92.3130392820803,170.552413705427,153.093100210128,144.620718913576,120.662918638465,113.327216856833,106.442188656797,192.977593431805,184.148523417601,175.449790819371,158.533842989603,150.357830873389,114.127071422877,108.23075441924,102.974680497664,180.775630742204,141.649569763971,104.327183367178
"22093043",122.253931735296,116.720053853698,107.703689894519,104.367367880905,101.913942624528,100.420465028205,166.948841763331,158.570866194714,150.403747030229,127.522920543607,120.606142414996,114.155766044508,108.287478252055,98.5025235051535,92.1378360907332,170.592673533098,128.383595828161,120.709273496692,113.352004269376,100.120639482546,89.4751351644674,82.4189696646304,80.5618299803189,130.875760423192,114.305170497047,92.3429834323608,152.895231482647,143.70471509531,125.717642417378,116.989858260788,108.483358874936,92.4037345609655,72.1675883552848,149.257434387688,139.831574458215,121.273127912235,112.193452084463,103.294989219932,86.2582937803854,64.1078673883489,58.3412973082904,146.21513675832,127.005522895221,108.115171577208,89.7505307597156,72.3175893543072,56.6661891804119,50.0483559642525,44.7268521236345,133.996289804541,104.836770373169,85.7704137164807,67.3130695131546,58.4868982388763,31.6093266173087,102.428254036532,92.5926722509256,82.810262603836,63.4988805601052,54.0543558331437,44.9140953337673,36.1537914439878,19.9734186906216,110.952627586603,100.953558674375,80.9824325962508,71.0297506089937,61.0953929512824,51.2135705683734,41.4085420594503,31.7475669869312,100.457854172423,60.271682677408,10.044207319875,0,71.023138843809,51.2117172376725,22.5281003034257,14.0998783666688,54.0579190046435,44.8752015019183,36.1594064895015,67.3149123071071,50.1302387250751,80.8785731832247,44.72734367149,58.3429031232249,53.8363418559164,78.2001023963325,72.1596118059921,63.2171067841073,59.9362653633487,80.6478257232872,76.1465894093936,72.7539183136095,69.9204097011081,82.3977698195366,89.8923976526468,99.8802095998683,229.357759928742,220.150867775666,235.049855305745,225.63173545843,206.952084781491,188.578331153157,231.844406023651,212.767105466349,193.901220600528,229.026914904591,219.344847679093,209.691932278026,190.518321515109,171.560120985385,197.318724424418,187.613050681299,168.329613937502,204.869944838072,195.019124000856,175.403497178525,165.637019944834,223.051193867961,213.101999128848,183.303374161109,153.646981442522,143.805081356717,211.92056694902,181.935443212938,152.013849304443,142.05682812082,132.117423695623,211.211397814825,181.109675782447,161.04854038253,151.022210149472,140.998721713374,120.963590281515,210.971632414984,190.880891971139,180.829875919467,120.549961374078,211.205157989638,201.171124353548,191.136715428212,181.103612777559,171.072298624388,140.995758875327,130.977200320227,120.963214036013,201.908500352411,191.915688756334,181.925725977344,152.005149900733,112.292213871946,213.082472727085,193.207199510469,173.388347958195,114.492545399607,185.180980787561,175.387915936161,165.619195893256,136.56777716382,117.503450912426,98.8457778847268,177.926933439796,139.814021605971,121.264209162203,86.2520053641096,190.488251022776,171.539214721286,92.3952666298532,203.264703538711,175.274572512281,166.107055289329,122.392520942329,106.524599205058,99.1659012705014,179.488192813305,161.746275144632,153.093859368746,128.363341632519,120.659573921873,113.330956253578,201.91984165619,192.977307052061,184.147782875345,166.905284992575,158.523771406388,120.577787272524,114.132365687775,108.232957749542,189.229390678529,148.941805964612,107.663321286323
"22094036",109.927942283282,110.394940911631,113.986860437023,117.034697892803,120.849994906739,125.361578386,122.193936194272,116.693916951434,111.834778058703,101.922633473676,100.423549246927,99.9199372419258,100.460450433849,104.382182751683,111.836650398997,120.613993801782,94.8439080183462,92.1766549327264,90.4859874117337,90.4949265000413,94.8837273100977,103.00975338763,108.266839331879,89.5274116587955,82.4181558830016,80.5742215605802,99.1847797227101,92.3317988278716,80.662408862948,76.1591324748341,72.771373670631,69.9416681918658,76.1605207680902,92.4087571368741,85.0147573209125,72.1676930565287,67.0958646510347,63.2244535299941,59.9496153435323,67.1013875518296,72.1767306689937,86.2618477037992,70.8423469130434,58.3400397359419,50.9588755745132,50.9555003805994,58.3482437800584,64.1154644496548,70.8479306390511,72.3229559174819,50.053762755846,41.2085325238378,41.2082649029968,44.7292256723284,72.3197674623116,42.5062763443128,36.084972750937,31.6102962009439,31.6125228592571,36.0842460699801,42.581857418438,50.1319681845163,76.4422080153783,44.8757392447119,36.1603136338881,22.3636010040789,19.9856519674031,22.3657655655312,28.3376831474856,36.157653069729,44.8776628471845,31.7523478849199,14.1688855470229,61.0945903788898,71.023138843809,0,20.0886360024675,50.1258371098352,60.2679041508431,22.4316233965558,31.7449432767944,41.4006929176572,22.3634875418834,36.1541078628553,29.9660571895018,58.4794105700276,56.6622425221007,64.167355786728,53.8285665967583,58.3260778777549,70.8219562865405,86.233138985139,67.0688881876734,72.1460129777716,78.183187128454,92.3734891162547,86.0740079285296,106.41523145147,114.102636884323,172.540978692375,164.454170788193,175.50139203416,166.958012719713,150.406029921027,134.8381093326,170.599829842686,153.134435755604,136.397478475298,166.151448590419,157.09498329125,148.16027540183,130.786684969468,114.312779748154,134.646153177094,125.726315705434,108.488129394289,139.836643985514,130.495809651381,112.200611130559,103.301711482656,155.912781432663,146.226742552505,117.516592185844,89.7600734472214,80.8868631850799,143.810535661473,114.504374860435,85.7798944189905,76.4441363074132,67.317226348631,142.064897669798,112.303845370749,92.5989681509975,82.8173873354947,73.1074402440238,54.0587584256439,141.005104364582,120.973904337793,110.960171643001,51.2148579671767,140.648839751769,130.603431342049,120.556077159947,110.508759361028,100.461407432759,70.3230543576768,60.2775484546357,50.2320212538621,130.980828607409,120.968010729131,110.958007729616,80.9875928752167,41.4070842702279,142.059338483648,122.196418932583,102.429876031589,44.8781633714934,114.495137338514,104.835349138654,95.2492797363558,67.3154473550918,50.1306153096126,36.0822984719908,108.114108499426,72.3168630158361,56.6705060577612,39.9570125085155,121.265435174023,103.294050161696,49.9437476131595,134.625463299067,108.473631561664,100.248547893137,67.0862668332514,60.7693742621045,59.9307297829342,114.292420883737,99.1653027188808,92.3161644752744,76.140124048002,72.7500170408942,70.6389859045623,136.363168093591,128.358230272931,120.65950612802,106.442234485848,100.085341701265,80.5330279487302,79.9054388519609,80.5309768746925,127.498481198839,98.4638006787608,94.7995961150955
"22094038",111.764094402333,110.394552677425,110.383466549407,111.737540739044,113.969118168233,117.030317215145,134.761506652432,128.230196308636,122.183728036454,107.697245356056,104.363283411341,101.916672612822,100.457241100133,100.435466390621,104.364100472411,134.836769571147,103.00321775953,98.5261255780421,94.8401467085326,90.4927045445461,90.5184539648233,94.8450396432248,98.5012213435027,100.18563136578,89.4605869627211,80.5730649574775,114.310652997909,106.539559373446,92.3268168521944,86.1081532723097,80.661547650387,72.766720717363,70.6582585286652,108.482986623745,100.264776266722,85.0072826067704,78.2056868172075,72.1660686095436,63.2237095577421,60.7845211119554,63.2295651457791,103.296871392936,86.2580141301395,70.8372263396423,58.3402329763757,50.952469064436,50.9571303106814,53.8457249912282,58.3466635411166,89.7558930898675,64.1863735385275,50.0507210572489,41.2048810267894,39.9594339833556,56.6725782794107,58.491766703774,50.1282044444608,42.5000318625431,31.6098202414958,29.9705240256783,31.7096233253045,36.0837159388804,58.4922630803566,63.4966758922066,54.0556945210594,36.15575787459,28.3392675911342,22.3633268321028,19.9842285118419,22.3645399678729,28.337336272095,51.2122005771478,14.1655847968309,41.4059381143472,51.2117172376725,20.0886360024675,0,30.0372015532048,40.1793029483218,9.98963747651699,14.1659624926212,22.4363790486734,22.3673440274691,22.364422840382,36.0803059525515,42.4964522050094,44.7260935560699,50.0381789805575,49.94461195666,50.9440919222706,58.3284180746535,70.8215727904691,60.7621189727376,63.2080261685611,67.0763157132702,78.1828348771189,76.1288313457068,94.3632638508345,102.955757781738,189.277851510983,180.82353134916,193.029098279975,184.203307271859,166.943328542328,150.405914564399,188.583856741585,170.592942016542,153.129568974297,184.569321335357,175.312731118045,166.142184359637,148.152929235523,130.782525584308,152.897047672804,143.70530242846,125.723427450206,158.763286892794,149.253771913005,130.496193355971,121.275959639761,175.407002168327,165.642661683508,136.579964857972,108.119092608865,98.8524757175159,163.512717100979,133.996710783555,104.838241993017,95.2510183879396,85.7729079694446,161.979156427353,132.121002566582,112.298548213131,102.42775759282,92.5945669074407,73.103117011054,161.049871878337,141.003956989491,130.980027012322,71.0259527737529,160.737474917244,150.692066787992,140.64471263624,130.597394976372,120.550043102867,90.4116902193414,80.3661843743185,70.3206571933789,151.018374839739,140.997438454528,130.977165018017,100.952922358191,61.0946247252765,161.972131969314,142.052090785176,122.194789830747,63.4986682904077,133.985539560333,124.217451039759,114.491322129728,85.7705664848058,67.3137577763149,50.1282225061147,126.996189795355,89.7483844935432,72.3163128525698,44.7258459844038,139.813918403651,121.266192160015,53.8359770055041,152.87322736916,125.706578537935,116.969381342033,78.1988350035952,67.0852985694731,63.2117653421402,130.759968966676,114.289608685332,106.522599112495,86.0939181273426,80.6445382442668,76.1408153218977,153.091626296578,144.618633124002,136.359295630262,120.657875915266,113.319352770789,85.4000680535529,82.3957111348093,80.5356187936035,142.447420105404,108.225565173309,90.4485728322378
"22094041",120.860047514386,117.021866831916,111.726941420366,110.36565785689,109.910450770336,110.380538661808,156.513194139303,148.912508410846,141.623580791766,122.130207125844,116.641365590453,111.788903750482,107.693286794405,101.910503541891,99.9167654956172,158.494401339302,120.542202828383,114.126812037869,108.204559921497,98.4649114379686,92.143704037368,89.9285841332109,90.5002692835131,120.695467753082,106.395306484666,89.4349385256267,139.291826849951,130.698920094377,114.228155654136,106.4670978247,99.1118388044643,86.0496082059943,72.7420782787577,134.549291891332,125.636012591959,108.398744468802,100.181945541116,92.329094107907,78.1460971554058,63.1935672699025,60.7706708439783,130.403157511781,112.107258779469,94.5419069362838,78.2069488911274,64.0477792982267,53.8058839977838,50.9354119505858,49.9581139786775,117.418871968055,89.6673603440583,72.2350282293933,56.6012261604813,49.9903430998799,41.2325568894119,85.6823485888579,76.3495400974197,67.2241590461924,50.0504154853381,42.4324790826078,36.1095423390434,31.5777915223464,36.1373601863495,92.494131596903,82.7161357528366,63.4035929580567,53.9692810343999,44.7874639713697,36.0800882018479,28.2697189295107,22.32125676612,80.885801082568,41.3076982864836,14.2382222492102,22.5281003034257,50.1258371098352,30.0372015532048,0,10.1424888232293,31.6561780290891,22.347176939327,14.0960084313154,44.7868755886925,28.2647099937624,58.4015265873939,29.965652895801,41.1810532075191,39.9503738172611,58.2803778480032,53.7958318840146,49.9436689765929,53.8640519541565,63.1758863214325,60.7531707060347,59.9288747826504,63.2317086525968,69.9143802032538,82.4047947634736,92.120603684803,215.378652439696,206.531649043203,220.058388927897,210.933220420803,192.935795995544,175.410142427556,216.169614651547,197.634953181504,179.440883788923,212.675957702262,203.214151428428,193.80569154375,175.211653965764,156.992156096436,180.916967242313,171.466792455273,152.803054826488,187.51669253101,177.84656154692,158.666115896684,149.164223378905,204.771420420583,194.930112107388,165.539050514375,136.484418510082,126.910931895331,193.12191332445,163.413427877493,133.899811336501,124.125177158402,114.401561823348,191.824309008151,161.878166405627,141.958720116494,132.019620731749,122.097943807432,102.328190667535,191.03909443505,170.979679690954,160.946865289387,100.854008597538,190.77467275036,180.729265318442,170.681911289478,160.634594026551,150.587242347147,120.448890173793,110.403384582234,100.357857536674,180.99985806872,170.97154530227,160.942269067374,130.875538585862,90.8593379672586,191.813960833509,171.84103863662,151.90537610307,92.4922538637746,163.397249879387,153.535791867615,143.69384340999,114.394462982813,95.1512302251145,76.3450408997115,155.791192985001,117.404596442594,98.7529787696287,64.1030492437777,168.20695590368,149.146864995998,70.760732692506,180.884340741345,152.777439109552,143.587034527476,100.168426846209,84.9263475298149,78.1311043083461,156.960149339315,139.261260610318,130.672187392586,106.447960353076,99.0892051354349,92.2461218035657,179.391801286448,170.457374310959,161.652681965142,144.53286757724,136.265800882789,100.024903730911,94.3273152852943,89.3943984270487,166.820891009906,127.411559227585,92.0859818706371
"22094042",125.325641789281,120.780496240454,113.879709179479,111.63612431046,110.265277218388,109.809792039652,164.385530039564,156.51613090754,148.915433937587,128.15138612574,122.099969423726,116.602291997446,111.773790000081,104.276117668032,100.317447248297,166.891067771797,127.449191450958,120.557530005449,114.076715770769,102.922355414667,94.7614539592688,90.3850649912153,89.8262238713541,128.406032366636,113.273795253049,94.3313080193968,148.102860945969,139.321908958684,122.346555972222,114.246145192017,106.471769077087,92.2494639353883,76.0621712769767,143.658264627315,134.591223772809,116.931710053744,108.421867361267,100.198531153035,84.9370730457978,67.0035303036728,63.1294346052564,139.789660534201,121.22958471599,103.242884711653,86.1947297757886,70.7662155839345,58.2502878738483,53.7466873870294,50.8557560840706,126.970791032987,98.8090957766159,80.8281108325677,64.1206165236755,56.5949902902334,39.862553171018,95.2179666087332,85.734408595214,76.3965115919302,58.4367356713749,50.0652187841533,42.4969285363284,35.9940756647295,31.5118476143524,102.400521733296,92.5684938864899,73.0711021879782,63.4695278212295,54.0162330502372,44.8316152944017,36.1046015845994,28.2620339585211,90.9477295935033,51.187558594373,9.8871310758441,14.0998783666688,60.2679041508431,40.1793029483218,10.1424888232293,0,41.4286631420665,31.7775557123727,22.480499758161,54.0908270792972,36.2127104567079,67.3533101025165,31.7017720785885,44.8190390111018,41.2942388467213,64.1790192306652,58.4173198798753,51.0449029444015,51.040849809812,67.1713138206893,63.308638192531,60.8666604196785,60.8616677596031,70.7347594484034,80.6267671074005,90.5452294107751,224.368312547993,215.417416291206,229.313612715275,220.109269674499,201.919962911349,184.142609503502,225.588975154381,206.912640658187,188.532937934052,222.247909504221,212.732674571476,203.26312954169,184.517306602691,166.0914935301,190.484443956936,180.970618654312,162.143915591785,197.285673929233,187.575532808121,168.293089291028,158.725541689789,214.70922927491,204.848013451743,175.375592238248,146.184785748672,136.545032696291,203.132682572522,173.376276700268,143.781617298157,133.967090440185,124.193566825636,201.904214553332,171.935723199484,151.993410007133,142.039081281221,132.098561928279,112.27459384627,201.163072302194,181.099899466863,171.064728281731,110.941682465166,200.916712953347,190.871302392667,180.823948772233,170.776630230936,160.729278737015,130.590927354935,120.545422435398,110.499897542763,191.132393117003,181.10265643641,171.071662396875,140.997154790835,100.955980928493,201.91326448512,181.928947102501,161.976988082715,102.437842282513,173.394247122694,163.512838574084,153.646744295338,124.234845955707,104.85445494768,85.8007087405681,165.638207424092,127.0194576756,108.14276890552,72.366613250378,177.944588177295,158.770774849691,78.3379959022806,190.513987877013,162.191845059888,152.901095597608,108.52015421996,92.4553138040395,85.0662391773891,166.143364858329,148.16671345861,139.395662776605,114.351384464146,106.582569901169,99.2312927819088,188.567799275716,179.52281285719,170.588875031424,153.138549858201,144.658157733802,106.510505029442,100.167225528511,94.4643532349178,175.500134977654,134.855856018989,94.9034111739844
"22095038",121.602301987796,120.345861010803,120.335173281959,121.577906904549,123.63162431724,126.459429968486,142.323967199036,136.1557818055,130.477404540052,117.02381210066,113.963079022831,111.727184298233,110.401109422275,110.379633377813,113.964980231924,141.691512686732,111.829152828552,107.72275412034,104.359373602896,100.426435383913,100.452311176355,104.36558504214,107.699224902453,108.322912502853,98.4869373173535,90.4929525341305,120.678216726131,113.345056981593,100.104726924122,94.4001504151225,89.460472171051,82.4136284421956,80.5591554392598,114.303204962748,106.535621008971,92.3210800465893,86.1000775295514,80.6543808959729,72.7640959249801,70.6562684773186,72.7710382204635,108.477015362358,92.3994468039416,78.2005292637146,67.0917749639943,60.7775612075431,60.7827227360923,63.2241485298062,67.0994931038649,94.6234197446253,70.8355131433441,58.3362973936721,50.9509208800139,49.9490713442064,64.1106001218065,64.1832487050288,56.6672695982485,50.0462217406672,41.2034923481548,39.960161383724,41.306023556857,44.7291096074464,64.1873975970805,67.3073624774326,58.4857685971363,42.496896742322,36.0837629229705,31.6078382655013,29.9738657070686,31.6109607298502,36.0847047095302,54.0525043659107,22.3604062311377,44.8770371940091,54.0579190046435,22.4316233965558,9.98963747651699,31.6561780290891,41.4286631420665,0,10.0475187764732,20.091983433079,14.168945837257,14.1697108003485,28.3321696212291,36.1543594186759,36.0815471393657,42.4914042420323,39.9549746654369,41.1981052098861,50.0424270742471,64.1702290738194,50.9367826495459,53.8302759626151,58.3247292466579,70.8180822157545,67.0718770324509,86.0699756455969,94.3607540407017,194.731667530326,186.525256469369,197.875283237592,189.276339145274,172.525064689504,156.57961318698,193.024822891455,175.491210348024,158.568922691232,188.575694246121,179.526605519148,170.583201222108,153.117714274127,136.382248803763,157.077775707646,148.146078381172,130.777468705828,162.178389666072,152.881993961253,134.632233908184,125.716243401118,177.942906738438,168.326337288923,139.82429515002,112.191696392553,103.291793640829,165.628648286534,136.573036461405,108.114047939532,98.8458405297629,89.7488494777495,163.505753265527,133.990153242578,114.493575349903,104.830431186551,95.2462863379127,76.4357832717392,161.97022142818,142.055803016041,132.112053517807,73.0987177927232,161.040663769295,151.016398359586,140.992693266316,130.972876880506,120.957369296695,90.9566641030062,80.9797039023818,71.0218361882057,150.681077318641,140.636744011744,130.589282424648,100.45195665477,60.2676664189832,161.038175969326,140.988297413862,120.957547692797,61.0911241804056,132.104186215024,122.186556565988,112.285516170102,82.8062419328521,63.4950564835133,44.8724417246323,124.209602236941,85.7636396399788,67.3096891435957,36.0792502121308,136.557917144315,117.49935815938,44.7224257373809,149.233772595075,121.256753289432,112.175087934724,70.8305981065419,58.3316402633642,53.8328638630471,125.69686303466,108.46172350826,100.244556341319,78.1961507960025,72.1530134940629,67.0821667682265,148.116831283585,139.342580904847,130.750881600312,114.283299264626,106.506565330821,76.133506820145,72.7476619293388,70.6346942258933,136.35871025641,100.080019821886,80.5285200567208
"22095039",123.667110736401,121.597372097289,119.912515918143,120.324165913062,121.570844723808,123.631624430493,148.9097793677,142.318112950566,136.156166991674,120.842198426169,117.02114239378,113.962126755114,111.762748756254,109.918979930631,111.72643571249,148.984926432827,116.687582752868,111.859918403753,107.690767444903,101.921974389976,99.9434350864556,101.916725157134,104.364771787254,114.227826543941,102.994699433149,92.1503845055394,128.379170908415,120.677760122847,106.45654122739,100.10820918918,94.4006439476981,85.4192814447556,79.9282883969942,122.40559004973,114.305936729993,99.1732450608045,92.3223416650517,86.1012366748372,76.15190243504,69.9360495920654,70.6574072789274,116.9834840659,100.258340360166,85.0031888123959,72.163749973043,63.2181913844192,59.9436978710405,60.7796359883938,63.2243245865132,103.293627578292,78.2812696357587,64.1053099624406,53.8389097773987,50.9474468080315,58.3389343845178,72.3170831168519,64.1832518495383,56.6659943547397,44.7258565440443,41.2018111561433,40.0619592726687,41.2027742808662,56.6688571449354,76.4352704621775,67.3113431956437,50.1240236034258,42.505230083702,36.0797572057724,31.6115240157487,29.9711491847674,31.6094878308696,63.4972911364521,28.3315472473529,36.1567782933464,44.8752015019183,31.7449432767944,14.1659624926212,22.347176939327,31.7775557123727,10.0475187764732,0,10.044464829063,22.4397115916236,9.99359409964615,36.1575534922104,28.3304898960482,31.6110719294115,36.0709801912554,41.2002675846767,39.956127039597,44.7198892350126,56.6556106876105,49.9396001751987,50.9435674201563,53.828116223629,64.0882396645339,63.2015382766744,80.6249103976892,89.4225763152596,203.106131358378,194.734211757525,206.61135047331,197.881990675418,180.811023253876,164.441578739874,201.970865583392,184.192278325939,166.942805878316,197.72306228779,188.577432710073,179.522221824936,161.773577870384,144.644062063417,166.135579401887,157.076069732212,139.371969688552,171.555450598998,162.173673206001,143.699261693807,134.634006708214,187.608370913555,177.946954548251,149.252652327862,121.271461183277,112.192023259271,175.396840476994,146.211033144697,117.509253468776,108.112462187116,98.8471623535658,173.393356817744,143.801212332677,124.219046615838,114.495033735288,104.831525993605,85.7695952415275,171.94582706387,152.010332516559,142.052486187955,82.8094656758209,171.070171986382,161.043466356818,151.016830224896,140.993392249904,130.973376634537,100.949608250137,90.9590908906938,80.9819712246406,160.728595650773,150.684262394128,140.636800808971,110.499475246777,70.3151851318872,171.067262310873,151.012065524106,130.973172446777,71.0222272662375,142.043858666685,132.108670042716,122.185415489256,92.5884022141209,73.1003031980228,54.0542495717363,133.981633723848,95.2419861943277,76.4371009475483,42.5013100490723,146.194360466338,126.993305750405,50.0477463327911,158.736517053528,130.47711094961,121.253816795031,78.2758413298383,64.1022786393822,58.332606309175,134.612993501985,116.966868671093,108.463943326151,84.9995974245542,78.1943335583671,72.1563633138727,157.044643574721,148.118219222099,139.343444953034,122.384498135581,114.275068864052,80.6401894063358,76.1378622485169,72.7477528310097,144.618855462914,106.431834917281,79.9017620336198
"22095040",126.500021590991,123.6569619707,120.332541602307,119.904692078426,120.319309501704,121.57386751051,155.865076019994,148.903807120658,142.31852319987,125.35229149924,120.840677154212,117.021311950428,113.998680252789,110.377097057796,110.363497197882,156.582917413355,122.18105299364,116.718197484399,111.829476749654,104.369246127191,100.444349935991,100.420807693631,101.918721270542,120.681453266995,108.250341911545,94.8503744013718,136.384864964123,128.377737071668,113.343983384971,106.460342900063,100.10861297937,89.4593271288801,80.5576764574037,130.777003019817,122.407137968024,106.532894637685,99.1737969005327,92.3234203035779,80.6574904889826,70.6540717709843,69.9398302138218,125.716140616384,108.477990391555,92.3988461243103,78.2036796203034,67.090970580265,60.7791746311173,59.9437261890329,60.7829318484295,112.19227160395,86.255312592339,70.8358332758479,58.3372962313878,53.8369423169118,53.8421799338392,80.880869385148,72.315593260095,64.1813970066373,50.0500313993965,44.7253204546283,41.301159905411,39.9594419929671,50.0499132572018,85.7670724878199,76.4374300288797,58.4859299558354,50.1315004464701,42.5008213285674,36.0843891280939,31.6115000172003,29.971238097199,73.1007453103946,36.1550978071837,28.3338889321946,36.1594064895015,41.4006929176572,22.4363790486734,14.0960084313154,22.480499758161,20.091983433079,10.044464829063,0,31.7488690897739,14.1687777374999,44.8729261082544,22.3597036252902,29.9731149531513,31.5993528912752,44.7224062977476,41.1986794100568,41.1976458299263,50.0377293276889,50.9406349297147,49.9443051570811,50.9397450370963,58.3200334961652,60.7608200579583,76.1211181492983,85.3844265858783,211.624993193885,203.107300379763,215.460253616363,206.616411837674,189.266444108515,172.529550395106,211.014401562113,193.022660884505,175.491145474088,206.95210864814,197.722797446922,188.571205710673,170.580600644502,153.118284829115,175.299506752594,166.132078293728,148.147942830002,181.002448971778,171.548620735167,152.887124376041,143.699250672191,197.309709287278,187.610075958291,158.754900194995,130.491323298151,121.269924288025,185.19250041084,155.898461902174,127.002277242984,117.505517629674,108.111823211783,183.295765540911,153.640349558628,133.989656167526,124.218079467447,114.493794947889,95.2466650855721,181.92659829005,161.973636510102,152.004316038615,92.5896869840072,181.09877112785,171.070037603176,161.040995063561,151.014621388391,140.991006877419,110.949604195876,100.949214834647,90.9585811029554,170.773059049937,160.728725887447,150.681264314992,120.543939165212,80.3596493716792,181.095196000339,161.03558110803,140.990101536804,80.9786988409423,151.994336733893,142.045017565469,132.104186176031,102.418438379314,82.8069741481904,63.495031449421,143.788100676197,104.82271871126,85.7666698620736,50.1249536898967,155.879084731322,136.562786761604,56.6648505838059,168.298844649748,139.807700798314,130.470792569054,86.2464476477878,70.8304694478646,64.0999332823181,143.67463509053,125.695903364539,116.965179194423,92.3925289273792,84.9933286658951,78.1942545595184,166.096517400851,157.042443042921,148.115258089963,130.7521029675,122.371769052554,86.0847939363804,80.6412391952218,76.1351170098527,153.088880024391,113.315682271479,80.530449023583
"22096037",130.305183212565,129.919987466393,131.455514944833,133.351586519505,135.970678845742,139.273336999094,144.351357567067,139.001385808013,134.198264881295,123.633466281788,121.573077060847,120.32155981931,119.938576896495,121.588860752812,126.457194236432,142.322923932813,117.024491355553,113.997811554843,111.729591603165,109.917781620999,111.767431854534,117.029366652043,120.84979653392,111.890887793312,104.359014468768,99.9282506055099,120.602940343543,114.152851433671,102.998606531467,98.4928113254621,94.8396192378077,90.4824376867156,92.1427007420863,113.346395929147,106.460905215237,94.3979277553972,89.4593518356702,85.4208897955375,80.5599574796371,82.4202273265984,85.4298341326304,106.535194281704,92.324670648025,80.6552951401097,72.7681432555621,69.9372906744801,72.7710960533615,76.1583636690232,80.6658190601364,92.4023224572808,72.1653521956503,63.2233455157015,59.9467553426899,60.7805826883348,78.2090521300629,64.109356385632,58.3408543252575,53.8412820972341,49.9560529123279,50.9556916221054,53.9427172774634,58.3433250399156,78.2846472644288,64.1818531874027,56.6694026518467,44.7270882812718,41.2112827424592,39.9652039992899,41.2117962049921,44.7318839909041,50.0562842103929,50.1282057375354,29.9742004000121,58.4908074108675,67.3149123071071,22.3634875418834,22.3673440274691,44.7868755886925,54.0908270792972,14.168945837257,22.4397115916236,31.7488690897739,0,20.0890515984767,14.1632252216076,41.3972079573627,36.1509198040119,44.8599293787663,31.5977352471634,36.0701304627913,50.1134636330888,67.2926596181028,44.7054006459395,50.0334875293091,56.6500738864799,72.2914434244544,64.0811340405818,84.9673126979255,92.2800164511759,192.581969501541,184.827121070651,194.731122754916,186.529158837266,170.693824408805,155.861029553349,189.273271631366,172.531715875652,156.581952846358,184.192224662579,175.493322237741,166.939489170592,150.396811789678,134.826461552867,153.12047530752,144.643249087329,128.378434454489,157.07522812777,148.141058134979,130.776706697742,122.405764657425,171.554377180779,162.181700991347,134.632394868535,108.479581699307,100.259531447325,158.752158948539,130.489594383085,103.294572752324,94.6234885207649,86.2544844465403,155.897292068411,126.999941463505,108.11274371191,98.8479689910888,89.7509912006757,72.3158885832875,153.637943955517,133.992543082493,124.216225032294,67.3117845802704,152.002133151882,142.051120686471,132.11138696641,122.189782284172,112.290027191329,82.8079089811668,73.1000420570082,63.4967980871282,140.98866345557,130.971705075605,120.955953770095,90.9566860569968,51.2071995387454,150.680556838558,130.587529295306,110.497981274567,50.2238061813503,120.951137811947,110.946190048173,100.943045106982,71.0205022693755,51.2081348135734,31.746162418034,112.285110171712,73.0944650514543,54.0519799166722,22.3585020387843,124.203487859789,104.824883464454,31.6011813530013,136.556730146263,108.101057332163,98.832893450035,56.6616527714145,44.7179546469574,41.1929430389656,112.173281928334,94.6084168165703,86.2412663185459,64.0977092464051,58.3251803744273,53.8283371353495,134.604932166764,125.690617978953,116.958985835503,100.239303175409,92.373813836752,63.1999417196026,60.7602183299724,59.9214106998558,122.383009036834,86.0766123276521,72.7318356647358
"22096039",133.379495314339,131.463644064724,129.906110013137,130.285557636278,131.437328191175,133.345877489602,156.429881347096,150.168473166431,144.342220361966,129.997373214613,126.453203761745,123.627951645942,121.606661856567,119.912574027199,121.570355529011,155.861223011588,125.350069824745,120.871668661321,117.021466760977,111.736606355072,109.937028788062,111.731542959026,113.969001264005,122.250511358507,111.82500971227,101.926496664987,134.825863648837,127.514767462487,114.149587721115,108.253495919273,102.99872368025,94.8355113202852,89.9218824921308,128.375260375426,120.677461790734,106.454751107288,100.104046619333,94.3975396734932,85.4208348244397,79.9296436916993,80.5619843228114,122.402977229906,106.532769683577,92.321090368435,80.6567326849537,72.7627731323591,69.9372919516699,70.6550364054438,72.7690484774675,108.47706278835,85.005223670828,72.1639678166781,63.2204603020787,60.7767415143853,67.0948726170913,78.281764729723,70.836980344291,64.1048003031439,53.84156626187,50.9520255684638,50.0555533103211,50.9530059271968,64.1079683047878,80.8753419920752,72.3144210116853,56.6666074710322,50.0552805265016,44.7277496385659,41.2093443646577,39.9647431808925,41.2075688861926,67.3112271626874,36.0805609866706,42.5026662645941,50.1302387250751,36.1541078628553,22.364422840382,28.2647099937624,36.2127104567079,14.1697108003485,9.99359409964615,14.1687777374999,20.0890515984767,0,31.7459810792236,22.4318330468254,22.3616708251823,28.3216934589515,31.6022498257068,29.9625329424249,36.0712157305101,50.1113763124452,39.9460061965822,41.1930020613235,44.7118928824197,56.648371420338,53.8195032022798,72.1313052585313,80.6183390373969,208.679964835595,200.541320629162,211.621114801731,203.107814836157,186.516031016028,170.695638715624,206.610045592546,189.268939271193,172.528299334136,201.965478705747,193.021659163131,184.185429569638,166.93420386266,150.394477319349,170.579856489781,161.76974648937,144.642235804848,175.293466317214,166.123359784887,148.143400879789,139.3679108432,190.508277215943,181.002215448484,152.883782344767,125.715090222432,116.981563418814,177.93490141024,149.248151201229,121.269172789878,112.18832796124,103.289756026027,175.392119706356,146.206627153343,126.997349593264,117.504055052796,108.110324189591,89.7487003546964,173.386367047287,153.639205079991,143.794443752428,85.7677466592909,171.937939008514,161.965802848308,152.000443117315,142.047091732838,132.107529727893,102.418725033382,92.5875347084681,82.8074146561179,161.033869085163,151.010360310187,140.986510155207,110.946433387145,71.0185923695582,170.769607340735,150.67658040947,130.587032442815,70.3128577659344,140.98095537301,130.965791304113,120.949516681172,90.9536200077181,71.0193708776527,51.2066966247168,132.101280985143,92.5810452451339,73.0965932162131,36.1539507234528,143.779491394867,124.207419778103,42.4960729187819,155.876026541936,126.983563785259,117.487754111221,72.3075029924618,56.6616917485874,50.0421804542441,130.466860265828,112.171500854648,103.274765589905,78.2731036575143,70.8245509354209,64.0964640196876,152.85268752395,143.666855630807,134.602607422147,116.959825130303,108.445501917401,72.1465341881797,67.0765322772516,63.2028669356577,139.342360940515,99.1469045666659,69.9081679387498
"22097036",139.893986974052,140.263669522035,143.105796333455,145.543367700423,148.627353701157,152.318758977678,147.705565704796,143.18814003953,139.257020739269,131.432769944272,130.273449396427,129.885994313414,130.310970147974,133.352797872593,139.261826594327,144.338920051042,123.622585214784,121.596466342559,120.312369559909,120.322112868094,123.662412601719,129.995422931179,134.199523757128,117.065320724336,111.718552757372,110.370241976483,122.171876785583,116.678009289539,107.683261872639,104.352985207045,101.90803350586,99.9077252915111,104.356798140287,114.144046226562,108.246646835816,98.4793589373719,94.8272469730333,92.1295645834737,89.9156723912455,94.8348795241111,98.4921935216282,106.45055677524,94.3907963595194,85.4103137742654,80.5536434976589,80.5507654983644,85.4207861225591,89.4591129972745,94.4017342000854,92.3176017237114,76.1440040623058,70.6488569372685,70.6493435914988,72.7584781142003,92.3226922806439,67.086842876638,63.2162557630943,60.7729855128689,60.7766080419228,63.2179392189819,67.1851817876077,72.1640216924443,92.3988198937945,64.098490388122,58.3316666960636,50.9456771539597,49.9517082150294,50.9499657230627,53.8419772187887,58.3373305796267,64.107864484512,50.0453573903869,41.2025076980937,72.3143313570737,80.8785731832247,29.9660571895018,36.0803059525515,58.4015265873939,67.3533101025165,28.3321696212291,36.1575534922104,44.8729261082544,14.1632252216076,31.7459810792236,0,50.2201718719369,41.3981622357851,51.1982355642081,28.3277005643994,36.150996254724,54.0428772582182,73.0823636962578,42.4837159184986,50.1130897659232,58.4726619375188,76.4156798125476,64.161646101954,86.2189568139651,92.3597098976091,191.450375386157,184.197045757531,192.572047841173,184.821474674127,170.018324297944,156.418089134441,186.516966376979,170.691968922493,155.853609866222,180.807616394596,172.524490436818,164.431448368523,148.970528340936,134.741189733558,150.390642317948,142.461028246382,127.508704561014,153.109764043117,144.630116295647,128.368956745252,120.669607189282,166.12469668533,157.071289564766,130.768595997555,106.528462977772,99.1688187801894,152.876420309144,125.708330071231,100.253450529968,92.3938521299405,84.9987151497057,149.243317957457,121.262249516469,103.285905759382,94.617650548995,86.2482079156216,70.8306006027702,146.201455431142,126.99700075253,117.498442909384,64.177638196745,143.789424320033,133.982602360077,124.210295500706,114.486428219391,104.822788048296,76.4312547998121,67.3061746435991,58.4827831951242,132.103298811716,122.184264496854,112.283964936226,82.8031155517342,44.8672795628709,140.984363867183,120.951360730255,100.944073388063,41.3987447087165,110.489041454606,100.446991352223,90.3993774828678,60.2676018951209,40.177779498612,20.087963495625,100.941154949839,61.0871850880877,41.4026374942327,9.99095544751844,112.278050091451,92.5846817255643,19.9776904647985,124.202804993705,95.2375852337206,85.7577975318149,42.4984286378746,31.6054886368345,29.9646726083015,98.8327874767572,80.8677048036346,72.3063912561628,50.0460491993226,44.7197303979795,41.1978941835457,121.245309046495,112.169519695627,103.272244977908,86.2403534636622,78.2590361268276,50.9378581778619,49.9393816803096,50.9361491138761,108.461303345096,72.1452599667287,67.0663205172715
"22097041",148.669332561749,145.56191958729,141.324509312389,140.242103880106,139.87589625704,140.239102725717,177.213591418439,170.531770168501,164.199851091945,147.699748012141,143.187446181446,139.256476363511,135.991898126288,131.440233315089,129.882208359172,177.288111622676,144.33502543832,139.022206427562,134.189180184037,126.454464652983,121.58698821507,119.894022429534,120.315443425638,142.384913152564,130.465785621371,117.026984706308,156.566990734206,148.968284879395,134.737680860161,128.216886384612,122.171227474413,111.819030685203,101.905939001271,150.384992823953,142.460416750121,127.503734179869,120.589242524375,114.141421514785,102.989967040999,92.1302942583398,90.4759527921845,144.631374102029,128.366018377364,113.333678067754,100.097821051331,89.4506741051031,82.4062135712741,80.5491337690137,79.9235025735046,130.766339402236,106.525830179428,92.3156777589851,80.6489730367487,76.1417565913119,70.6488430517906,100.251232676746,92.3931735845931,84.996483908018,72.1584746224492,67.0850240341443,63.3093629129935,60.7719126839214,63.2135790765981,103.280362153186,94.6147706226762,78.2720836361701,70.8357196415865,64.1011124149572,58.3366732735301,53.8386667503521,50.9480526614186,89.7430601953442,56.6620369991636,41.1995675739406,44.72734367149,58.4794105700276,42.4964522050094,29.965652895801,31.7017720785885,36.1543594186759,28.3304898960482,22.3597036252902,41.3972079573627,22.4318330468254,50.2201718719369,0,14.1710651434144,9.98476868699332,36.1534997241833,28.3301471272338,19.9780831995099,28.325120911465,36.0760215395969,31.6068757540543,29.9633053092867,36.0675032196721,39.9488250112832,53.8165798069967,63.1925610687576,230.883073516641,222.649832363645,233.980799028904,225.417316220347,208.664267073995,192.568105758512,229.023168339278,211.611341536888,194.718925978406,224.397310577025,215.448230051004,206.593912152389,189.252516208605,172.51321578382,193.004998970357,184.171675481657,166.925275229393,197.699091294862,188.54789439372,170.566468400865,161.760119545887,212.738930549178,203.280269790544,175.28181391989,148.134979090191,139.358451380412,200.054395762204,171.538679349987,143.6879992197,134.620160840348,125.704388945058,197.290713701818,168.306669243517,149.2383781143,139.8122384423,130.47820041617,112.180533323868,194.998097491802,175.38442642972,165.613431952046,108.102357010986,193.194574022687,183.278790705431,173.374772147561,163.488827913261,153.623267937734,124.205116587769,114.482827308996,104.82105072099,181.907091787479,171.927441774209,161.952361729998,132.099306959309,92.5786883146582,191.112883110396,171.051525464828,151.000983119823,90.9477118477513,160.709209642507,150.667160049464,140.619546772319,110.487772623911,90.3979503286388,70.3081346667302,150.995156105002,110.934142028677,90.9485299323701,51.2030633306561,161.940373144657,142.03284204701,54.0473197370607,173.359098472398,143.773691345619,133.963579444474,85.7567486761025,67.3027810069953,58.4804655302424,146.177602907212,126.972458444942,117.480879825839,89.74080675747,80.8642847760185,72.3044880466954,168.276286586783,158.713524693341,149.212101715281,130.459435509813,121.228515476463,78.2641177873449,70.8238706890793,64.0940613524486,152.850927942308,108.445130953715,63.2016500751428
"22098040",155.205195948973,152.899263059313,150.221820578805,149.87780696252,150.208638504663,151.215979864797,178.266906839632,172.213185619047,166.552688271001,152.313790422673,148.622888322338,145.535022659504,143.124035578583,140.252284507599,140.238782779961,177.210485116731,147.699393972098,143.22045209476,139.258926144112,133.345486693715,130.302227486326,130.278159956147,131.436492249396,144.404448890487,134.186680084175,123.635900169422,155.847019978324,148.891348947463,136.145020711295,130.47053051713,125.342753644093,117.014232141056,110.359908204038,148.966660276117,141.676998131718,128.21255868842,122.168185005257,116.676849097,107.684726006409,100.413000567817,99.9129451582401,142.456871686188,127.504587629848,114.140391485452,102.991137783942,94.8292627841483,90.4758356852868,89.9168411413467,90.479512508888,128.365721407001,106.449419558395,94.3925980187922,85.4150674121093,82.4067355413239,82.4133936689804,99.168517664254,92.3180154786027,86.0951746499208,76.1484870382918,72.7599444247415,70.7511046909171,69.9325569460198,76.149333976093,100.246486193846,92.3924442658776,78.197000191565,72.1653097620706,67.0894202252031,63.2225955270617,60.7808655611415,59.9443530382406,86.2471000405692,58.3346928179571,53.8412466152098,58.3429031232249,56.6622425221007,44.7260935560699,41.1810532075191,44.8190390111018,36.0815471393657,31.6110719294115,29.9731149531513,36.1509198040119,22.3616708251823,41.3981622357851,14.1710651434144,0,10.0415328571904,22.4305560612593,14.1590827409189,14.1597140420158,31.7364073274046,22.352290619884,19.9711902803411,22.35022230003,36.1405237632643,31.5904664050204,50.0208554562863,58.3046119372422,228.619885146943,220.760253423284,230.879141384888,222.650456085385,206.652098292059,191.444385055223,225.410695707516,208.66752410363,192.5673297209,220.256028337119,211.609804989556,203.086084961238,186.503604926163,170.680817330127,189.251725640975,180.794166685544,164.424454624015,192.998658442532,184.163010961053,166.921027534103,158.549724485193,206.924308245661,197.698485477874,170.562851229253,144.63050012483,136.370096724375,193.865520161373,166.113779222912,139.357580032639,130.762932573454,122.392422568666,190.489227609375,162.159472537324,143.682911277649,134.618510115885,125.702846838973,108.466807713591,187.582557865511,168.305400354039,158.735087066698,103.281166582706,185.168564600453,175.375221969548,165.60845174306,155.878147540842,146.189970166142,117.491373402549,108.099851442327,98.8363811147124,173.366664638709,163.483384346142,153.61741638798,124.201274027908,85.7573526259526,181.901594026565,161.947261211582,142.03318816977,82.7969047908927,150.990379731096,140.972200537048,130.952151567815,100.935504748766,80.9690604567667,61.0837186806919,140.614850460145,100.434985179943,80.3506028200236,40.1723198646633,150.983889794745,130.952890579187,41.3949093548283,161.936215855555,132.085963521532,122.164651463026,73.085292136668,54.0426268908888,44.863668957324,133.956112925141,114.464756977888,104.803583767743,76.4262916293513,67.2946312205098,58.4743940295384,155.852031598605,146.167363431337,136.532355767288,117.474657063448,108.069849602357,64.1642803823316,56.6528058690485,50.0337722953372,139.78751151811,94.5894493704536,50.9284836336879
"22098041",158.099364861469,155.181879279016,151.214143515841,150.202704803246,149.860664595871,150.20009765275,184.65320372,178.250522489057,172.203019596494,156.550409779644,152.300746124901,148.611404689331,145.559658848482,141.315493081137,139.866976662829,184.182916053541,152.727482150382,147.719334557699,143.178352656568,135.957484403446,131.444749300836,129.878790718791,130.268210123167,150.223798315408,138.978163662469,126.449726890307,163.115009634868,155.836460695198,142.295768038651,136.137872000055,130.460425976453,120.821441536764,111.711471317054,156.554717803972,148.95940549332,134.727010335295,128.203468568722,122.15878825232,111.811089311065,101.897413386309,100.404817391188,150.374249974877,134.804718851206,120.579006815617,108.234730077036,98.4719856617598,92.12129414577,90.4642174199199,89.9082709811995,136.362065755995,113.326916980172,100.088899994882,89.4430436352317,85.4014772861035,80.5450673521562,106.517907496074,99.1586738000242,92.3061406844356,80.642021607886,76.1365289134522,72.8463758973493,70.6382332462205,72.7504886630777,108.456821775513,100.240552041944,84.9883009232974,78.194727957466,72.150737171573,67.0829008390151,63.2108525724605,60.7682384360946,94.6072994457334,64.092477661495,50.9417087685895,53.8363418559164,64.167355786728,50.0381789805575,39.9503738172611,41.2942388467213,42.4914042420323,36.0709801912554,31.5993528912752,44.8599293787663,28.3216934589515,51.1982355642081,9.98476868699332,10.0415328571904,0,31.7422750559896,22.4318871012363,9.99331501793024,22.4327316752984,28.3320657471224,22.364979332287,19.9785370337809,28.3266781906181,29.9640565729497,44.7093742811385,53.8196186082522,236.63819678092,228.612885720926,239.244153833863,230.876708472941,214.550988318972,198.93302368929,233.971722517064,216.958828164218,200.518255856028,229.010138146647,220.249357676808,211.596543218047,194.702392207467,178.476133716905,197.847532897638,189.240866301798,172.503265676407,201.935156295761,192.985517796998,175.460825146994,166.913468442721,216.219127569666,206.920250258965,179.492323439524,153.096082707004,144.621624374639,203.261280036886,175.270412920983,148.12536276431,139.347325479082,130.754948295585,200.043857233244,171.527695373661,152.863455461802,143.676090693088,134.610920370375,116.963154126704,197.278161413041,177.917612617663,168.294205859017,112.171713899551,194.984397487328,185.165446168955,175.368612586526,165.602553087453,155.871527690901,126.977848983025,117.486098446591,108.093891635904,183.264264148621,173.363448603929,163.476586774935,133.966369384455,95.2277720085358,191.884982055977,171.915797613655,151.980565439367,92.5715995776435,161.010886594034,150.989724535779,140.96600515649,110.931447552693,90.9413733847514,71.0077471290434,150.656381274933,110.476515255331,90.3921322183702,50.2138484581622,161.005161737151,140.967739739028,51.1991907329238,171.906208552055,142.021080882165,132.082440159767,82.7921184856066,63.4847432603003,54.0441648449717,143.762204257203,124.185759904911,114.463920558504,85.75768618409,76.4205183463793,67.2988314338206,165.579507787591,155.852386135106,146.165748016147,126.966030080417,117.461242165227,72.2987327744919,64.1711601707687,56.6579428658286,149.211818068264,103.257973535,53.8269798561623
"22099038",161.139080123554,160.195779899237,160.185112684242,161.118549426416,162.672166086577,164.831891999421,175.026032264276,170.047391132796,165.536181401533,155.156460877693,152.860808751166,151.201557087261,150.234324861041,150.212504758157,152.862270581938,172.206352125729,148.613008084831,145.557175827601,143.077397566978,140.237850587933,140.26280270668,143.083451174292,145.532785837484,143.235931440266,135.945545913771,130.276233428874,150.149529390018,144.322821211172,134.178222440801,129.978110264306,126.437354447575,121.554051327326,120.305257789292,142.296781089246,136.13757942176,125.327595993968,120.820088205552,117.002635221921,111.711812853311,110.351285283984,111.718070704025,134.729006804504,122.158836504421,111.807555891245,104.344845733158,100.40048532327,100.404923131741,101.900965552818,104.350306700821,120.581791835135,102.979731450733,94.8210807611809,90.465453879416,89.904045939965,98.4795261377405,94.3843685618562,89.4455175243087,85.4043340760652,80.544229664479,79.9151359820485,80.6476744255811,82.4030418292326,94.3880855469999,92.3061697629237,86.0873604288637,76.1369610232694,72.7559603159586,70.642282175416,69.9288403685213,70.6452846857849,72.7565516189189,78.1911760027258,60.7690993685402,72.1570934469823,78.2001023963325,53.8285665967583,49.94461195666,58.2803778480032,64.1790192306652,39.9549746654369,41.2002675846767,44.7224062977476,31.5977352471634,31.6022498257068,28.3277005643994,36.1534997241833,22.4305560612593,31.7422750559896,0,10.0448936197863,30.1285385009837,50.2121748836719,14.1560154879482,22.4287991980107,31.7385699538493,51.1937913349749,36.1421385920069,58.4608187318547,64.1517326211992,219.760828687559,212.524744831573,220.747656432356,213.076115611461,198.346023224391,184.647812443661,214.557262722804,198.935086097449,184.181309066635,208.657825280747,200.519675812794,192.555093044448,177.27092167724,163.036853405877,178.477669475924,170.670699444388,155.836404033356,180.785483200501,172.496397413214,156.553973184415,148.957313225697,192.991196527811,184.163982546335,158.540227927346,134.806192289979,127.496518652909,179.488833246705,153.093933049766,128.358321931379,120.657296645561,113.326415150112,175.269420716582,148.122566988232,130.755871111507,122.385602485575,114.284905953498,99.1583007029555,171.526356886511,152.866995561582,143.67428836361,92.3846680388519,168.291942292111,158.729610856394,149.22652038396,139.800654759459,130.466515460121,103.273429670307,94.6067939330139,86.2389483504074,155.870237491727,146.184906722463,136.547694018655,108.093215556784,72.3000326522534,163.476516477884,143.774316484462,124.196840150592,67.2972844009597,132.086198488533,122.16965178714,112.269990133587,82.7949267861265,63.4841330483917,44.8631773169364,120.936430598102,80.9628456384418,61.0830445017525,22.429467871026,130.561947905838,110.481208841008,20.0853996884016,140.963559943323,110.928156715216,100.927692737516,51.1994963470044,31.7424682403568,22.4331136807512,112.265447273659,92.5672221882985,82.7881390216077,54.0496251215791,44.864076780048,36.150988743953,133.950864115929,124.183276011038,114.460946077419,95.2237555874875,85.7349850456726,42.4905011168317,36.0736614050244,31.6006171631521,117.478780119269,72.2916325676642,41.1874204906859
"22099039",162.703293408305,161.138606656411,159.868642918722,160.175538060154,161.112592495745,162.673689778056,180.421487923029,175.019994105632,170.047802071506,158.056329101925,155.154268055355,152.860764515156,151.238234280866,149.875106940306,151.201766451321,178.254782956561,152.302328823215,148.644968152889,145.525236765458,141.313108608913,139.899560707315,141.308233454251,143.083955965669,147.751626487347,139.245762024359,131.433298145551,156.405125786144,150.149410276195,138.980845436548,134.180705097788,129.979396793869,123.611733624981,119.884415434478,148.882346517329,142.29957613252,130.456777813596,125.329748324749,120.821429983456,113.947482823412,109.892176626087,110.353798740513,141.666587639393,128.205294068196,116.666117190857,107.675792924254,101.896560964376,99.8998248221733,100.403407828391,101.90276519112,127.497503472435,108.235482579863,98.4749114446466,92.1229076388195,90.4627995698516,94.8246792546812,100.092261587728,94.3855947715832,89.4437767112325,82.4015975237571,80.5433322593603,80.018086105507,80.5441426062189,89.4467251259908,99.1574662898996,92.3093683301349,80.6419327360352,76.1445257793308,72.7528510674157,70.6463010412173,69.9272760394817,70.6446729252239,84.9930595631082,63.2099683634682,67.0834453534887,72.1596118059921,58.3260778777549,50.9440919222706,53.7958318840146,58.4173198798753,41.1981052098861,39.956127039597,41.1986794100568,36.0701304627913,29.9625329424249,36.150996254724,28.3301471272338,14.1590827409189,22.4318871012363,10.0448936197863,0,20.0836449194852,40.1672812907021,9.98347564491191,14.1606271876235,22.4278282188509,41.3883313435944,28.3197660687132,50.100405791612,56.6384837527062,227.21351473756,219.763587736898,228.610044931375,220.754678267055,205.592825970024,191.359083650568,222.63835042219,206.650085568163,191.436939247307,216.958609314971,208.660407938714,200.51555816148,184.797602086302,170.007096353454,186.497508919642,178.475782227902,163.114573688478,189.241096526133,180.781110664674,164.414985780451,156.555332644572,201.93576769596,192.99485222471,166.912991649932,142.450225308334,134.806648663006,188.538292065498,161.748615230388,136.364118435934,128.357208784415,120.658262117763,184.525620415645,157.051204037917,139.349014618397,130.757163897649,122.386231824649,106.517689880016,180.973705144301,162.156975343697,152.862492858448,100.242401893109,177.91073133098,168.295358755386,158.729145300261,149.227208566648,139.800562133973,112.172222957012,103.275542473487,94.6083182187967,165.600679508202,155.872676507741,146.183735102989,117.486589167233,80.8637809432836,173.361933267394,153.613725370159,133.967837423783,76.4234989836702,142.024309242738,132.090202048661,122.168300487675,92.5753802332173,73.0878606449169,54.0435392811097,130.949965473832,90.9398175685054,71.0120783431528,31.7408962550595,140.606840333689,120.52610169541,30.1302932282696,150.984557366449,120.935291771474,110.92747287841,61.0824284622359,41.3975424605174,31.7437456807875,122.162470970068,102.397687083443,92.5671651653126,63.4914939469044,54.0430523844702,44.866944363763,143.757774453692,133.952355178856,124.182374943952,104.805152796567,95.210032118369,50.115583448407,42.4937235996573,36.0733459521054,126.96968184308,80.8530126249957,39.9456350868133
"22099041",167.603161889662,164.85460715706,161.124551546024,160.175126492898,159.853979436151,160.17230045347,192.332957288194,186.19435677961,180.413435335227,165.539791716697,161.5267106416,158.052943645748,155.189381304557,151.214202586384,149.860291524844,191.359729080379,161.31107075634,156.579807307637,152.301224205331,145.53447734472,141.329439983552,139.872105588586,140.233728899189,158.314013635151,147.684709992213,135.962206419201,170.006734020221,163.036401161725,150.147153748886,144.324711200053,138.982375684926,129.977049375169,121.555359695368,163.111746561809,155.836712167557,142.294064262146,136.134030391044,130.457534026035,120.823105377753,111.712237415387,110.352690718006,156.552717916666,141.664301664839,128.202501021332,116.668651030321,107.673106805307,101.897792875489,100.402067259209,99.9015857676817,142.447502396189,120.581370952593,108.235183460842,98.4740857805129,94.8180083850552,90.4687473713446,113.328231659912,106.441380279831,100.088648671205,89.4457454032007,85.405901651378,82.4988013592975,80.5427949449878,82.4007672890016,114.281740471817,106.516099225292,92.3072335112416,86.0939333148037,80.6439698619336,76.1440703561165,72.7556734726994,70.6436834510019,100.241669227134,72.1517766999641,60.7703557518059,63.2171067841073,70.8219562865405,58.3284180746535,49.9436689765929,51.0449029444015,50.0424270742471,44.7198892350126,41.1976458299263,50.1134636330888,36.0712157305101,54.0428772582182,19.9780831995099,14.1597140420158,9.99331501793024,30.1285385009837,20.0836449194852,0,20.0836363840132,22.4350817151815,14.1668796302477,9.98522211242286,22.4271257526112,19.9707418319147,36.0600896026258,44.7026872110156,242.676505419336,234.857996947369,244.810204718207,236.640189614278,220.741353008852,205.595036134432,239.243122659698,222.634427212955,206.646302565523,233.966476895732,225.399011111369,216.951977370126,200.510273723516,184.795352330417,203.074169922626,194.698936086347,178.474665471789,206.575296251222,197.836033808658,180.783011069049,172.499869977209,220.105055810572,210.977946955901,184.156463728578,158.539969798597,150.372994310133,206.908061358644,179.488370024931,153.09443881894,144.618749112374,136.359265461936,203.257728805782,175.266519802118,157.048385882457,148.121258894785,139.345915645363,122.383654606758,200.037890094493,180.973915268526,171.522264145845,116.962252494474,197.270336579821,187.571811518426,177.907895418616,168.289809477544,158.724032360003,130.465094256383,121.247128192126,112.170658460932,185.156784363471,175.363293959547,165.596183906045,136.546578542785,98.8266978502134,193.176384345672,173.357570592531,153.610242497844,95.2271895414031,161.934228125754,151.974500649275,142.020896637794,112.270784449726,92.57109925539,73.0843518097599,150.98354405669,110.924618169521,90.9406419108571,51.196838232331,160.690482334064,140.609744625929,50.2139378822014,171.028703397522,140.959394514874,130.941461257371,80.9616032392296,61.0795924137094,51.1981054297825,142.01243171505,122.156901794729,112.259710595743,82.7955908545043,73.0809938042192,63.4815828913989,163.45188030827,153.590832140443,143.752249482425,124.181393553217,114.445552588499,67.2930579727294,58.4737616364532,50.1142043564793,146.167250776807,98.8108202763479,44.7115986511925
"22099043",174.68683214315,170.864401887762,164.834677797511,162.671913004289,161.107213373488,160.168082534891,205.519513713286,198.773563995244,192.322675622729,175.017981417771,170.044586761852,165.533394542234,161.55722421976,155.161770247429,151.196867290147,205.593322752346,172.199926503172,166.569614737126,161.307230277094,152.307140704715,145.541835781746,141.303528937537,140.229353018834,170.594371270548,158.235565211812,143.18889950198,184.792805686374,177.266060308776,163.030751075689,156.40060328624,150.14634151442,138.976876965859,126.433795607968,178.469412638079,170.667492862108,155.828853777786,148.875128530842,142.291671698436,130.456193703546,117.001537285678,113.946804240351,172.49498444234,156.54835151225,141.658797859867,128.201043524122,116.664145075494,107.669780998464,104.339553596022,101.896598655454,158.53528370812,134.800899567776,120.577237382849,108.231833794937,102.975047061131,90.4651224167005,128.353476746688,120.654026729797,113.321604117134,100.087760286443,94.3801259049386,89.5305012997084,85.4015546276364,79.9096840173572,130.747691869427,122.380019223175,106.511311721521,99.1608399217082,92.306299129691,86.0898928738242,80.6441745557893,76.1375148222917,116.959492789516,84.9871575273492,60.7654817917129,59.9362653633487,86.233138985139,70.8215727904691,53.8640519541565,51.040849809812,64.1702290738194,56.6556106876105,50.0377293276889,67.2926596181028,50.1113763124452,73.0823636962578,28.325120911465,31.7364073274046,22.4327316752984,50.2121748836719,40.1672812907021,20.0836363840132,0,41.3971071745895,31.7427513241548,22.4304853960456,9.98414442829258,28.3265778389642,29.9561322984237,39.9439442562132,258.774112271548,250.652693972996,261.548865788925,253.122144420228,236.624955106411,220.74108986569,256.345539560496,239.236799013917,222.628872419207,251.42782361895,242.645063259749,233.9576803548,216.944579515062,200.505851663822,220.234683959521,211.584844943383,194.695784753399,224.367883795288,215.413129985521,197.836146641507,189.233381151823,238.580978418166,229.309488923292,201.925051494384,175.45439503874,166.906290609705,225.569727860246,197.676588988801,170.549524937257,161.740814739275,153.087496235302,222.22563348429,193.850854551103,175.262009578376,166.099090224757,157.043649475242,139.341411827829,219.283811406989,200.036968079193,190.471493585948,134.604443438075,216.76145307717,207.001511544243,197.266524522739,187.56530883103,177.901727878435,149.218831090722,139.794421159887,130.46212167731,204.814782995601,194.974073662517,185.151610693335,155.863559374,117.478055512967,213.041091244248,193.17130672899,173.353591982561,114.466244418624,181.882224459234,171.905019944211,161.93034408191,132.082994111617,112.265943470015,92.5667421195045,171.028797536296,130.939581217124,110.925056959583,71.0030385395983,180.774116879272,160.693379861245,70.2975742253434,191.081187680434,160.998383685648,150.974007674734,100.921864974947,80.9592522303561,71.00387734307,161.92014395093,142.007296004919,132.070233103755,102.400154727566,92.5621614472155,82.7860020471636,183.230712721027,173.33150774202,163.446976039862,143.752130520059,133.930493323631,85.7432134014177,76.415994867887,67.2929420562898,165.575371597188,117.4594438405,56.6513521389629
"22100039",172.521292477077,171.047590282078,169.852115889863,170.140975373559,171.02353257856,172.495524365187,188.790508227036,183.6356406413,178.903664593213,167.549592047603,164.815216191896,162.658602072268,161.137620668105,159.858579885531,161.103108689853,186.184776355043,161.515540607844,158.074126909389,155.142717300931,151.200657686539,149.883034852168,151.197950993453,152.859356032893,156.596275271775,148.597759736873,141.306387956611,164.175911345513,158.228542620807,147.674209338475,143.166527342279,139.237525708397,133.314258726767,129.86788812251,156.389254731945,150.136958932456,138.965169125664,134.164752103477,129.964157907608,123.601570412822,119.875649491759,120.29988938859,148.867540399788,136.121992315138,125.315826482034,116.994586570543,111.699883194152,109.883297974527,110.341991372588,111.708937033161,134.716191382467,116.655409913262,107.663425315789,101.887703443269,100.389844346906,104.341067434737,108.224633832364,102.971001609888,98.4618682219906,92.1141310399645,90.4565255426822,90.0015594454698,90.4590756926384,98.4712634058311,106.426258988608,100.078053267116,89.4324887837749,85.4010944107611,82.3922336088707,80.5397948887207,79.9107484864712,80.5401840717937,92.298193106618,72.7427852841654,76.1380808872171,80.6478257232872,67.0688881876734,60.7621189727376,63.1758863214325,67.1713138206893,50.9367826495459,49.9396001751987,50.9406349297147,44.7054006459395,39.9460061965822,42.4837159184986,36.0760215395969,22.352290619884,28.3320657471224,14.1560154879482,9.98347564491191,22.4350817151815,41.3971071745895,0,10.0451357404721,20.0901181113348,40.173993692097,22.4328736771695,44.8578213895984,50.1065251900588,233.909716568128,226.680758851084,234.841159328518,227.20228773956,212.502037169436,198.765480249833,228.595908118083,213.057087435935,198.337323200537,222.619989193436,214.541914026605,206.62977662739,191.41622864171,177.180789841482,192.53957153468,184.781079575309,169.992418378983,194.68552942535,186.473569182678,170.656190963601,163.098439854202,206.562679683598,197.831893022303,172.485743032923,148.944237724175,141.652533299984,192.970021678828,166.896523150677,142.435829069248,134.791184529814,127.482429905438,188.523236147459,161.732379960235,144.606847340427,136.347839982972,128.34313130598,113.31431555103,184.508307871479,166.094761360909,157.034296195813,106.504226738209,180.954278341125,171.510929777355,162.135488900526,152.846645308638,143.658767998336,116.949392394773,108.446675934648,100.228922276992,168.275848052818,158.712945647838,149.209486100052,121.234855048381,86.2255660919748,175.349897758838,155.85664152986,136.535920870414,80.8515716988157,143.755977731371,133.951620737102,124.17991937165,95.2192475071628,76.4121624607335,58.4652066967158,132.074386226833,92.5582094960645,73.0772570722186,36.138158908406,140.947310003829,120.926333253568,31.7318653719576,150.640392921314,120.50954147478,110.465443673903,60.2493779153036,40.1644330687523,30.1219494907381,120.919274841061,100.914223968011,90.9246660436616,61.0800769507158,51.1901943098275,41.3888973788892,141.999782213388,132.065442229272,122.145769613979,102.387277393564,92.5427081454798,44.8579788748097,36.1461981188012,28.3258782876824,124.178270677041,76.4047307309398,29.9621626681204
"22100040",174.567750593467,172.522398430854,170.153389156237,169.848996977194,170.140498250462,171.030937905186,194.327898704585,188.789827785316,183.641522912051,170.835534103384,167.553293698142,164.820953202088,162.700953678961,160.178394268232,160.165222202785,192.322828316991,165.53237325112,161.553029837585,158.048172101351,152.865541050917,150.221962530689,150.197966299692,151.204060957552,161.368563004767,152.292085310637,143.086279763859,170.513102673915,164.18081394091,152.718164466519,147.682381431043,143.173319698114,135.942719674478,130.260599907635,163.028711501589,156.396966736514,144.31370450229,138.972618412238,134.171654250577,126.431735350884,120.30033786557,119.884135291111,155.827212246035,142.288645213823,130.449769426479,120.817972542701,113.940871038651,110.345634263098,109.888031305935,110.349689423616,141.65812808224,122.153544224082,111.805994507909,104.338964598768,101.891013876235,101.899032173381,114.12891153958,108.23098530263,102.974760415362,94.8178461752262,92.1191438490455,90.5642130734227,89.9037471238899,94.8204548232516,113.318091448573,106.434316317681,94.3774525766113,89.4457881478247,85.4035270199783,82.4023461105016,80.5445235661025,79.9155431860487,99.1536848565449,76.1356853838984,72.7532366736315,76.1465894093936,72.1460129777716,63.2080261685611,60.7531707060347,63.308638192531,53.8302759626151,50.9435674201563,49.9443051570811,50.0334875293091,41.1930020613235,50.1130897659232,31.6068757540543,19.9711902803411,22.364979332287,22.4287991980107,14.1606271876235,14.1668796302477,31.7427513241548,10.0451357404721,0,10.044984231413,30.1288597869743,14.1591399632109,36.1381378905495,42.4778570099664,241.347552220446,233.916977782203,242.666446577947,234.852461744911,219.745236315704,205.51100724533,236.627535234557,220.739401094928,205.588176167461,230.859199997898,222.626620457777,214.541923166744,198.918777527216,184.167720592052,200.503727565983,192.541875262128,177.262510190217,203.062440170282,194.68509430899,178.464995772965,170.661840431513,215.414897211095,206.569787491018,180.773986589796,156.546108240694,148.949135495722,201.917627924586,175.448414618503,150.366537294733,142.438980738261,134.79656375974,197.671627305344,170.542832118331,153.084576178158,144.611980217347,136.35246423156,120.650142564359,193.845575463512,175.261590603144,166.09332912559,114.277341800343,190.465154830091,180.960508853557,171.513167448122,162.139109221097,152.849529087126,125.685325941007,116.955130392776,108.452006131398,177.896477326831,168.280716270585,158.714249302767,130.457501088305,94.5980798295745,185.147494365573,165.588720484102,146.173809151303,89.7260821559773,153.596869485515,143.761976283694,133.952460491772,104.804375460939,85.7464827295617,67.291975544155,142.0135939919,102.391476241869,82.7875393953467,44.858266495672,150.969622079619,130.940572431738,41.3895000255912,160.685522676626,130.554672112732,120.510575365968,70.2945100417144,50.2095657299586,40.1670825092044,130.931912032602,110.913584371858,100.914029523682,71.0078344955099,61.0723052800311,51.1928641273376,151.95011651832,142.001620526549,132.064266720836,112.254754236881,102.372016760119,54.0348040431343,44.8591515627023,36.144524275438,133.946175586417,85.7326676173771,31.5947745433012
"22100041",177.152510927803,174.55512028175,171.036337891043,170.141804658332,169.839201547643,170.139017569067,200.20932919424,194.319633010469,188.787896281603,174.630110635234,170.830740558191,167.550172615016,164.854051059192,161.116315587077,159.845513634104,198.772512735085,170.040642873069,165.561144670228,161.51888297974,155.155654433953,151.220125205932,149.857327696608,150.19499754854,166.603013230362,156.5369023784,145.530814166579,177.186925333905,170.510734497029,158.232462502993,152.718789898294,147.680821691006,139.239632265568,131.41350434208,169.996469038701,163.02943235382,150.137464338738,144.313150325959,138.971489735656,129.970445957958,121.547841900558,120.299867017924,163.102878877561,148.871688924073,136.125286690541,125.323991591909,116.995972266052,111.704351075341,110.341696773252,109.886807879847,148.948417357065,128.197245209018,116.66102661939,107.667025723378,104.333566492047,100.39838498885,120.575548987102,114.127497097663,108.227013729433,98.4685947071242,94.8141482561135,92.2155424788287,90.4586179255006,92.1167475918722,120.647508195968,113.319476325562,100.082146633847,94.383012324787,89.4396424585945,85.4051673845457,82.3985664618786,80.5399329438859,106.510648722681,80.637166121548,70.6374889578078,72.7539183136095,78.183187128454,67.0763157132702,59.9288747826504,60.8666604196785,58.3247292466579,53.828116223629,50.9397450370963,56.6500738864799,44.7118928824197,58.4726619375188,29.9633053092867,22.35022230003,19.9785370337809,31.7385699538493,22.4278282188509,9.98522211242286,22.4304853960456,20.0901181113348,10.044984231413,0,20.0838757550325,9.98551980346018,28.3172392060472,36.0611265867671,248.962794887174,241.348478806979,250.644689605676,242.671800491429,227.195846422217,212.511101890935,244.802759845956,228.599538658535,213.06011743345,239.231598637039,230.860284800197,222.620959474105,206.631739761162,191.420898773044,208.642434175158,200.500287834134,184.78702295076,211.579984933548,203.056689006618,186.482757171306,178.464770186016,224.363593149579,215.41751518234,189.227786304627,164.405014936085,156.54481635683,210.960217335685,184.146781421648,158.532105545509,150.36378806147,142.438288116427,206.899722270389,179.479030087528,161.737472868326,153.084599400673,144.611240826614,128.347835454713,203.247226231687,184.516456144408,175.256277457366,122.376606493241,200.025525801893,190.468177602357,180.959480369859,171.51327768756,162.13833070407,134.600049962982,125.686347531428,116.955443527788,187.559166738086,177.898542624158,168.27908274081,139.790315399072,103.264999069637,194.968364008842,175.353990007912,155.86076776694,98.8213139832662,163.4608766221,153.60084799961,143.760632255617,114.466004633145,95.2227022209796,76.4166764328628,151.965448009448,112.260578047764,92.5672964636498,54.0371168032052,160.994096059779,140.958448385507,51.1946453429136,170.730506726037,140.599656290113,130.555559597375,80.3394942481335,60.2545498536449,50.2120665404028,140.949639214897,120.921099283079,110.91409846823,80.965470201161,71.0012535540462,61.0765247863377,161.913078083176,151.953115874059,142.001637189243,122.152461058705,112.240939222932,63.4776968459531,54.039601288513,44.8624568269489,143.753948681972,95.2092272808848,36.0700477495431
"22100043",183.867649446195,180.240708277095,174.534749639387,172.493198875139,171.018050009999,170.133781071348,212.907960101137,206.403539261779,200.198835571866,183.638822111527,178.905241687459,174.623258689347,170.861028907032,164.825749324328,161.098028328111,212.509592843494,180.402528078701,175.038230797778,170.036433688626,161.524358795011,155.16308427147,151.192995975068,150.189621545537,178.31265596881,166.526966003983,152.303110571663,191.418571730743,184.163137848011,170.505469244525,164.177620699489,158.231397567824,147.67505967134,135.937451089629,184.782244228093,177.258817485587,163.021631175534,156.388520975376,150.135180662967,138.969928943919,126.425141638148,123.603843276314,178.460419782748,163.098685956831,148.866384593094,136.124181408147,125.318882354296,116.992337224244,113.934948483898,111.702315789498,164.400704781945,141.65359435118,128.193549244622,116.657329463377,111.797363896207,100.393724564478,134.794658962257,127.485351581709,120.569190918933,108.225977607911,102.970553668573,98.5552077099344,94.8092934838811,89.8938283278511,136.346250333727,128.34454471982,113.314978698855,106.436209533629,100.081228048771,94.3789442161546,89.4393852515908,85.398183111792,122.374410275919,92.2990253879361,70.6317718318785,69.9204097011081,92.3734891162547,78.1828348771189,63.2317086525968,60.8616677596031,70.8180822157545,64.0882396645339,58.3200334961652,72.2914434244544,56.648371420338,76.4156798125476,36.0675032196721,36.1405237632643,28.3266781906181,51.1937913349749,41.3883313435944,22.4271257526112,9.98414442829258,40.173993692097,30.1288597869743,20.0838757550325,0,22.4329296607747,19.9719881012263,29.9598000581507,264.677950750282,256.743767258003,267.0175037572,258.769487812147,242.656881815527,227.196048141553,261.541552670365,244.797297697617,228.594237971312,256.3342333924,247.726094509303,239.223645672722,222.614159554743,206.627743422079,225.379002693809,216.934689923554,200.497611911242,228.983711541214,220.217135634681,203.057365195651,194.685809260262,242.515064772804,233.400369629361,206.560242109896,180.77102370199,172.487029543438,229.292092321226,201.915494991345,175.446601630192,166.897028036221,158.525806026272,225.561370567254,197.667423125431,179.475511154666,170.53961474642,161.733399465418,144.607331463043,222.215191493623,203.247295515243,193.840575097963,139.3344276131,219.271730158618,209.629435365467,200.022802539201,190.462616919016,180.954295061458,152.846931823067,143.661260612797,134.597784031799,206.98900698701,197.257286673193,187.554811591244,158.712725506186,121.235011749254,214.667237251639,194.964830171487,175.350748424105,117.472824668242,183.242664809787,173.344364149316,163.45817824017,133.953697119351,114.461888196382,95.2192397050104,171.896171257333,132.073072335294,112.26227192796,73.0770101283621,181.04404912198,160.998555210125,71.0010198733639,190.81438082922,160.683531005107,150.639434838462,100.423369748333,80.3384255168842,70.2959422646485,160.988896410638,140.945694455288,130.928414951521,100.926136187859,90.9290467470905,80.9564067365561,181.859473370168,171.882109524189,161.909567382995,142.003206208831,132.05168416083,82.7826512208661,73.0787544349363,63.478697100498,163.449047483019,114.446390319863,50.1129517418763
"22101041",186.747241310279,184.285932497529,180.956289515059,180.110731412052,179.824721168739,180.108183397256,208.265766269075,202.610430447736,197.311575084214,183.81287511654,180.207350450352,177.10084666963,174.554669779363,171.028171226468,169.831033234703,206.401249265818,178.901029340192,174.651045970771,170.822462941355,164.819976480391,161.122537887783,159.842847289522,160.159660741045,175.06842828365,165.517560402815,155.151741064715,184.627057810068,178.230246411804,166.523285255559,161.293592026968,156.532348886699,148.595495928281,141.289529122191,177.175557730252,170.502705319634,158.221546082853,152.70650961756,147.669233796109,139.232572683104,131.406027577436,130.253020273579,169.986352205875,156.383762762166,144.303436346693,134.163651992077,126.419729140686,121.539994685028,120.289021410221,119.872327540631,155.817268042989,136.118955506715,125.315534910291,116.989555706889,113.929339042772,110.338517710912,128.190489971177,122.145842446494,116.65194996658,107.661069260067,104.329450574859,101.984091438221,100.388311552609,101.885453440106,127.477231394679,120.565691196685,108.219604863767,102.972886530423,98.4619845048751,94.8130619229138,92.1143204527702,90.4558314275824,113.312824785822,89.4322832594693,80.534260143042,82.3977698195366,86.0740079285296,76.1288313457068,69.9143802032538,70.7347594484034,67.0718770324509,63.2015382766744,60.7608200579583,64.0811340405818,53.8195032022798,64.161646101954,39.9488250112832,31.5904664050204,29.9640565729497,36.1421385920069,28.3197660687132,19.9707418319147,28.3265778389642,22.4328736771695,14.1591399632109,9.98551980346018,22.4329296607747,0,22.4249477220985,28.3187177837426,255.483485798012,248.0699336079,256.733688197357,248.956565576033,233.897394708219,219.662316025873,250.635605839533,234.836522664018,219.7393914756,244.789488201536,236.615640904823,228.584337146107,213.04422834328,198.326860525587,214.529777278844,206.620208470777,191.41112931681,216.9276185229,208.623461985865,192.530599601122,184.775745900237,228.977031247368,220.219057753632,194.678069300929,170.651880182045,163.093626293898,215.397749862938,189.216375879813,164.395596694764,156.534208094085,148.937995633409,210.950206983802,184.135611049207,166.891401846674,158.520782013373,150.354697926902,134.787436859133,206.887434512161,188.520213075047,179.467167783341,128.339282816131,203.23269528399,193.834475700473,184.499933569775,175.245452985014,166.081967588693,139.327641498242,130.737431571313,122.368138748736,190.453607083388,180.948251792272,171.50048763943,143.654569045394,108.442170459633,197.248297401139,177.887498714221,158.706966639476,103.257838024054,165.574830003253,155.849402499778,146.161518112766,117.470046498184,98.8150101782064,80.8508619540638,153.589720970455,114.453511842112,95.2170735031247,58.4648854826175,161.912189795323,142.008245875398,54.0331104559115,171.013849425399,140.946244123108,130.930329544214,80.9518246295076,61.0712172129837,51.1906678715675,140.587811930536,120.500871516639,110.456401478435,80.341828124281,70.2898864127397,60.2491086196084,160.978089206632,150.957509566744,140.936428352984,120.914710628508,110.892972168867,61.070918703658,51.1917139248158,41.3896147557883,142.001339835117,92.5476570528314,28.3247746727093
"22102043",202.459122318033,199.172542468362,194.023881821941,192.188942774132,190.865768162136,190.074400937647,228.277700213995,222.223702034624,216.473523807612,201.259783257026,196.950462670032,193.069682904454,189.678088163328,184.25859905594,180.930800190165,227.027331587574,197.301380974351,192.412673347636,187.871228626547,180.20579346267,174.530286874966,171.007991744287,170.121936768516,194.369204364858,183.616426990259,170.825113580349,205.484977684363,198.744610648883,186.161965846727,180.384800054539,174.991122962617,165.508512872551,155.128136974988,198.313706844205,191.324210529163,178.215609165128,172.170052339328,166.511318455114,156.520462996043,145.498908509067,143.055211685459,191.396986860118,177.162327500783,164.155790885107,152.697560540764,143.149671526924,135.921617396112,133.299551403097,131.397239353402,177.238341541046,156.373065866332,144.295272769375,134.152417465625,129.948741949607,120.281762483697,148.853534784387,142.269729961402,136.107499590618,125.306530258807,120.797181258472,117.074536836928,113.921663151465,109.865816314009,148.924801903719,141.636714731617,128.177588611166,122.140611592839,116.644915782855,111.792274790756,107.655245939935,104.322686029018,134.777964800641,108.211866149592,90.4450753523215,89.8923976526468,106.41523145147,94.3632638508345,82.4047947634736,80.6267671074005,86.0699756455969,80.6249103976892,76.1211181492983,84.9673126979255,72.1313052585313,86.2189568139651,53.8165798069967,50.0208554562863,44.7093742811385,58.4608187318547,50.100405791612,36.0600896026258,29.9561322984237,44.8578213895984,36.1381378905495,28.3172392060472,19.9719881012263,22.4249477220985,0,9.98781196415393,277.18614547809,269.621317803153,278.704523200892,270.813992103693,255.463332564096,240.828339050352,272.731724978063,256.720910917606,241.321287307666,266.995236929295,258.74343924343,250.61595890442,234.815743941981,219.720886462144,236.595429244365,228.566739999802,213.031204371809,239.197557504676,230.820272459259,214.512743087447,206.606844368275,251.386797439342,242.606800877367,216.912122991208,192.518277336706,184.762859175007,237.818540762312,211.552312459738,186.460351921753,178.440481636052,170.637579603879,233.370369388932,206.537396701584,189.203202970518,180.750117310964,172.467161636719,156.522459074389,229.269095828841,210.939298462821,201.892113529124,150.342805799957,225.533745195212,216.172675074483,206.87122280675,197.644025807369,188.499522642613,161.713162475474,153.061897596922,144.590143613749,212.676888968924,203.218996285822,193.816243128499,166.069888222888,130.724864236507,219.24679675879,199.999753957307,180.934575044248,125.665709273654,187.530637053301,177.872598860606,168.254286823796,139.771077945557,121.221007569291,103.249135159449,175.327224220219,136.515484881774,117.460154891264,80.8425340865759,183.217186044594,163.442288290359,76.4034867278325,191.839521721489,161.904479465973,151.943954619672,102.37799477594,82.7729181925881,73.0680480353186,160.973173773137,140.930897024925,130.913602438506,100.914506037239,90.917261236731,80.9448605417862,180.741947154993,170.701242299103,160.656704570944,140.577037506216,130.517542344843,80.3263734689408,70.2854120769348,60.2445155109271,160.973826352161,110.893143553163,41.3855850707402
"22103043",211.850957264095,208.713032551565,203.805374774945,202.059014283589,200.800721698586,200.048896225334,236.222554788299,230.377472750311,224.836206127173,210.229770442967,206.108208408327,202.40334985724,199.172833735484,194.017955251518,190.859928613322,234.588679800013,205.958973957781,201.282493744356,196.944348223774,189.647024559497,184.264179087333,180.930291985387,180.093231295215,202.66038162804,192.371294213115,180.204148812347,212.874147665811,206.375678195724,194.288890181544,188.760903031498,183.613881316596,174.600786671601,164.794987076024,205.475151108719,198.738196163305,186.153046258822,180.37427544176,174.98146046154,165.503536756222,155.122463751874,152.833131772424,198.305067888568,184.604685120958,172.162198386954,161.275071390405,152.266369707687,145.492706713403,143.046369525899,141.275739124518,184.135983783567,164.15125381298,152.69114834937,143.145100773404,139.213364511944,130.237264497182,156.367921242435,150.114678344283,144.288139259428,134.148432019011,129.946556563156,126.501921195398,123.581708780756,119.853628266489,155.795947768742,148.845240554361,136.101865038648,130.43302146168,125.301776820602,120.798082406712,116.980208809309,113.92100281554,141.631541332937,116.639304701754,100.377170429803,99.8802095998683,114.102636884323,102.955757781738,92.120603684803,90.5452294107751,94.3607540407017,89.4225763152596,85.3844265858783,92.2800164511759,80.6183390373969,92.3597098976091,63.1925610687576,58.3046119372422,53.8196186082522,64.1517326211992,56.6384837527062,44.7026872110156,39.9439442562132,50.1065251900588,42.4778570099664,36.0611265867671,29.9598000581507,28.3187177837426,9.98781196415393,0,283.762166393524,276.377892340871,284.894792063399,277.181175857926,262.204103939796,247.968369463293,278.69654072106,263.050272516439,248.044649453911,272.719437957673,264.646878064503,256.706818756807,241.306749641221,226.645575715313,242.62737093986,234.805440305272,219.712507081576,244.757417365314,236.577599018337,220.697042019529,213.02125390604,256.292649544994,247.687186713824,222.581348866452,198.885810849765,191.389127117102,242.587588956967,216.901640118182,192.510050415632,184.753558492241,177.229329584319,237.80932345353,211.541926381049,194.655321125051,186.4501842258,178.43255955323,163.07334597356,233.358719077122,215.378645818633,206.526426891861,156.515166116766,229.254734176146,220.05286315792,210.923133651078,201.8819255908,192.938981681512,166.868802428997,158.499855973271,150.335445189005,216.158512009884,206.860485882945,197.631573470278,170.509477699077,136.323308984902,222.176115808921,203.208543320715,184.476393008664,130.718631237375,190.42620187732,180.923527818337,171.477209764626,143.6370161057,125.66020793679,108.428160947421,177.86156198055,139.758682733906,121.216078083193,86.2121989270651,185.104632799362,165.557229682872,80.8395041035856,193.12663223501,163.429945566533,153.569794293846,104.779729966235,85.7276538015466,76.4000789331853,161.892403417367,141.981502627765,132.044478358948,102.380980664488,92.5428202003227,82.7673088408499,181.009191143021,170.985159815607,160.958980519546,140.924371547599,130.891923190214,80.9398608615364,70.9863104005411,61.0620470491472,160.655873268321,110.436310466775,40.1583067810406
"34084022",140.943671553958,151.053619162012,171.133739061933,181.15565014875,191.193641462053,201.22732492734,70.3456081600598,80.3954707705064,90.4422121205241,120.591666688892,130.638422377064,140.688255127301,150.734801093866,170.837687093635,190.928168089958,61.113374217412,110.990686833231,120.991893177673,131.016110816731,151.05877558583,171.152193580229,191.186230770372,201.223136191941,102.357641457894,122.235692445152,152.040372285113,76.4625301326111,85.7986191941334,104.869469372014,114.528007298097,124.25540706562,143.841421668853,173.434992657512,80.9049509540551,89.7770920412924,108.145598832436,117.542064661806,127.036540166608,146.24698830853,175.438211427123,185.234956805653,86.2791320479852,103.320323944229,121.302262214783,139.861846065978,158.789527360654,177.981749867629,187.64392108583,197.346424364717,100.28212352674,125.743072139341,143.730470754953,162.209041102366,171.586648592949,209.708325751848,130.799771840558,139.395480363014,148.174222811988,166.157921163301,175.323913320842,184.547081193337,193.917755340869,222.2970622923,128.400118420344,136.404141900978,153.141584781646,161.789501190947,170.602162635457,179.536742450387,188.585345360114,197.735633947229,142.486234014448,175.504167110849,220.153801737103,229.357759928742,172.540978692375,189.277851510983,215.378652439696,224.368312547993,194.731667530326,203.106131358378,211.624993193885,192.581969501541,208.679964835595,191.450375386157,230.883073516641,228.619885146943,236.63819678092,219.760828687559,227.21351473756,242.676505419336,258.774112271548,233.909716568128,241.347552220446,248.962794887174,264.677950750282,255.483485798012,277.18614547809,283.762166393524,0,10.0485687733781,14.1771293384692,9.9914519545078,22.4483518938022,41.4191475616681,22.3777984048687,22.3659558038444,36.1673483778091,31.6295998897868,29.9813425615051,31.6200878851276,42.5169365231715,58.5094970905082,44.7398693505138,50.0672181634543,64.2035359642074,50.9682357789497,53.8596586114808,64.1253709669899,70.8572901335912,60.7965673528367,59.9584427554298,67.109692703502,85.0259470649849,92.4232913591875,69.9589530171802,76.1697967953303,92.3423908767075,99.1964703296474,106.557117183176,79.9460610282086,85.4382202770702,94.4152796235719,100.123230582527,106.476318576589,120.697414053419,89.9350016418389,92.1466696775093,94.8502713705741,127.532716563442,99.9308994072478,100.428570100984,101.926073130151,104.370645540787,107.703074591952,122.192101381464,128.237576288089,134.762589117532,110.373432733121,111.736257245627,113.974583273623,125.357768077209,148.912927407544,119.91134621436,121.571940230834,126.458387264789,156.429370523968,133.344908867976,135.96646433082,139.266066025814,152.741802043586,164.208340606527,177.216152975316,145.53904118656,161.325421277146,172.214015659448,198.362591866525,152.876551536578,158.060657886478,205.523612818045,161.115804215783,167.56076379069,170.831811187367,194.329460113929,206.415440631628,212.912362611315,177.112983699173,183.823825702855,187.899702491318,202.613623168235,208.270246156365,214.241067903036,182.341684368157,184.264078716802,186.714476368968,193.084460707845,196.977458765809,222.235992948626,228.285214767843,234.605419302946,196.346824360309,214.754852324799,255.317029165683
"34084023",130.922167537309,141.028515033129,161.103219313183,171.123087055766,181.159363407124,191.191612805629,60.2970395413789,70.3469024336654,80.3936438587079,110.543098335531,120.589854137421,130.639686920643,140.686232364869,160.789118727062,180.879600092559,51.2269043419308,100.98726751541,110.980798875325,120.999508773734,141.033985397906,161.121948096218,181.152361927742,191.187813554327,92.5235246403125,112.334942273126,142.085512666705,67.3351527286424,76.4652280157764,95.2844135829932,104.863664539963,114.530143020142,134.030634547739,163.547576458634,72.3405456895044,80.9045990753033,98.8797443795284,108.147550036984,117.542001740996,136.609623725823,165.670645738765,175.437368106205,78.3052817808263,94.6513702386897,112.223586206539,130.526898561886,149.286088557326,168.362005580541,177.979342284268,187.643540370653,92.4247995896014,117.010250900869,134.664630565198,152.918632874117,162.210949188992,200.101068574652,122.428608769035,130.802520293379,139.398264479439,157.101708621438,166.159691783465,175.288810412598,184.582820106177,212.783919112184,120.700974226412,128.399226400325,144.667774154838,153.135436963298,161.795328959221,170.599558067482,179.536445749679,188.590283592913,134.843358361089,166.956471602642,211.023660925925,220.150867775666,164.454170788193,180.82353134916,206.531649043203,215.417416291206,186.525256469369,194.734211757525,203.107300379763,184.827121070651,200.541320629162,184.197045757531,222.649832363645,220.760253423284,228.612885720926,212.524744831573,219.763587736898,234.857996947369,250.652693972996,226.680758851084,233.916977782203,241.348478806979,256.743767258003,248.0699336079,269.621317803153,276.377892340871,10.0485687733781,0,22.4506497501248,14.1768839205029,14.178721852754,31.7609332413109,28.3539998225072,19.9842937145263,28.3434359534932,36.1068673738508,31.6254275659207,29.9842241904812,36.0962180234984,50.1468444365146,41.2187894511256,44.744482098747,56.6883415525133,49.9707985723026,50.9717167031659,58.3568252026748,64.1271683968507,63.2416074623685,60.7981180343625,63.2392202949873,78.2246992456028,85.0282280058703,70.6797900144421,72.7833314496674,86.1215790033358,92.3458288158236,99.1983317067691,80.578032430228,82.4339844774538,89.4764281851517,94.416749163499,100.125632765457,113.366446191353,90.4974759028605,90.4915329753048,92.1535646804243,120.618428996865,100.437663386538,99.9276988713062,100.43226765935,101.926527705332,104.373398955154,116.700661442901,122.19294801856,128.239235093912,109.917931430413,110.375612523021,111.741017989756,120.849971017334,142.329112594471,120.334561820264,120.322800110361,123.635743786107,150.175935784689,131.441382293229,133.345495846548,135.967778310955,147.704615288526,158.263067854201,170.542102547389,143.093788470611,156.564831015426,166.555248997567,191.371807072423,151.219536095526,155.163388298102,198.785303455841,160.176373888764,164.830733346894,167.553543450444,188.799673296532,200.212436141048,206.415874697496,174.532620428259,180.222328786711,183.82953571236,197.31698340173,202.6232169182,208.271680948459,180.955415256179,182.339811669562,184.268713355489,189.659364693454,193.098397652172,216.487588432218,222.239414688101,228.285130767714,194.023315798674,210.245570060454,248.712170087797
"34085021",151.96187134136,162.013464149071,181.994757432487,191.974719446906,201.974882198042,211.97463251932,81.0175622988283,90.9980748026746,100.989799996409,131.025355785745,141.044564591839,151.070694411728,161.09876012268,181.165451115939,201.227353039718,70.3427988572095,120.591507986936,130.632538777829,140.685697066725,160.779518649165,180.912850707271,200.975678614591,211.025558764122,110.891772533561,131.023199214194,161.082829668211,82.8379764061671,92.6230982966032,112.336170476062,122.230367991504,132.155363454892,152.052276390925,181.975343753541,85.7988160652521,95.2771919305309,114.530241335238,124.257423049477,134.029856919799,153.680877057356,183.341323636335,193.260021054056,89.7779448044004,108.143242474163,127.035704778267,146.250872707776,165.667540672692,185.238064177323,195.058228043305,204.902510559377,103.317724875367,130.519042077782,149.286483456761,168.35542358026,177.976463626819,216.838284856281,134.657646258032,143.726328144117,152.917118682955,171.581871231667,181.031107131732,190.51376240325,200.104237560486,229.039724969132,130.801180785288,139.392794284955,157.100283001373,166.150260559031,175.320007055869,184.573509295442,193.90770380693,203.315283255204,144.660825334262,179.537900638742,225.630682206379,235.049855305745,175.50139203416,193.029098279975,220.058388927897,229.313612715275,197.875283237592,206.61135047331,215.460253616363,194.731122754916,211.621114801731,192.572047841173,233.980799028904,230.879141384888,239.244153833863,220.747656432356,228.610044931375,244.810204718207,261.548865788925,234.841159328518,242.666446577947,250.644689605676,267.0175037572,256.733688197357,278.704523200892,284.894792063399,14.1771293384692,22.4506497501248,0,10.0454943497131,30.1502046673949,50.2474136992591,9.99334740481648,22.4432983359805,41.4181032565969,19.9901712917909,22.3659853924965,28.3427332806088,44.8922139480814,63.521850190223,42.5131052976803,50.1444045968597,67.3338498832074,44.7394191124049,50.0685023148488,64.2030929852158,72.3373681596248,49.9624873302497,50.9609853130952,64.1234163238687,86.2759253448022,94.6478079067407,60.7977874926623,72.1809330253105,92.4195463664989,100.280907157116,108.50207997322,70.6666615928514,80.6726292772433,92.3403264924495,99.1924645509617,106.553531978774,122.426555725534,80.5666650670013,85.4265657651002,89.4720895213865,128.39441128486,90.4930820792123,92.1454511076315,94.8461020838088,98.4993653252888,103.008888013577,120.61379116344,127.528839651882,134.839199737257,101.918915360002,104.365224825868,107.69989428723,122.186691550648,148.989520820674,110.372080706025,113.961331004208,120.842771161923,155.862466604749,126.453388793443,129.993774167168,134.196005092448,150.164567153518,163.056749637951,177.292155342949,139.260010863059,158.257405014159,170.531452061373,198.943660657812,145.53778580478,152.305702711689,205.599054310458,152.861498127704,161.526323210327,165.528772835656,192.326530888727,205.515509923946,212.515484283483,170.831669660684,178.911868485374,183.64751924167,200.194758155759,206.407701747824,212.905326736605,174.526091146551,177.104670013488,180.21378871963,187.883207294871,192.407677053885,220.496072680964,227.036515086743,233.822536014982,189.64933929762,211.054714014084,254.99768375346
"34085022",142.009024520177,152.049097636403,172.012863163857,181.986094455463,191.980534019829,201.975416563538,71.058921353681,81.0201388110546,90.9983736027516,121.011055898466,131.025767531393,141.048311488431,151.073612867304,171.135794135894,191.19453324073,60.2973061930329,110.546015602288,120.587045205471,130.640204920515,150.734026268822,170.867357775464,190.930186818603,200.980067028888,100.891641432479,121.00991965149,151.058364080914,73.1309918863381,82.8440461688237,102.467668856346,112.333177869386,122.235862636254,142.101000068503,171.994966788371,76.4693310757975,85.802167088398,104.869800249471,114.535980017335,124.260744013327,143.843090883425,173.440018868032,183.343888355315,80.9095633921676,98.8813841206018,117.545159863198,136.617268277119,155.939431753957,175.444228570137,185.238914206318,195.061339792414,94.652920742365,121.302394937793,139.863026447328,158.792653825018,168.360688482004,207.077845787166,125.745418295004,134.664636296971,143.732708321341,162.210131694131,171.587264858329,181.006786749782,190.546352586563,219.362443578489,122.434219566934,130.804204864485,148.176119685235,157.098170182611,166.159878424257,175.321363318305,184.576803295156,193.916418845745,136.405093370424,170.604959279863,216.268938204087,225.63173545843,166.958012719713,184.203307271859,210.933220420803,220.109269674499,189.276339145274,197.881990675418,206.616411837674,186.529158837266,203.107814836157,184.821474674127,225.417316220347,222.650456085385,230.876708472941,213.076115611461,220.754678267055,236.640189614278,253.122144420228,227.20228773956,234.852461744911,242.671800491429,258.769487812147,248.956565576033,270.813992103693,277.181175857926,9.9914519545078,14.1768839205029,10.0454943497131,0,20.1047136473252,40.2019210597595,14.1771168454262,14.173989376371,31.763517077152,22.38058830429,19.9898917003789,22.3756171059458,36.1775673836515,54.0809866259846,36.0965803469387,42.522139789051,58.5130316436003,41.2214685195738,44.7486847994008,56.691753000625,64.2087020278685,50.968105573653,49.9669926117537,58.3589828697228,78.306357214522,86.2824630715984,59.9675032499838,67.1133665805751,85.0288885839187,92.4276243722762,100.286824045956,69.9546111643475,76.173213800042,86.1235230607518,92.346133904646,99.1990743889945,114.329953590943,79.9435518073395,82.4258979400964,85.4379615902439,120.699630214792,89.9394495651333,90.493435735594,92.1530949973893,94.8507647365237,98.5063740667411,114.170189110775,120.618902384275,127.534674730705,100.428208176085,101.924732185914,104.374069992159,116.69941496845,141.702746056859,109.919896264423,111.731210750646,117.029975308847,148.9131318272,123.634168734654,126.457751394551,129.999503749727,144.344337222125,156.428085951638,170.032652531868,135.965745128005,152.746294815258,164.205534406733,191.451781463468,143.096046482355,148.622959875823,198.359375981293,151.208263959195,158.058977409392,161.523519316682,186.200387729043,198.781667519761,205.520256104078,167.557413919708,174.636409852279,178.921787256753,194.31788621039,200.209052306119,206.413306936705,172.496596487739,174.528025985732,177.11337864299,183.817221043972,187.902252437414,214.234803687679,220.503641063949,227.040744322082,186.706708950782,205.979419811629,247.98206954665
"34085024",122.138573221105,132.14667559764,152.063222082751,162.018781445577,171.998399751472,181.980824362339,51.2338974981291,61.1204167721109,71.0504930643484,100.989363438705,110.990779513091,121.003013888307,131.0205110138,151.070419039789,171.120816229557,40.1925946256309,90.441303407077,100.482335723405,110.535492412903,130.629314045408,150.762646438809,170.825473963304,180.875354123803,80.908999362134,100.98690855366,131.00387883691,54.0689774336615,63.516489150634,82.8402096746966,92.6168898393409,102.453148723048,122.227863766623,152.043691258639,58.5037455236364,67.3287408489176,85.7947022645136,95.2756012676401,104.860378233004,124.249085169959,153.676170334509,163.541810119981,64.1980985576288,80.8986588407905,98.8728059433056,117.537335452605,136.602071438665,155.934197767737,165.663479010648,175.430533845672,78.2957418587122,103.311887768431,121.295144902145,139.850253861443,149.279318929796,187.628647763733,108.493941571913,117.002009256941,125.737822736,143.719058435558,152.909231968934,162.167504801687,171.577859875171,200.097631117972,106.550239920715,114.318323432644,130.79410865015,139.380848165339,148.162625038103,157.088390706743,166.144213355326,175.31330078304,120.686756905142,153.130959337414,197.726127130421,206.952084781491,150.406029921027,166.943328542328,192.935795995544,201.919962911349,172.525064689504,180.811023253876,189.266444108515,170.693824408805,186.516031016028,170.018324297944,208.664267073995,206.652098292059,214.550988318972,198.346023224391,205.592825970024,220.741353008852,236.624955106411,212.502037169436,219.745236315704,227.195846422217,242.656881815527,233.897394708219,255.463332564096,262.204103939796,22.4483518938022,14.178721852754,30.1502046673949,20.1047136473252,0,20.0972098017577,31.7669019144218,14.165068732276,14.1647152707242,36.1794742870151,28.3466592466488,22.3680129883026,22.365597283841,36.1669633503623,29.9737665212473,31.6143018845269,42.5096206648254,41.2132815509661,39.9685616345991,44.7336580318651,50.059130992739,58.3526124213396,53.8522569996716,50.9594784908897,64.1166085578549,70.8495071388921,63.2389489616572,60.7882611908951,72.1729735411397,78.2160351387964,85.0196107405228,72.7776363493775,70.6632674527432,76.1585741794314,80.663969627835,86.112272814167,99.1877251178655,82.4240695291639,79.9307583807308,80.5629355605571,106.467167679193,92.1504030912135,90.4860248230757,89.9268589772688,90.4837243787496,92.1419063443576,103.002773007088,108.257661964498,114.157596127731,100.420305805682,99.9158168744225,100.421345944773,107.691223333184,128.228160062165,111.735029078534,109.900989802729,111.725333020759,136.154125184976,120.314684599564,121.564672909691,123.621378490077,134.186471717623,144.335095416983,156.416524298725,131.42671459099,143.185219166459,152.729815629416,177.203460118596,140.237064337245,143.07774180025,184.645181497425,149.859589148313,152.855951709979,155.139435135426,175.013246512561,186.186801325332,192.317731002244,162.658088524004,167.547824571031,170.831727649503,183.627061041866,188.782669154928,194.313943543068,170.131598405026,171.014438243281,172.485136412895,177.096744039898,180.214339507602,202.603321929746,208.253743528333,214.222965947931,182.323118279988,196.952476960325,234.588258426542
"34085026",102.364288502882,112.321235597629,132.165898136956,142.095693741196,152.054195537907,162.01921970058,31.7651939214372,41.4230875794768,51.2300336952613,81.0145359115475,90.9924889627452,100.987434718203,110.992302982872,131.023527160135,151.061913518877,20.0953851761775,70.344094542556,80.3851259247139,90.4382838962792,110.532105209942,130.665437009096,150.728265918533,160.778146158957,61.0162852748019,81.0135329384985,110.976290014147,36.1686222617853,44.8899344243245,63.5234804294263,73.1234540696406,82.836259547004,102.455187924398,132.148440837613,42.5146346486483,50.141139210229,67.3343573059492,76.4635159264328,85.7968283242976,104.859751848705,134.024158715596,143.833936573398,50.0637882575133,64.2020884732705,80.9033427726645,98.8768222693558,117.534253401703,136.607934338328,146.242706013189,155.931320722228,64.1220823069247,86.2742383789099,103.3173883102,121.295120812951,130.517760710078,168.344780599841,92.4178176689661,100.277711444324,108.500243981798,125.737442905884,134.65557444532,143.684158133937,152.912262499675,181.027189962802,92.3416443565882,99.1916279097038,114.322779244254,122.417399905977,130.79444138705,139.384573963815,148.160280515757,157.093431089117,106.470019054368,136.397802333897,179.532656048183,188.578331153157,134.8381093326,150.405914564399,175.410142427556,184.142609503502,156.57961318698,164.441578739874,172.529550395106,155.861029553349,170.695638715624,156.418089134441,192.568105758512,191.444385055223,198.93302368929,184.647812443661,191.359083650568,205.595036134432,220.74108986569,198.765480249833,205.51100724533,212.511101890935,227.196048141553,219.662316025873,240.828339050352,247.968369463293,41.4191475616681,31.7609332413109,50.2474136992591,40.2019210597595,20.0972098017577,0,51.2367312838225,31.7587621576404,14.173269734431,54.0852499470024,44.8978544329636,36.1729951259137,22.3701343669165,22.3706582467024,36.0944942802168,31.6207041441213,31.618594235493,50.068988653538,44.7406063824541,39.9717614566777,41.2155652651881,70.8612754478376,64.1295166548969,50.9664844699747,53.8522258681693,58.3511912397862,72.1918415083321,60.795622189853,63.232134524248,67.1052896095949,72.1793702340281,80.6797585136984,70.6710046026096,70.6643596748106,72.7746551068601,76.163957277089,86.1169589806341,89.4787816027355,82.4262964128932,80.5701529501357,94.4110224093748,98.5115435423221,94.8512797915348,92.1521765059624,90.491041156901,89.931052562737,94.8451414045375,98.4985498908891,103.006855303922,104.370977155716,101.923946432986,100.428575426102,101.918838814329,116.693020245848,117.037654209317,111.730280409267,109.911102506904,125.351668999915,120.321716635985,119.899973762195,120.317901478749,126.447462689372,134.193983593352,144.339837156707,129.889053968119,135.959824986593,143.185640569465,164.200314349748,140.244022944094,140.235492870918,172.205976332871,151.208321976009,150.199196346301,151.193078066345,165.535941848031,175.016169798085,180.409410710312,160.164390195739,162.664637342118,164.824804281521,174.619786306876,178.907781573593,183.639269782142,170.138798611271,169.837451593925,170.135716803278,172.485102224454,174.529879289756,192.39005496173,197.311456240355,202.608076217615,180.103758174274,189.649963700492,222.22359061106
"34086021",153.601019287769,163.552651642889,183.365886385914,193.274690826745,203.210653952774,213.152604525873,82.8515593556568,92.6342796902386,102.466764705066,132.168196246699,142.106804223679,152.063056837575,162.032099726335,181.994815045711,201.973737408949,71.0542130187074,121.009362217377,131.020915498457,141.044274382935,161.094198044526,181.193947543199,201.227489480851,211.265463529686,110.446772090326,130.645694879644,160.77713199939,81.0142340858731,90.9960567406407,110.999370824024,121.003002471738,131.021306651445,151.067835801554,181.153864429496,82.8426069733368,92.624514611766,112.33329239338,122.235864104008,132.158069425817,152.051575213025,181.978018502172,191.967360110431,85.8010620285374,104.865581775408,124.257803857455,143.845331469608,163.547725652045,183.34491491469,193.261286899225,203.192783244555,98.8767746200208,127.033212740553,146.249278911248,165.668265676633,175.436633461095,214.758842804606,130.519108913911,139.856729105948,149.285885794077,168.353977874169,177.974670489834,187.617396714991,197.343454733228,226.631578319726,125.744685963335,134.659524625431,152.916368113975,162.200359773941,171.581243162323,181.026199789808,190.534202980834,200.100416397266,139.391260901189,175.320185959583,222.289236356431,231.844406023651,170.599829842686,188.583856741585,216.169614651547,225.588975154381,193.024822891455,201.970865583392,211.014401562113,189.273271631366,206.610045592546,186.516966376979,229.023168339278,225.410695707516,233.971722517064,214.557262722804,222.63835042219,239.243122659698,256.345539560496,228.595908118083,236.627535234557,244.802759845956,261.541552670365,250.635605839533,272.731724978063,278.69654072106,22.3777984048687,28.3539998225072,9.99334740481648,14.1771168454262,31.7669019144218,51.2367312838225,0,20.1046927160586,40.2001953665337,9.99682405105178,14.1698266340672,22.4486452789327,41.4264572734858,61.1232454854638,36.1716272167542,44.8947977906808,63.5226196130006,36.0940519445615,42.521921755826,58.5109015394564,67.3368613399316,39.9691413007855,41.2119566641768,56.6874864142773,80.9041750152022,89.7788455653702,50.9695706162903,64.1249811996465,86.2763273621254,94.649786832427,103.320293710906,60.7922188679939,72.1821567096371,85.02465466586,92.4212668675529,100.280914327414,117.008573458966,70.6629914937225,76.1593186292278,80.6709938710484,122.426159466707,80.5697445029613,82.4225346429761,85.4314756566396,89.4706967124088,94.4128596462079,113.361754841787,120.693349406175,128.393694930676,92.1438187858261,94.8430657477359,98.5008339165536,114.16239547066,142.483669944032,100.424791708851,104.358615364687,111.832880246054,148.987087864578,117.022783104936,120.840194094431,125.350099450297,142.31565267254,155.858595967486,170.695605335355,129.991042219622,150.16665453229,163.051397643074,192.570663614801,135.962266569099,143.184524214841,198.937756834115,143.078754422538,152.302046408967,156.541371546587,184.648336042047,198.348734537245,205.5929611527,161.520983193521,170.044517757922,175.020227692737,192.312064872036,198.771456957911,205.510667918145,164.818322429701,167.546828989572,170.830075619919,178.902841983054,183.648504191112,212.8965263171,219.663260970276,226.670204795802,180.20323188139,202.609873543077,248.053649338877
"34086023",133.938663996324,143.834312805501,163.563047149661,173.439547907178,183.348077664309,193.266674895298,63.5239553022636,73.1294913758955,82.8388601062163,112.334224803748,122.233037218523,132.157658383408,142.101752690744,162.025596832811,181.977320785297,51.2259132300707,100.986080715094,110.984948741161,120.997665115243,141.03307317655,161.123195995491,181.149735364594,191.185042883699,90.3420803966429,110.541005069819,140.672441636908,61.1148198015294,71.0485358357107,90.9952911642939,100.981575564814,110.986629264702,131.014720774447,161.084296916168,63.5198813444574,73.1245346701015,92.6206061062406,102.45637775938,112.327540914314,132.149306597141,162.011375623289,171.985965488099,67.3346485402414,85.7959946252356,104.862146909862,124.25510289682,143.83318685877,163.545912148372,173.430016346325,183.334032164478,80.9018376830711,108.138620421569,127.032084052259,146.240957794197,155.930962349445,195.043848697775,112.214350727087,121.295549818333,130.518146575702,149.27796123742,158.782355496417,168.323909178266,177.969949025137,207.072146980539,108.502008738542,117.005442657353,134.656987779075,143.716030017684,152.909577421333,162.196878067791,171.571410144359,181.023529666873,122.422891450353,157.094605700354,203.308624095101,212.767105466349,153.134435755604,170.592942016542,197.634953181504,206.912640658187,175.491210348024,184.192278325939,193.022660884505,172.531715875652,189.268939271193,170.691968922493,211.611341536888,208.66752410363,216.958828164218,198.935086097449,206.650085568163,222.634427212955,239.236799013917,213.057087435935,220.739401094928,228.599538658535,244.797297697617,234.836522664018,256.720910917606,263.050272516439,22.3659558038444,19.9842937145263,22.4432983359805,14.173989376371,14.165068732276,31.7587621576404,20.1046927160586,0,20.0955048398698,22.458754270178,14.1815916577952,9.99993056342679,22.448917547307,41.4215895955085,22.3739139423416,28.3481522143094,44.8905538320216,29.986504862957,31.6265919482582,42.5177651196943,50.1448217316597,44.7463689425294,41.2215739020739,44.7437371140445,64.202636169047,72.3372055857591,50.977772356252,53.8590882065291,70.8549010489233,78.3023174986833,86.2772327917367,60.8008972279184,63.2402469879595,72.1816481532537,78.2220680442444,85.025086807941,100.279681172795,70.6716274498136,70.6654777664428,72.7806571410551,106.552863023058,80.5784582195862,79.9434051701255,80.5729632075327,82.4285379556773,85.4355780328189,100.122230989881,106.473114547125,113.360687483291,89.9336377167807,90.4925032872158,92.152508224453,103.009123583636,127.528758805966,100.433957931781,100.422109690025,104.367865727092,134.757279147086,111.733687148188,113.967683826927,117.025208858876,130.477419554189,142.318919430461,155.858665623498,123.629256582771,138.999436850541,150.163075915794,177.287937755087,131.439206685002,135.958982690112,184.18538941665,140.236960954169,145.530575843431,148.608668937673,172.206344907673,184.647149730659,191.355639417763,155.153090473747,161.526572958451,165.541103435321,180.401516316947,186.189821348994,192.321141913146,161.109879379549,162.663704462002,164.822719067488,170.828466990462,174.637863075012,200.195339195719,206.401085941298,212.896832670345,174.520841405092,192.394240813501,233.814515602871
"34086025",114.442449410539,124.251967861465,143.85570550016,153.686053620162,163.556122995815,173.44251805564,44.8984240095957,54.0794160128599,63.5228157629936,92.6288856948552,102.461006494102,112.33465868791,122.239747319078,142.10554125195,162.018449550596,31.7600796212625,81.0138863769537,90.9898959545696,100.984603521635,120.996659666459,141.072212345204,161.088688473279,171.120263419925,70.2465767782985,90.4455003000125,120.576937036021,41.419873459084,51.230467504834,71.055255424844,81.0088797167824,90.9905136377714,110.988219088003,141.032953663814,44.8915985494068,54.0729278527983,73.1268821683994,82.8393203860714,92.6213955022161,112.325826727137,142.090887870222,152.044433747333,50.1440079070921,67.3336333503853,85.7974944158922,104.864785874831,124.249438608276,143.83793789841,153.676217970663,163.54196990054,64.2016101963569,89.7735348008185,108.141669588726,127.02913705306,136.603962376238,175.42322550247,94.6436176641013,103.315206633158,112.216744319735,130.51446966792,139.850431531702,149.248887214706,158.782836093508,187.633290590205,92.4214256128055,100.277705919855,117.00521689951,125.731659079023,134.653449466338,143.716216043126,152.90382824599,162.198674755609,106.549471912234,139.387896094212,184.569590502248,193.901220600528,136.397478475298,153.129568974297,179.440883788923,188.532937934052,158.568922691232,166.942805878316,175.491145474088,156.581952846358,172.528299334136,155.853609866222,194.718925978406,192.5673297209,200.518255856028,184.181309066635,191.436939247307,206.646302565523,222.628872419207,198.337323200537,205.588176167461,213.06011743345,228.594237971312,219.7393914756,241.321287307666,248.044649453911,36.1673483778091,28.3434359534932,41.4181032565969,31.763517077152,14.1647152707242,14.173269734431,40.2001953665337,20.0955048398698,0,41.4276137009316,31.765205812517,22.4458785664361,9.99438327018464,22.4487312508359,22.3713394465373,19.9889120746925,28.344905628616,36.0946894061855,31.6192943845328,31.6192232750468,36.093186831985,56.6880060182293,50.0677815720852,39.9732236043311,50.063469489657,56.6847921125431,58.3615451773287,49.9664294519361,58.3509870197895,64.1226692099512,70.8548957853216,67.1120894597747,59.9597860120027,63.2324292173252,67.104614054564,72.1788714778431,85.0230102477967,76.1685896051438,70.6632966345179,69.9481752594379,92.3389220018936,85.4398706771666,82.4274586445294,80.5699474168541,79.9384480614079,80.5673991876422,89.47070135428,94.410379653247,100.11838333591,92.1478313846604,90.4895104991917,89.9317081165563,94.8431188305289,114.161382485102,104.374069299478,100.418994331083,100.42197696896,122.183743837459,109.908608390232,110.365294371421,111.726993233236,120.835806304105,130.476586822545,142.316262562794,120.31633138124,129.991174341588,138.991194375317,163.051264205247,129.890840401629,131.427125564283,170.526103747175,140.234272965931,141.305725795518,143.06984740004,161.310489056275,172.201392691609,178.247245632357,151.197140352813,155.150052554618,158.053242450385,170.033029102267,175.01182435682,180.405999376516,159.848968459751,160.159894598636,161.103995688625,164.812703203233,167.555667456517,188.778301724855,194.311304582788,200.192257963433,171.014359332168,183.807826981693,220.486107025948
"34087021",155.863207562179,165.679581467694,185.264775436009,195.076635959624,204.924872346545,214.787520957271,85.8162961123983,95.2944694461233,104.877773676492,134.046506628934,143.855163517688,153.698162605164,163.569768694122,183.363757073956,203.20723582771,73.1354753002627,122.243410403041,132.16382547043,142.104290882163,162.023563313788,182.021775781044,201.971679438058,211.974350084834,110.90181172696,131.029092261046,161.08951637623,80.3977218894201,90.4476856553705,110.550682503467,120.591388878395,130.641351123908,150.738224041533,180.878892141788,81.0160508363877,90.9947588161135,110.992970197778,121.005491449468,131.020897918166,151.064246328577,181.15364238297,191.186103201047,82.8416435114793,102.458203677557,122.232921329782,142.100257597569,162.014543969367,181.978543772427,191.965349185691,201.960578272126,95.2771214901242,124.251914190105,143.84026470019,163.545283454919,173.433001635959,213.124966478663,127.029951867261,136.606409586849,146.245032230966,165.663440804122,175.431577580966,185.212198179843,195.052790292463,224.639250448903,121.29840781483,130.517314337967,149.281499620813,158.778405084392,168.349820582401,177.966439972621,187.629353334168,197.336256376983,134.654256091901,171.577763487889,219.348963989844,229.026914904591,166.151448590419,184.569321335357,212.675957702262,222.247909504221,188.575694246121,197.72306228779,206.95210864814,184.192224662579,201.965478705747,180.807616394596,224.397310577025,220.256028337119,229.010138146647,208.657825280747,216.958609314971,233.966476895732,251.42782361895,222.619989193436,230.859199997898,239.231598637039,256.3342333924,244.789488201536,266.995236929295,272.719437957673,31.6295998897868,36.1068673738508,19.9901712917909,22.38058830429,36.1794742870151,54.0852499470024,9.99682405105178,22.458754270178,41.4276137009316,0,10.0505251120738,20.1048060227313,40.2059368666772,60.3033674392976,31.7634656003706,41.4256011730354,61.1207728640927,28.3449633434543,36.1775044208629,54.0772376752695,63.52236829999,29.9723179770599,31.6117478770948,50.1442592858088,76.4630172992182,85.7984730828288,41.2168364476654,56.684979234355,80.9007078746403,89.7771561659459,98.8759039179713,50.9602349630535,64.1220120096682,78.2989129734969,86.2742973778069,94.6458277859341,112.216783326333,60.7848221000319,67.0965476835649,72.176674014678,117.004231561012,70.6623338004964,72.7688686510626,76.1602433902541,80.6655147365333,86.1146403386148,106.550052476694,114.319444399028,122.421356583607,82.4170847085204,85.4244479547375,89.4680441999283,106.467494238453,136.396140812974,90.4839117827256,94.832531407898,103.000282010998,142.47708198389,107.68952901754,111.826210954019,116.685267197315,134.746634588686,148.979037164825,164.437871005505,120.833355428485,142.313510591162,155.849043043115,186.511398181331,126.447303116326,134.183361408579,192.560594174721,133.323280887505,143.176777928082,147.679010023609,177.196814819726,191.431173925383,198.927429585727,152.292624126235,161.304552139925,166.541387605705,184.6294659752,191.348136959905,198.339607373615,155.142791332817,158.038748926397,161.515315204903,170.031244003875,175.017277413723,205.497647476749,212.499883182382,219.73532185969,170.815237920566,194.307658084354,241.319394518706
"34087022",146.170001404839,155.943462262249,175.462931049606,185.249311439619,195.075732513807,204.91965953986,76.4778425082117,85.8105251728504,95.2880213738975,124.269415911556,134.040213723125,143.852643888528,153.699642006503,173.455146820571,193.271209448455,63.5252854172243,112.339050728352,122.2376858155,132.160227065484,152.054015582454,172.034919585165,191.97229481161,201.970082907834,100.895800539235,121.009728424596,151.059226523976,70.347198597584,80.3971624779755,100.500159305332,110.540865900708,120.590828180563,140.68770140305,170.828369816763,71.0538761691198,81.0132418521388,100.987959889115,110.992981002416,121.002622149425,141.037787234986,171.119748009747,181.150484737822,73.1297142662902,92.622835690754,112.330851185235,132.158170181165,152.046779680963,171.993213510093,181.973284932932,191.962758559557,85.7974386252874,114.525704722399,134.028289492911,153.677477642317,163.544352581722,203.180447410845,117.534653540721,127.031791818266,136.606787563463,155.930509483307,165.662990984403,175.412321134474,185.228667350578,214.758101753371,112.219245266119,121.296023135481,139.853489175653,149.274169406026,158.782344832392,168.345850580957,177.963888020374,187.632471975067,125.737584592682,162.201432277724,209.701465192831,219.344847679093,157.09498329125,175.312731118045,203.214151428428,212.732674571476,179.526605519148,188.577432710073,197.722797446922,175.493322237741,193.021659163131,172.524490436818,215.448230051004,211.609804989556,220.249357676808,200.519675812794,208.660407938714,225.399011111369,242.645063259749,214.541914026605,222.626620457777,230.860284800197,247.726094509303,236.615640904823,258.74343924343,264.646878064503,29.9813425615051,31.6254275659207,22.3659853924965,19.9898917003789,28.3466592466488,44.8978544329636,14.1698266340672,14.1815916577952,31.765205812517,10.0505251120738,0,10.0542820157866,30.1554131043836,50.2528438929719,22.4488310656926,31.7660874663398,51.2328836447476,22.3734344319888,28.3520952256329,44.8943736719056,54.0767344698386,31.6161808691051,29.977101036244,42.517659783454,67.3349113724856,76.4642471041142,39.9776118508718,50.0665236502845,72.3361501444725,80.9042548178413,89.7777585805486,49.9647196608806,58.3547564317686,70.8548280704827,78.3005764289375,86.2762844356973,103.317221971242,59.9536602925428,63.2277038671317,67.1061044348311,108.499032204925,69.9495580273733,70.6622680881613,72.7754367905319,76.1632530308306,80.6701977220621,99.1919283355409,106.551072793076,114.320840939872,80.5637121842203,82.4218737911873,85.4317866330371,100.117824921621,128.391555134211,89.9300046600993,92.1377880762827,98.4956183826175,134.8348381807,104.361756590149,107.692056595013,111.830019877389,128.224226646831,141.688769625721,156.578812740901,117.018528907849,136.154597156519,148.896360427939,178.493804748631,123.626691274383,129.985172411017,184.806374171602,131.422634412707,139.250485887722,143.172228615351,170.524025761601,184.178908445917,191.432024175151,148.60787054528,156.545883138005,161.31202167547,178.236335202544,184.640706241579,191.350031388436,152.854284030015,155.143627849039,158.046106883232,165.524436975361,170.048633888585,198.760624322425,205.501461733121,212.500378938908,167.539881489385,188.779397589176,233.889795327103
"34087023",136.526825378137,146.248083555002,165.688836836967,175.445126963981,185.245986500246,195.068129157928,67.3443025331369,76.4705947478204,85.8026011452756,114.537778072264,124.260883625668,134.035379699589,143.852207092757,163.561376230653,183.345041009675,54.0743944071141,102.460770632113,112.331153577777,122.230957084981,142.093090424762,162.05302589861,181.975537657951,191.967600747423,90.896608281898,110.992854124635,141.028539775016,60.2929165840812,70.3428804623335,90.4458772909523,100.486583886627,110.53654616711,130.633419408807,160.774087857837,61.115837160259,71.046523189254,90.9885121396338,100.983621670533,110.985832547701,131.010758365708,161.083760464265,171.112472813044,63.5175412262371,82.8338727578673,102.452704442494,122.229018838284,142.086013234413,162.011390358575,171.983522480693,181.966274470867,76.4576172220204,104.855163821141,124.249190647275,143.829905555154,153.671715184466,193.242144474727,108.133787843628,117.530850181691,127.026782114993,146.235101309101,155.924892333654,165.63722260609,175.42500825799,204.888435457645,103.313553410062,112.210880133679,130.5123752824,139.840435068289,149.272576935701,158.772855976853,168.337945190974,177.96168832136,116.99819327004,152.904688001151,200.088046436772,209.691932278026,148.16027540183,166.142184359637,193.80569154375,203.26312954169,170.583201222108,179.522221824936,188.571205710673,166.939489170592,184.185429569638,164.431448368523,206.593912152389,203.086084961238,211.596543218047,192.555093044448,200.51555816148,216.951977370126,233.9576803548,206.62977662739,214.541923166744,222.620959474105,239.223645672722,228.584337146107,250.61595890442,256.706818756807,31.6200878851276,29.9842241904812,28.3427332806088,22.3756171059458,22.3680129883026,36.1729951259137,22.4486452789327,9.99993056342679,22.4458785664361,20.1048060227313,10.0542820157866,0,20.1011311201699,40.1985618939634,14.1703720194304,22.446152684693,41.4180922475689,19.9865744314684,22.3730678231127,36.1689688108318,44.8882163286654,36.0915777178733,31.6172597454152,36.0905794930586,58.5032891763724,67.3302006085951,41.220836305908,44.7377495817681,64.1967728883406,72.3332324117162,80.8987597252762,50.9650107414159,53.8528329595967,64.1182296090457,70.8497313573362,78.2960057876738,94.6416498035592,60.7896754363704,60.7839111535963,63.2301835290955,100.273159028434,70.6673686788623,69.9434746905832,70.66226579028,72.7715021488612,76.1609436813383,92.3352372074337,99.1861066180274,106.545774832018,79.9337072825679,80.5622039502822,82.4223773315069,94.4055228402697,120.686145764133,90.4895720392585,90.4780278111287,94.8382993832754,127.519733723759,101.912925911723,104.357595838555,107.68858222024,122.173639352574,134.746648627002,148.976114262555,113.957391050278,130.472318018882,142.306674041936,170.684311372031,121.566649019088,126.440570005334,177.275581206361,130.264775938219,135.947676581227,139.238549123191,164.187963035208,177.19257000518,184.17275194275,145.517635731664,152.294926827091,156.546170569153,172.185123947245,178.240202706599,184.635565894029,151.193316446764,152.848321094002,155.14392057632,161.51034928434,165.533957326479,192.305417611296,198.757416981236,205.494877060404,164.805732554725,183.627420213314,226.654952087926
"34087025",117.453790287386,127.03125176975,146.261241388447,155.938998831852,165.674082490364,175.440869142819,50.1502942639632,58.5108546525137,67.3346226801405,95.2821437199297,104.864902341352,114.530939368279,124.263490643029,143.847478242554,163.546603982542,36.1676125848719,82.8380982314294,92.6204959913235,102.452499814913,122.224121078752,142.126935439935,162.010514001476,171.987910986482,70.9520344359485,90.9910366822085,120.986163141724,40.1917855465692,50.2417494595374,70.3447462523114,80.3854529366317,90.435415222566,110.532288612028,140.672957228384,41.41615001208,51.2235442020351,71.0437016746291,81.0059064650278,90.9846707875479,110.979073107185,141.027155523277,151.050486372818,44.8857311326811,63.5127997024517,82.8313475987429,102.45163007509,122.218079566658,142.086028808383,152.03713769753,162.002380340342,58.5003548401154,85.7868342343936,104.854933333904,124.241809843462,134.015161045973,173.413303833212,89.7654332017473,98.8654323742318,108.133040453597,127.019442657219,136.59386584338,146.208324041672,155.92114066484,185.216350442684,86.269997467384,94.6377474941533,112.208070236276,121.28002057193,130.50573511459,139.837277472321,149.263208570973,158.770755548506,100.268607462122,134.64568815306,181.012586595807,190.518321515109,130.786684969468,148.152929235523,175.211653965764,184.517306602691,153.117714274127,161.773577870384,170.580600644502,150.396811789678,166.93420386266,148.970528340936,189.252516208605,186.503604926163,194.702392207467,177.27092167724,184.797602086302,200.510273723516,216.944579515062,191.41622864171,198.918777527216,206.631739761162,222.614159554743,213.04422834328,234.815743941981,241.306749641221,42.5169365231715,36.0962180234984,44.8922139480814,36.1775673836515,22.365597283841,22.3701343669165,41.4264572734858,22.448917547307,9.99438327018464,40.2059368666772,30.1554131043836,20.1011311201699,0,20.0974307949925,14.1745835240067,9.99452970617094,22.4416363116265,28.3470810716481,22.3704720663743,22.3680610305148,28.3403537361908,50.1466507222558,42.5193592494958,29.9788413567891,42.5090106474409,50.1372814532728,50.0727918958997,39.9720473000693,50.0576389772608,56.6795338854356,64.1962802134811,58.3576592272107,49.9654039634244,53.8483189622007,58.3459921186732,64.1163821218361,78.2932886932816,67.1086473159989,60.7878650587821,59.9537930453737,85.0157803045969,76.1713962371245,72.7766306170285,70.6651941248544,69.9440658712405,70.6614165869416,80.6640453405786,86.1099051544794,92.331864253547,82.4237956685156,80.5651148663936,79.9373258996014,85.4242943633147,106.463662623157,94.8507802194494,90.4807674871748,90.4827431048259,114.152826327338,99.9142261193248,100.416065761969,101.910528616007,111.820875177136,122.173974405469,134.744255136352,110.359585927955,120.832841134812,130.465557005025,155.845656215834,119.89645811206,121.558995773153,163.038871005829,130.26788870733,131.419821808145,133.315223414684,152.72302936197,164.183821919389,170.513825361994,141.296946296719,145.518329704849,148.609220282245,161.291483124119,166.531235548439,172.190825757581,149.854586229949,150.186187850542,151.192154480115,155.137687012635,158.047931055692,180.391371135995,186.173246138493,192.302905318774,161.092803036045,174.613400460195,212.87941956646
"34087027",98.793142444927,108.140298928481,127.047266874418,136.609376006144,146.249695916282,155.938264446324,36.0995980873926,42.5169937262265,50.1427681462762,76.4668233910629,85.7980564337716,95.2787578831854,104.872778750941,124.261602681054,143.836030322786,22.369333723692,63.5192742101055,73.1266404601757,82.8334349040954,102.449642682181,122.262019740687,142.087714107814,152.044069904559,51.1341029558092,71.0491433545531,100.970957405193,20.0943547943293,30.1443187308422,50.2473154767586,60.2880222285309,70.3379845127397,90.4348580247634,120.575526777271,22.4428673671059,31.7553419290294,51.2246200465536,61.112619327783,71.0434393867628,90.9815579830829,120.988907441711,131.004088804575,28.3405093436333,44.8849023983512,63.5138555530862,82.8335133068168,102.444533190595,122.221671110314,132.141110633965,142.080661669308,42.5095932058219,67.3248039880239,85.7897092949843,104.851242548605,114.516266254929,153.658593406313,72.3269793754854,80.8935293642605,89.7680134512838,108.129145842395,117.524508389335,126.991916979654,136.593678920689,165.650558033986,70.8496312399959,78.2926231992701,94.6381562088764,103.300399203085,112.20471872817,121.280213605618,130.499820131693,139.838740931964,85.0140378763697,116.994670850191,162.187953502655,171.560120985385,114.312779748154,130.782525584308,156.992156096436,166.0914935301,136.382248803763,144.644062063417,153.118284829115,134.826461552867,150.394477319349,134.741189733558,172.51321578382,170.680817330127,178.476133716905,163.036853405877,170.007096353454,184.795352330417,200.505851663822,177.180789841482,184.167720592052,191.420898773044,206.627743422079,198.326860525587,219.720886462144,226.645575715313,58.5094970905082,50.1468444365146,63.521850190223,54.0809866259846,36.1669633503623,22.3706582467024,61.1232454854638,41.4215895955085,22.4487312508359,60.3033674392976,50.2528438929719,40.1985618939634,20.0974307949925,0,31.7631742406528,22.4474252104529,9.9939910396928,44.8933119164921,36.1684239037483,22.3706887222969,19.9863802397058,67.3375946108798,58.5132081327243,36.0944575049622,31.6148404837416,36.0875802220517,64.2108692512134,44.7427099125309,41.2113947488623,44.7346315524006,50.0593094186812,70.8617846894779,53.8588034084512,49.9609789351184,50.9594288505064,53.8485744539513,64.1162812024854,78.2260517356814,67.1070238029319,63.2348027974661,72.1726213628262,86.1267103611683,80.6745602043274,76.1686041363283,72.7763717252757,70.6640198848645,72.771044325563,76.1581684916189,80.6631102672597,89.4736219804623,85.4332692975878,82.4270280325757,80.5614767221649,94.40396523448,103.016644587783,94.8412594466521,90.4859031592062,102.998287288978,101.917102740608,100.418993103714,99.9122853752592,104.352407366129,111.82332587156,122.173851976821,110.362398166493,113.956535891562,120.828180240325,142.306063690753,121.570658687903,119.8902151023,150.150213745866,133.334056875537,129.87774358827,130.254590404163,143.174949132289,152.720995258982,158.236075318757,139.863818636054,141.298225333627,143.075281455473,152.283387208576,156.537124046801,161.298726870244,151.197874323789,150.188778609089,149.853494550952,151.18707064826,152.854832453707,170.026130884412,174.999096855541,180.391197516604,159.838596799552,167.536699214968,200.178028439926
"34088024",130.444407233316,139.861249709839,158.810441064652,168.365575473631,177.988256285105,187.652285459535,64.2143126181126,72.3452484216456,80.9086221533588,108.153200724251,117.545567879747,127.041931960901,136.625022257689,155.950827590418,175.440973255682,50.1450130844393,95.282448420126,104.869447467308,114.529422712785,134.027147240845,153.719546556997,173.435017365379,183.341559324599,82.7489316734837,102.460704331806,132.145318589579,51.2283737665302,61.1165712680665,81.0159248896106,90.9879961085177,100.983176953008,120.997287059831,151.055082715316,50.245098507464,60.292014258652,80.3890058750163,90.4390124411411,100.485949341915,120.579821677107,150.723765384902,160.770699259734,51.2275233551259,71.044418551804,90.9859569299384,110.986096523721,131.005668128099,151.055253179158,161.078791706586,171.107610665249,63.5136573059712,92.6118548712212,112.322091145725,132.14197991797,142.082408566234,181.953684148757,95.2664881671395,104.853747502604,114.51892144692,134.013496780937,143.824441486949,153.65071760971,163.532307364786,193.241070526047,89.7704147109815,98.8657151710347,117.527379065866,127.014941829268,136.592988225527,146.226868282341,155.913975748289,165.64955624146,103.306259013457,139.841316500584,187.61945980738,197.318724424418,134.646153177094,152.897047672804,180.916967242313,190.484443956936,157.077775707646,166.135579401887,175.299506752594,153.12047530752,170.579856489781,150.390642317948,193.004998970357,189.251725640975,197.847532897638,178.477669475924,186.497508919642,203.074169922626,220.234683959521,192.53957153468,200.503727565983,208.642434175158,225.379002693809,214.529777278844,236.595429244365,242.62737093986,44.7398693505138,41.2187894511256,42.5131052976803,36.0965803469387,29.9737665212473,36.0944942802168,36.1716272167542,22.3739139423416,22.3713394465373,31.7634656003706,22.4488310656926,14.1703720194304,14.1745835240067,31.7631742406528,0,10.0506375439448,30.1463187137489,14.1724979876855,9.99479736363415,22.4455426629519,31.7589034928272,36.1692918843794,28.344775800232,22.3698233797309,44.8860805049893,54.0696137203889,36.0973475922386,31.6177949541495,50.1371924516551,58.5031485304473,67.3289278273973,44.7407500132586,41.2151950290083,50.059263257102,56.679359381741,64.1964426606639,80.8954970249872,53.8522447656376,49.9569918602159,50.9607887007818,86.2679393647813,63.2360927067235,60.7885815439009,59.9530925002927,60.7867363664354,63.2288851317492,78.2143454523576,85.0157347325014,92.4114101472873,70.6603053178598,69.9420503966738,70.6618576631627,80.6624590159737,106.543318000862,82.4259842393542,79.9272233373652,82.4169543369089,113.349361916892,90.4804307970415,92.1366639414495,94.834476279514,108.24775720102,120.598320051967,134.823309204646,101.908560700554,116.681282339301,128.214751636893,156.566957568359,110.361375643508,113.951484569588,163.117360384655,119.88582265161,123.611943911094,126.427168587857,150.148414602459,163.034658964933,170.002380419631,133.31909716205,139.242855744471,143.176660480221,158.225710178442,164.180011354999,170.510733135643,140.221407692366,141.292249164102,143.068485428801,148.596867411354,152.297707669998,178.229123872138,184.626151124934,191.333703342602,152.84176221489,170.027235601671,212.484580920285
"34088025",121.222142098259,130.52409907307,149.304000450196,158.795788596772,168.365306022864,177.984504013689,56.6965848086174,64.2093712153312,72.3412737258526,98.8843927528752,108.148115577131,117.544421707105,127.049146812868,146.258856959583,165.670397999749,42.5162839749686,85.8008752348596,95.2827796603598,104.862355313933,124.251712989347,143.875654269556,163.544856748172,173.433924439085,73.0370965506812,92.6239863743617,122.219928264063,41.4175279500891,51.2277605777237,71.0530240545057,81.0057805485286,90.9873943746475,110.984117933655,141.028021516613,40.1944610764878,50.2413768322152,70.3383683433762,80.3883749203153,90.4353118125413,110.529184139814,140.673127841756,150.720061716417,41.416042673904,61.1099308649148,81.0035882673016,100.980256339716,120.986740455671,141.02820980698,151.048824875766,161.075221740377,54.065745659769,82.8263144207075,102.447317444242,122.216391727143,132.139298449064,171.967475021856,85.7844549954811,95.2657046062846,104.851645822861,124.237841559895,134.010940324718,143.805218710916,153.663119066577,183.318918077765,80.8944065661763,89.7647276330869,108.129712576382,117.517263667477,127.016258002915,136.586534918648,146.22192124935,155.914821331719,94.6335694515468,130.503339332388,177.952080393421,187.613050681299,125.726315705434,143.70530242846,171.466792455273,180.970618654312,148.146078381172,157.076069732212,166.132078293728,144.643249087329,161.76974648937,142.461028246382,184.171675481657,180.794166685544,189.240866301798,170.670699444388,178.475782227902,194.698936086347,211.584844943383,184.781079575309,192.541875262128,200.500287834134,216.934689923554,206.620208470777,228.566739999802,234.805440305272,50.0672181634543,44.744482098747,50.1444045968597,42.522139789051,31.6143018845269,31.6207041441213,44.8947977906808,28.3481522143094,19.9889120746925,41.4256011730354,31.7660874663398,22.446152684693,9.99452970617094,22.4474252104529,10.0506375439448,0,20.0956812827023,22.4458867082025,14.1685536776605,14.1696132279234,22.4420636481164,44.8901694103714,36.1720199397346,19.9843116966411,36.1636685025781,44.88404793069,42.5194318276098,29.9775176282616,42.5067489172047,50.1365026448902,58.5002065579784,50.0659599789471,39.9708742790704,44.7319460889041,50.0560124249188,56.6769347096445,72.3273622211935,58.3513859276501,50.9575053381396,49.9592634042649,78.2902790550452,67.1087622278966,63.2305756910458,60.7886482141667,59.949536227796,60.785227899237,72.170683785045,78.2104114683015,85.0125352937078,72.7712454350339,70.6594499809407,69.9427962673642,76.154567043241,99.1806066211718,85.4329155041269,80.5555406578763,80.5577579245076,106.458707165637,89.919696509482,90.4773098842282,92.1334906923675,102.989669221311,114.146420941499,127.510513409211,100.410772072329,111.820348996627,122.166088158595,148.96669098885,109.901928512203,111.714247207134,155.837237224225,120.305500835102,121.552505156839,123.600229248729,144.320018608159,156.397776894217,163.030350959293,131.411781823337,135.940599442145,139.244063481037,152.706729492126,158.230765728307,164.17662086755,139.860056613531,140.215707905907,141.292648049418,145.507355649358,148.605950283542,172.179469895877,178.227698952938,184.621320624643,151.181489835859,165.514136030514,205.481284073511
"34088027",103.245619177354,112.223516764351,130.539653891134,139.862596113637,149.292581807249,158.795742564764,44.7500399119771,50.0698151524537,56.688694337474,80.9117773760584,89.7820253372582,98.8815915328798,108.159958900865,127.046356114127,146.247513477797,31.6202006376247,67.3381122516144,76.4714007362369,85.7970217563972,104.861348965393,124.291709977538,143.835983721919,153.679134402419,53.9905946667703,73.1296528373515,102.447199224646,22.4451499493195,31.7605838108119,51.2349128236707,61.1135886122592,71.0472964001045,90.9877233777729,120.990905655789,20.0987797988958,30.1456955538358,50.2426873008949,60.2926938045777,70.3396307376109,90.4335031173721,120.577447012264,130.624380875108,22.4440949230259,41.4157806961737,61.1121496575912,81.0078621779766,100.973725360517,120.991747817167,131.004254882985,141.024080636,36.1651736537194,63.5105940056228,82.8310986314801,102.444594755699,112.316672272958,152.026558879816,67.3237968959806,76.4535292465827,85.7883677367681,104.849043249639,114.513761445224,124.219135473177,134.011944856313,163.527862389491,64.1965825279212,72.3278160083927,89.766433956028,98.8570751266072,108.12771811697,117.518789206515,127.011585183843,136.58910541606,78.2898050647918,112.204051908166,158.766619822594,168.329613937502,108.488129394289,125.723427450206,152.803054826488,162.143915591785,130.777468705828,139.371969688552,148.147942830002,128.378434454489,144.642235804848,127.508704561014,166.925275229393,164.424454624015,172.503265676407,155.836404033356,163.114573688478,178.474665471789,194.695784753399,169.992418378983,177.262510190217,184.78702295076,200.497611911242,191.41112931681,213.031204371809,219.712507081576,64.2035359642074,56.6883415525133,67.3338498832074,58.5130316436003,42.5096206648254,31.618594235493,63.5226196130006,44.8905538320216,28.344905628616,61.1207728640927,51.2328836447476,41.4180922475689,22.4416363116265,9.9939910396928,30.1463187137489,20.0956812827023,0,41.4179857198368,31.753420580324,14.169746942845,9.99238947498233,63.5177884599969,54.0746492013616,28.3427709099439,22.3665383254318,28.3398864904545,58.5099636384304,36.0924998354605,31.6135403091075,36.0874398069571,42.5099901583573,64.2039598107573,44.7412762205748,39.9669881945986,41.2092804896229,44.7332305240795,56.6781046438299,70.8548536641035,58.3498997979558,53.851678956103,64.1146343830799,78.2247114615369,72.1795024691556,67.1059746002629,63.2303535272546,60.7877613542693,63.2265471798975,67.0977541467987,72.170783188638,80.6680796061859,76.1625841999749,72.7746305861569,70.6568160867807,86.1078774834362,94.4158429087714,85.4235098795491,80.5610690737522,94.4003450157522,92.1397264194974,90.4804062023031,89.9182946860966,94.8288684932896,102.993124619062,114.147472788094,100.413779092821,104.352501938575,111.816615592569,134.738975661148,111.725795056758,109.896224286472,142.299125504997,123.618718520887,119.883752815602,120.293014871008,134.176338245023,144.319083245542,150.143210498722,129.869827895483,131.413793245308,133.322612168269,143.160488123826,147.677101464014,152.715204011703,141.298343714561,140.218576433713,139.859503866994,141.288233625977,143.071191279851,161.288542227718,166.522504569855,172.180353807982,149.844605957879,158.031369541898,192.293302693482
"34089023",143.655373017865,152.925040106493,171.608924176695,181.045077072944,190.557051893161,200.118490328049,78.3156768996669,86.2872537105337,94.6556806041644,121.311482306525,130.530087159591,139.866708740704,149.305065214412,168.373515250569,187.648037368568,64.2063002549871,108.149579645032,117.54801333861,127.036408672284,146.247722134139,165.709695651601,185.235432539021,195.0601689653,95.1926076697433,114.533264572228,143.832032616992,63.5187190606951,73.1262600518141,92.6271264288887,102.453475369597,112.327383957328,132.15102701336,162.008256127064,61.1155808352423,71.04626689188,90.9864873182916,100.98184801316,110.983776496113,131.00832339248,161.080359015721,171.109071017763,60.2911112930061,80.3851113774285,100.482200628258,120.582330844119,140.670215077302,160.770416077931,170.81435638214,180.861363060636,71.0405517863905,100.971786538345,120.989708580455,141.022446704614,151.046366030665,191.159444162281,102.441693982841,112.315913785522,122.216728818434,142.076041073094,152.030442373903,161.98859781777,171.971555018058,201.937592080617,95.2666125740879,104.84863683624,124.238436092689,134.004150447386,143.818638548173,153.656377769689,163.520262415927,173.410891067745,108.125887215119,146.225640552061,195.028824101638,204.869944838072,139.836643985514,158.763286892794,187.51669253101,197.285673929233,162.178389666072,171.555450598998,181.002448971778,157.07522812777,175.293466317214,153.109764043117,197.699091294862,192.998658442532,201.935156295761,180.785483200501,189.241096526133,206.575296251222,224.367883795288,194.68552942535,203.062440170282,211.579984933548,228.983711541214,216.9276185229,239.197557504676,244.757417365314,50.9682357789497,49.9707985723026,44.7394191124049,41.2214685195738,41.2132815509661,50.068988653538,36.0940519445615,29.986504862957,36.0946894061855,28.3449633434543,22.3734344319888,19.9865744314684,28.3470810716481,44.8933119164921,14.1724979876855,22.4458867082025,41.4179857198368,0,10.0543926510124,30.1464630996109,40.1934475601378,22.4442827085211,14.1722785404352,22.4428341841637,51.2229661989821,61.1104280437433,22.3742631004839,28.3400168248964,54.0643432650749,63.5122705434089,73.1180185963904,31.6174999711763,36.0881053882595,50.1350338718296,58.4982495282421,67.3242391339619,85.7858575667616,41.2107880038113,41.2044297561953,44.7326704644218,89.7634458316578,50.9632586221906,49.9569003103222,50.9578373534791,53.8451845950849,58.3443800486695,78.2897646533173,86.2631906167937,94.6327807890803,59.9471328618902,60.7825947313593,63.2265603414684,78.2088322349863,108.485453223357,70.6615714416455,70.6497676132227,76.1525568501744,114.306120919486,82.4127004012733,85.4173786257538,89.4565861151648,106.451922768028,120.67304648179,136.378065812895,94.8293797557918,114.145465935889,127.504082240094,158.551679163981,101.908315757653,107.676746942127,164.416858785068,110.348340792655,117.002560837885,120.812031816833,148.879394563727,163.108437017565,170.665272960382,126.427976627653,134.172449795517,138.978379865418,156.384349927787,163.026527107389,169.994647676815,131.410619541643,133.311906392331,135.937359090457,143.160726061583,147.684004937282,177.172756149511,184.154923915888,191.406733682871,145.502991314999,166.520115876413,213.028752918467
"34089024",134.584021812652,143.72992202397,162.225921709487,171.589852858159,181.040306972496,190.549161818504,70.8651382212701,78.3065777924705,86.2791864639741,112.225668966225,121.302096362349,130.524707058635,139.871296254767,158.799776166484,177.976164062295,56.6848374403136,98.8767225666718,108.147565418376,117.534894596187,136.603563476139,155.971090420621,175.430902647778,185.230163472257,85.7088514188322,104.862128748618,134.014708604566,54.0675446002655,63.5140041392074,82.8378890010617,92.6128456562923,102.448879393711,122.221525470636,152.03548667405,51.222867796955,61.1081717063786,81.0003163215132,90.9821437905894,100.974173585596,120.985546096017,151.046500524357,161.072796367138,50.2367186420255,70.3307187579745,90.4278080469401,110.527938233306,130.615822571223,150.716023606782,160.759963959258,170.806970647049,61.1025601940832,90.9723114178794,110.972865518996,130.995382620182,141.01570522877,181.119691655557,92.6014318274224,102.437742508365,112.309921796932,132.129409385586,142.069694031961,152.015488194395,161.989767233011,191.935433902864,85.7815502409465,95.2575861568765,114.507133219338,124.225174388276,134.001795071722,143.808855818029,153.647661472088,163.517471613435,98.8537826585018,136.582211438192,185.199850944505,195.019124000856,130.495809651381,149.253771913005,177.84656154692,187.575532808121,152.881993961253,162.173673206001,171.548620735167,148.141058134979,166.123359784887,144.630116295647,188.54789439372,184.163010961053,192.985517796998,172.496397413214,180.781110664674,197.836033808658,215.413129985521,186.473569182678,194.68509430899,203.056689006618,220.217135634681,208.623461985865,230.820272459259,236.577599018337,53.8596586114808,50.9717167031659,50.0685023148488,44.7486847994008,39.9685616345991,44.7406063824541,42.521921755826,31.6265919482582,31.6192943845328,36.1775044208629,28.3520952256329,22.3730678231127,22.3704720663743,36.1684239037483,9.99479736363415,14.1685536776605,31.753420580324,10.0543926510124,0,20.0920704791492,30.1390549102963,31.7643680801371,22.451873131578,14.1655658311554,41.4081640337097,51.2177401911564,28.3508784448321,22.3646834154974,44.8761586168209,54.0612126151646,63.506022861026,36.095013469377,31.6136560946242,42.5027340866898,50.1295176289857,58.4930655513009,76.4462121868621,44.738175875275,39.962198162557,41.2076331275168,80.8849156940125,53.8556338626737,50.9594388410467,49.9582981455045,50.9548116969339,53.8434165367193,70.8398348009037,78.2836382087844,86.2574503856347,60.7847903444817,59.9472559762778,60.784063650291,72.1643397386142,100.260136122132,72.7754571364673,69.9324287986708,72.7625065484778,106.531661826308,80.554220320303,82.4094598503131,85.414405644235,100.096066193739,113.336676713658,128.367451595487,92.1294254753719,108.242376519492,120.584533502405,150.379554891944,100.411505841722,104.343814746605,156.551681850412,109.891028190367,113.94277584018,116.991107608821,142.290591437228,155.82681639809,163.102169675984,123.601807703499,129.967965727858,134.173104427911,150.126258661154,156.388404289559,163.02130226729,130.253712248081,131.40556540953,133.312889206636,139.228404509152,143.17060562152,170.493663405002,177.169450868833,184.14828764635,143.05502629474,161.284325464526,205.551978408964
"34089026",116.938006569208,125.748667558967,143.746887738789,152.923487493014,162.21631975089,171.591960597179,58.3631856816757,64.1285004705992,70.8584412054695,94.6566380952003,103.323533713729,112.224797588392,121.317638572584,139.869701912502,158.790279476574,44.7400221171736,80.9066787735798,89.7869000488969,98.8749862016971,117.536746350397,136.646581421007,155.932986479412,165.666712798744,67.2546948486194,85.7996128027145,114.519165387582,36.1678934678805,44.8887073316887,63.5236979613071,73.1218553475617,82.8347130546557,102.451653213192,132.143295049956,31.7589620630783,41.416558211343,61.1113187659197,71.0453480354608,81.0046112804576,100.975295970037,131.004749898504,141.02452747659,30.1446483244637,50.2386487354676,70.3357381906601,90.435868192222,110.52375296845,130.623954108132,140.667894619797,150.714901327266,41.412250595528,71.0367125771269,90.9808605573519,110.972911285251,120.983019744885,161.062467259929,73.1125467059853,82.8254221838931,92.6085318009672,112.310522279214,122.211017510797,132.123047677058,142.073727741859,171.966215548971,67.3248723326001,76.449695503051,95.2625347229937,104.840215087283,114.508476477591,124.229954037039,134.000299585481,143.814371305789,80.8878040857478,117.518550838659,165.639769884677,175.403497178525,112.200611130559,130.496193355971,158.666115896684,168.293089291028,134.632233908184,143.699261693807,152.887124376041,130.776706697742,148.143400879789,128.368956745252,170.566468400865,166.921027534103,175.460825146994,156.553973184415,164.414985780451,180.783011069049,197.836146641507,170.656190963601,178.464995772965,186.482757171306,203.057365195651,192.530599601122,214.512743087447,220.697042019529,64.1253709669899,58.3568252026748,64.2030929852158,56.691753000625,44.7336580318651,39.9717614566777,58.5109015394564,42.5177651196943,31.6192232750468,54.0772376752695,44.8943736719056,36.1689688108318,22.3680610305148,22.3706887222969,22.4455426629519,14.1696132279234,14.169746942845,30.1464630996109,20.0920704791492,0,10.0469846138606,51.2282770843598,41.4221130903832,14.1730239671787,22.4405379288881,31.7551879956892,44.8929528553083,22.3720211948294,28.3371359707832,36.1642637460772,44.8833853073565,50.145077382822,31.6209754188958,31.6132061773439,36.0852037324505,42.5073216956771,58.4976727454093,56.6851067220956,44.7363351125615,41.2133156445233,64.1913190181858,64.1261304722479,58.3517387575326,53.8529864225563,50.9603614188783,49.9592911545554,58.3438364165275,64.1122056369109,70.8429224517753,67.1029333127585,63.2301950193238,60.7892418417553,63.2238958918438,85.0109937562423,80.6729881684714,72.7665516846309,69.9393411852175,92.3255629268457,80.5588245383836,79.9282124082786,80.5546735754088,89.4528141931095,100.102310142405,113.340900719687,89.9172926014066,98.4837733826428,108.241262052657,134.814570888237,100.415855347218,100.406896179275,141.667624716633,111.717660331601,110.349043321729,111.701570394945,130.45667842084,142.292631991242,148.875604643591,120.297224843559,123.606082291177,126.434019689195,138.963424005762,144.313271655943,150.13803203397,130.258241721544,129.865690207874,130.254912819263,133.310256222371,135.943510930726,158.220973962634,164.168469956336,170.497364778446,140.211623690331,152.279350709906,191.320923293348
"34089027",108.435169577125,117.016221225301,134.680877121422,143.734628808084,152.925402930426,162.215795892116,53.8648018891738,58.3581725249754,64.126823096497,86.2866239807295,94.6539682043,103.325133326803,112.239789823257,130.534989716357,149.286641299537,41.2171322756258,72.3420379355234,80.9160170712818,89.7773246148554,108.142612272575,127.073462551019,146.244071452109,155.935078130484,58.434571417665,76.4663365269163,104.855633676268,28.3433976688276,36.1702049044669,54.0795545613505,63.516814818553,73.1247274093268,92.6183065233961,122.221165244222,22.4462327432314,31.759258332109,51.2258135726685,61.1145446447887,71.0451280160734,90.983008003954,120.98938022552,131.004656860357,20.0976637473716,40.1916641237973,60.2887535907296,80.3888835784034,100.476768396897,120.576969550885,130.620910092487,140.667916801678,31.7547538915252,61.1060380881568,81.0021955439618,100.970866474253,110.973570641539,151.036224664147,63.5075848398379,73.1154593884271,82.8267588280534,102.43960433348,112.311459540843,122.200001531527,132.134398811145,161.991764438134,58.5000052245995,67.3226641863618,85.784362678074,95.2560386095762,104.84503297545,114.505652008086,124.228479108294,134.004685529141,72.323457818832,108.124698972424,155.908942132439,165.637019944834,103.301711482656,121.275959639761,149.164223378905,158.725541689789,125.716243401118,134.634006708214,143.699250672191,122.405764657425,139.3679108432,120.669607189282,161.760119545887,158.549724485193,166.913468442721,148.957313225697,156.555332644572,172.499869977209,189.233381151823,163.098439854202,170.661840431513,178.464770186016,194.685809260262,184.775745900237,206.606844368275,213.02125390604,70.8572901335912,64.1271683968507,72.3373681596248,64.2087020278685,50.059130992739,41.2155652651881,67.3368613399316,50.1448217316597,36.093186831985,63.52236829999,54.0767344698386,44.8882163286654,28.3403537361908,19.9863802397058,31.7589034928272,22.4420636481164,9.99238947498233,40.1934475601378,30.1390549102963,10.0469846138606,0,61.113442156564,51.2294895853971,22.4441476808904,14.1686569316981,22.4419842827682,54.0735490831765,28.3440170984266,22.3653688092184,28.3391801968792,36.164711947312,58.5071714458524,36.0940605356922,29.9745987421698,31.6122620351043,36.0856846972646,50.1348594438968,64.2006394825349,50.0615128543171,44.7368601223614,56.6754265731561,70.8565412188052,64.1214476213006,58.3513965953498,53.8498580326127,50.9596536496088,53.8456445318915,58.3426854451972,64.1120668612646,72.175928316323,67.102794509003,63.2310290632083,60.7824373432975,78.2089441694639,86.1196052027287,76.1555619945487,70.6577892060789,86.1037140787817,82.4166898636554,80.557530774846,79.925905226649,85.4132192489294,94.39486068859,106.453662692439,90.4771200200023,94.8295501795328,102.986272919215,127.505302677666,101.91218629058,99.9038348788185,134.731074439511,113.954001258256,109.891363385905,110.338594223263,125.328446595314,136.13177980619,142.291288122759,119.877438453309,121.548308831153,123.609239116803,134.161689188768,138.97068303522,144.312813310457,131.415200076725,130.253871981077,129.867114408631,131.404875647014,133.319563379573,152.704730866313,158.222527108956,164.166554279202,139.852216568098,148.590552853049,184.61194507877
"34090021",166.090439865237,175.33591214982,193.944841912061,203.336062682286,212.80060353684,222.313529748586,100.296944892975,108.514540101549,117.018729472217,143.742859659988,152.929235840734,162.221568212418,171.60895019306,190.564144246386,209.723406760312,86.2821189612812,130.5300874361,139.869476842382,149.290218305367,168.36104461584,187.686682200741,207.085607577518,216.851620724017,117.456918274837,136.615399997522,165.664590621341,85.7975436284575,95.2783721677351,114.535330086181,124.252862403327,134.027733131288,153.679929629424,183.334606320509,82.8373968309614,92.6192480792776,112.325084054647,122.227986413983,132.149653759516,152.042393960628,181.96698888204,191.956282235357,81.0072383780207,100.977645289088,120.992107411195,141.033540114413,161.076532355541,181.142112999139,191.171340286861,201.205244722337,90.4314019763585,120.572598903359,140.672883355077,160.763970594011,170.81108670155,210.993251962532,120.983446891484,131.00195956476,141.022344551771,161.069605696947,171.098821563309,181.1294290283,191.162883280637,221.266442343292,112.316342663362,122.21354528553,142.076287655594,152.023739796318,161.993034696106,171.964897486517,181.945364394047,191.938601290826,124.234869291554,163.523820121692,213.102501170329,223.051193867961,155.912781432663,175.407002168327,204.771420420583,214.70922927491,177.942906738438,187.608370913555,197.309709287278,171.554377180779,190.508277215943,166.12469668533,212.738930549178,206.924308245661,216.219127569666,192.991196527811,201.93576769596,220.105055810572,238.580978418166,206.562679683598,215.414897211095,224.363593149579,242.515064772804,228.977031247368,251.386797439342,256.292649544994,60.7965673528367,63.2416074623685,49.9624873302497,50.968105573653,58.3526124213396,70.8612754478376,39.9691413007855,44.7463689425294,56.6880060182293,29.9723179770599,31.6161808691051,36.0915777178733,50.1466507222558,67.3375946108798,36.1692918843794,44.8901694103714,63.5177884599969,22.4442827085211,31.7643680801371,51.2282770843598,61.113442156564,0,10.0451639332052,40.1936994918894,70.3366648501761,80.3855664681634,14.1757920121411,41.4153427082547,71.0392710981602,81.0025813524381,90.9816443761499,22.3695608665538,44.8845646594685,63.51093059888,73.1163627790071,82.8270608612302,102.443238843914,31.6142793588171,42.5039059152463,50.13690930302,104.847700479203,41.2144731817941,44.7321375689192,50.0579974445916,56.6771161045065,64.1942191903729,89.7635480974787,98.8600412918274,108.125239788556,53.8457972066832,58.3435524075375,64.1159487846412,86.2629520685252,121.280060133387,60.7872078570345,67.0916019495716,78.2081553427902,125.721096397656,80.6588044777876,86.103272413358,92.3255810864638,114.300899344763,130.774793706065,148.143326061016,94.3958364077727,120.673692663853,136.372736586984,170.56835172097,98.488035178394,108.24115937356,175.46491603567,104.344903449387,116.669859791877,122.154474915609,156.554653875261,172.498907305803,180.7809590482,125.326331212733,136.133250140538,142.29776722733,163.095891311808,170.662747933464,178.465166070323,126.429496293484,129.966932858097,134.171556476487,144.309457566351,150.149899795755,184.775600142301,192.531414959054,200.487891529163,143.157581703156,170.50072257889,222.592049393255
"34090022",157.035891386418,166.172605621677,184.610476349336,193.933740680134,203.339292360298,212.800918731834,92.4390732805485,100.294578859535,108.51329364902,134.677541623151,143.741212368232,152.931732358869,162.234607491593,181.055929867905,200.117050418549,78.3080557818568,121.310048824721,130.536451082106,139.863828645204,158.795676979124,178.023669593372,197.351241171964,207.08882517866,108.065232062364,127.04301901835,155.93448409919,76.4654086715921,85.8009360653652,104.872765703568,114.529503424468,124.256826032043,143.840509336152,173.431863176878,73.1286593611267,82.8386712983852,102.45530289158,112.329590886269,122.229050328424,142.09013408595,171.985752507956,181.96835384332,71.0493606502903,90.9869696185271,110.984127699715,131.015371658564,151.051796348719,171.112948829497,181.140474240589,191.172939625691,80.3862382707468,110.5274353312,130.627719774346,150.718807154249,160.765923379198,200.948088809486,110.975916799396,120.988681050846,131.004572601365,151.04527553321,161.072073972109,171.100327483995,181.132415779215,211.232219258059,102.447500516885,112.316028154001,132.13896575896,142.072252823354,152.030047915514,161.99237096216,171.96489993333,181.951429012592,114.512741433408,153.660498271875,203.162730602158,213.101999128848,146.226742552505,165.642661683508,194.930112107388,204.848013451743,168.326337288923,177.946954548251,187.610075958291,162.181700991347,181.002215448484,157.071289564766,203.280269790544,197.698485477874,206.920250258965,184.163982546335,192.99485222471,210.977946955901,229.309488923292,197.831893022303,206.569787491018,215.41751518234,233.400369629361,220.219057753632,242.606800877367,247.687186713824,59.9584427554298,60.7981180343625,50.9609853130952,49.9669926117537,53.8522569996716,64.1295166548969,41.2119566641768,41.2215739020739,50.0677815720852,31.6117478770948,29.977101036244,31.6172597454152,42.5193592494958,58.5132081327243,28.344775800232,36.1720199397346,54.0746492013616,14.1722785404352,22.451873131578,41.4221130903832,51.2294895853971,10.0451639332052,0,30.1485357020074,60.2915010501929,70.3404026856611,10.0005110943704,31.7600803325517,61.110564540518,71.0451744390239,81.0049877261663,19.9876186424031,36.1687376400295,54.0689593914605,63.5135024163634,73.1193036402122,92.6122234349711,29.9765592613977,36.0843782457991,42.5121287620572,95.2657545607763,39.9724569911322,41.2105780069447,44.7358331134296,50.0592838627634,56.6804929177696,80.893644487331,89.7651162297439,98.8621088641901,50.9579301561182,53.8471434774499,58.3484429871726,78.2911733961115,112.204011252138,59.9529036528708,63.2207838336242,72.1698587178769,116.990688885965,76.1552579010367,80.6585516778374,86.1056179861708,106.533988602515,122.405974798001,139.370018398074,89.4576309230217,113.344545919628,128.369999847798,161.76427391653,94.8355557979771,102.988329859498,166.919869467906,101.900512815984,111.813900556038,116.663663240786,148.960249567092,164.414536313778,172.500019933673,120.81902322829,130.457792801478,136.138979891922,155.821678125218,163.10715016839,170.664149609565,123.606365940777,126.427001882718,129.971457717458,138.968924114647,144.326104315214,177.25303367712,184.778849722345,192.531907632926,139.229899854996,164.171772793741,214.515942631897
"34090025",130.735374196716,139.405110543115,157.125024631443,166.169264506058,175.335743138071,184.591948737486,72.1940554865929,78.2305292496456,85.0314651277583,108.51407645199,117.017100720938,125.752121643441,134.683937374073,152.933913254759,171.589484315455,58.3560962126042,94.6547902365936,103.333032665618,112.22147211742,130.522887922234,149.327126810756,168.3565687532,177.978141515601,80.8299432193374,98.8805849879905,127.028167825805,50.1431735792314,58.5080690414782,76.4691715737351,85.7952035087817,95.2763511285601,114.525671210446,143.83062173252,44.8903804040825,54.0720843637099,73.122105008139,82.8353981008453,92.6169805266215,112.320821431939,142.084008150013,152.037648086901,41.4181125714831,61.1102870926089,81.0032039059268,100.980644492527,120.985400403318,141.026520474776,151.046645919993,161.072981514801,50.2377025915195,80.3788997788913,100.479184197316,120.570271764194,130.617388178766,170.799553880644,80.9955636126225,90.9774119640863,100.97034682278,120.979531056664,130.995302122174,141.013312654994,151.039323796581,181.123473779965,73.1154483325297,82.8229227126176,102.439318559723,112.304003505819,122.20798345658,132.127030763657,142.064476222663,152.022047237563,85.7797705404602,124.231367076888,173.402418002457,183.303374161109,117.516592185844,136.579964857972,165.539050514375,175.375592238248,139.82429515002,149.252652327862,158.754900194995,134.632394868535,152.883782344767,130.768595997555,175.28181391989,170.562851229253,179.492323439524,158.540227927346,166.912991649932,184.156463728578,201.925051494384,172.485743032923,180.773986589796,189.227786304627,206.560242109896,194.678069300929,216.912122991208,222.581348866452,67.109692703502,63.2392202949873,64.1234163238687,58.3589828697228,50.9594784908897,50.9664844699747,56.6874864142773,44.7437371140445,39.9732236043311,50.1442592858088,42.517659783454,36.0905794930586,29.9788413567891,36.0944575049622,22.3698233797309,19.9843116966411,28.3427709099439,22.4428341841637,14.1655658311554,14.1730239671787,22.4441476808904,40.1936994918894,30.1485357020074,0,30.1429653592299,40.1918669862249,31.760244895101,9.99320594584531,31.7526240705735,41.4138784194189,51.2219465178278,36.1695863431303,19.98656262053,28.3371684551718,36.1620086663679,44.8814050376589,63.5082371141591,42.5120827576161,31.6124661076952,29.9749517085499,67.3206118562274,50.0645098985285,44.7354092729405,41.2117686059094,39.9652245313359,41.2084418728079,56.6742690779347,64.1891625528782,72.3219831493394,53.8470872874899,50.9574619707484,49.958484572907,58.3404323852076,86.2601795309708,67.104830741891,60.7783383272105,60.7804959880087,92.4023357706285,69.9353848235054,70.6513859422345,72.7608408635498,86.0962191149801,99.1711109194277,114.299200862591,80.551523447963,94.3931911371823,106.446625383707,136.370860014277,89.9176168303566,92.1256817473936,142.450008683919,100.404850179009,101.896473372538,104.332634080192,128.203115895012,141.661250567093,148.951233512474,111.704099478235,116.998126213288,120.819972198046,136.118068243036,142.286833862058,148.87039079235,119.87574492212,120.291256561414,121.544590863378,126.420144651434,129.973542976822,156.381509488394,163.016213444434,169.982721831846,131.401014587117,147.666280999865,191.395399618482
"34090028",106.497575888697,114.336680105149,130.821957550042,139.402764966364,148.180523662908,157.109343360142,60.8010652876237,63.2370886334546,67.1087004909057,85.0348029422468,92.4279605757193,100.287834344671,108.52714951133,125.758586480934,143.729608911257,49.964309943132,70.8604717797234,78.3202001698851,86.2781937425657,103.32039991672,121.34126437507,139.855380738037,149.284760139493,56.6309468524568,72.3411065203832,98.8711655941126,31.6166855065761,36.0915147606306,50.1498271177702,58.5061736393573,67.3339805720324,85.795385146847,114.520311139144,22.3700692612241,28.3438775665693,44.8871869593876,54.0725946679502,63.5165921844373,82.8313925209019,112.319541824191,122.219355276947,14.172659037314,31.7566595751855,51.2246530900954,71.0477377513798,90.9787908986536,110.979245790964,120.985512728001,131.000828440511,20.0947375204721,50.2359350000328,70.3362192728227,90.4273072016756,100.474423954163,140.656589996696,51.2187284070015,61.1071157861051,71.0387031413651,90.9742598867002,100.966997774229,110.965344661647,120.979485050165,151.036234204071,44.8843344632108,54.0633984113756,73.1137042830323,82.8170109215073,92.6032551535792,102.433412812636,112.302465260444,122.206116276442,58.4949046082959,95.2588466896778,143.809572396007,153.646981442522,89.7600734472214,108.119092608865,136.484418510082,146.184785748672,112.191696392553,121.271461183277,130.491323298151,108.479581699307,125.715090222432,106.528462977772,148.134979090191,144.63050012483,153.096082707004,134.806192289979,142.450225308334,158.539969798597,175.45439503874,148.944237724175,156.546108240694,164.405014936085,180.77102370199,170.651880182045,192.518277336706,198.885810849765,85.0259470649849,78.2246992456028,86.2759253448022,78.306357214522,64.1166085578549,53.8522258681693,80.9041750152022,64.202636169047,50.063469489657,76.4630172992182,67.3349113724856,58.5032891763724,42.5090106474409,31.6148404837416,44.8860805049893,36.1636685025781,22.3665383254318,51.2229661989821,41.4081640337097,22.4405379288881,14.1686569316981,70.3366648501761,60.2915010501929,30.1429653592299,0,10.0489016535886,61.1116552835466,31.7581446376566,9.99235146795025,14.1705232688982,22.4428473827382,63.515430869993,36.1707131578146,22.3681568955222,19.9831245279836,22.3666922190178,36.1636938528673,67.3291377560589,50.1407023001752,42.5123829350225,42.5067697149751,72.33517941978,64.1995253068764,56.6834545433645,50.0610368996863,44.7359586266464,41.2093740181023,44.7312159073103,50.0549141574582,70.8497973304564,64.1194955608376,58.3504088414022,49.9564877798325,64.1115519676219,85.0238056607322,72.1709825787146,63.2279851810622,72.1662162414758,76.1571656241035,72.7679027512954,70.6537145189832,72.7585579653583,80.6535816244992,92.3213996871062,82.4145729645584,82.4096130708476,89.4500774707538,113.336646053668,94.8377172202089,90.4739173931816,120.584483086117,107.684984255382,100.405539556784,99.8906242635654,111.809800187185,122.157330342114,128.201124089996,110.345844100103,110.34464719978,111.71067636467,120.807130754275,125.322611445185,130.450218870822,123.610071805083,121.547904087012,120.297191171756,120.290426400169,121.549882898906,138.961969367768,144.305835312975,150.128789939148,130.250884500796,135.92885739543,170.488871961362
"34090029",99.140374110532,106.565926043614,122.447653230815,130.806781584675,139.401238149252,148.177808095847,59.9634024822724,60.7929793305879,63.2338061183991,78.229837871489,85.0293892332321,92.4269242347724,100.306093073281,117.02291396688,134.660908873689,50.9642455763934,64.1266677520829,70.8750459514715,78.3013191906999,94.6489783536435,112.260351948189,130.518155234295,139.85499048776,50.0206729610698,64.2050045572809,89.771792015147,29.9762611660969,31.616070718565,42.5200668692746,50.141064928744,58.5067181587965,76.4598898654136,104.85420770046,19.9841223131868,22.3696060433338,36.1659700713699,44.8885279902882,54.0700494177521,73.1191424920469,102.446185220439,112.317365380319,9.99184796325819,22.4413181281833,41.4147909074261,61.1149100575091,80.997957298374,100.97500506209,110.973833555352,120.983435453902,10.0458360490538,40.1870335158091,60.2873177022228,80.3784057342457,90.4255225928991,130.607688711004,41.4095944000294,51.2200027110541,61.10630187085,80.9938857034748,90.9730836718638,100.960616629203,110.968241724926,141.011139084528,36.1648032841363,44.8806802762947,63.5073471558337,73.1055704613897,82.8199218061786,92.598680625998,102.429922761838,112.30489629428,50.1313262913125,85.7792933289363,133.998383863872,143.805081356717,80.8868631850799,98.8524757175159,126.910931895331,136.545032696291,103.291793640829,112.192023259271,121.269924288025,100.259531447325,116.981563418814,99.1688187801894,139.358451380412,136.370096724375,144.621624374639,127.496518652909,134.806648663006,150.372994310133,166.906290609705,141.652533299984,148.949135495722,156.54481635683,172.487029543438,163.093626293898,184.762859175007,191.389127117102,92.4232913591875,85.0282280058703,94.6478079067407,86.2824630715984,70.8495071388921,58.3511912397862,89.7788455653702,72.3372055857591,56.6847921125431,85.7984730828288,76.4642471041142,67.3302006085951,50.1372814532728,36.0875802220517,54.0696137203889,44.88404793069,28.3398864904545,61.1104280437433,51.2177401911564,31.7551879956892,22.4419842827682,80.3855664681634,70.3404026856611,40.1918669862249,10.0489016535886,0,71.0440318300033,41.4172601583206,14.1732996989823,9.99197140451464,14.1701037512836,73.122012622489,44.8905304790514,28.3422669142645,22.3684649604666,19.9841144690001,28.3382183412943,76.4578397105875,58.5055314754944,50.1408596906226,36.0850412053921,80.9008235983209,72.3343082767028,64.2009038323556,56.6826172978443,50.0618283321629,39.967167809257,41.2086125170912,44.7310647233195,78.2962406186249,70.8522838006126,64.1215459181692,50.9583442130111,58.341829276706,92.4207462078377,78.2135910393104,67.1023954890835,67.0933659548112,80.6640353106848,76.1584741846459,72.7664336989734,70.6485640401993,76.1488194143926,86.0994428395987,85.4231061446219,80.5527239605452,85.411069538711,106.449111959532,98.4933534456351,92.1340634331358,114.135691630057,111.824750680946,101.90388945096,100.396187703637,107.67272298226,116.66497950617,122.155606490982,111.710867673389,109.887808445536,110.348460524601,116.989758366607,120.81376475607,125.322228173783,126.436572342384,123.607612718436,121.550311009,119.871888096802,120.298259708914,134.16010756015,138.963543890678,144.303617932472,131.409962646,133.306289827529,164.157963740498
"34091022",161.735371731755,170.6207853683,188.622956003394,197.75630008463,206.987531642809,216.289342159972,99.2160166062978,106.57199298708,114.339780126127,139.413939630231,148.187541525124,157.117748779955,166.188231354225,184.604811789712,203.33197136627,85.0357157907941,125.755868488508,134.67985284262,143.735898050411,162.216160459064,181.081661943474,200.111882261499,209.720938930726,112.147642219384,130.53077563505,158.788411730109,80.9074092471933,89.7816594867025,108.153102884975,117.539971957275,127.036594755803,146.247460994538,175.431986982476,76.4656388901652,85.7983852553483,104.861297245359,114.528027430271,124.251950816924,143.833120437572,173.427192515436,183.33100735423,73.1255429908165,92.6158860933897,112.322302751246,132.150374221545,152.035969185473,171.981545988237,181.960679364156,191.949929635892,81.0017787292342,110.974236518587,131.005305000936,151.045059876284,161.071143252606,201.190794528805,110.520674276735,120.570887452439,130.618065399963,150.709269044827,160.75644499315,170.808754127646,180.850794809898,210.989280481423,100.969857710447,110.96934106117,130.995162494335,141.008867650766,151.036082678207,161.059593640185,171.085899108578,181.120345422025,112.306117477436,152.021257415339,201.923397554684,211.92056694902,143.810535661473,163.512717100979,193.12191332445,203.132682572522,165.628648286534,175.396840476994,185.19250041084,158.752158948539,177.93490141024,152.876420309144,200.054395762204,193.865520161373,203.261280036886,179.488833246705,188.538292065498,206.908061358644,225.569727860246,192.970021678828,201.917627924586,210.960217335685,229.292092321226,215.397749862938,237.818540762312,242.587588956967,69.9589530171802,70.6797900144421,60.7977874926623,59.9675032499838,63.2389489616572,72.1918415083321,50.9695706162903,50.977772356252,58.3615451773287,41.2168364476654,39.9776118508718,41.220836305908,50.0727918958997,64.2108692512134,36.0973475922386,42.5194318276098,58.5099636384304,22.3742631004839,28.3508784448321,44.8929528553083,54.0735490831765,14.1757920121411,10.0005110943704,31.760244895101,61.1116552835466,71.0440318300033,0,30.1431021138256,60.2844112670891,70.3352355068559,80.3823649733445,9.98710802673068,31.7522192449707,51.2192517227905,61.1052002095714,71.0366386778579,90.9757571424834,19.9760486250422,28.3281150081138,36.1597594386511,92.602817896732,29.971946392201,31.6050077578487,36.0799382165385,42.501324980286,50.1300375673254,76.4451677505135,85.7774182465159,95.2553640457731,41.2002484427395,44.7235101373916,50.0509278796501,72.317920404912,108.118821897076,49.9523932003417,53.8315058787242,64.1030959658453,112.191552461263,67.0866455445891,72.1576844603525,78.1987816239022,100.250303116852,116.976745615692,134.625658859964,80.6461659776471,106.525804372773,122.390505126709,157.059366978009,85.4114209878848,94.3815928954626,161.748095140389,92.1165782051985,102.975115999207,108.222158893106,142.443000022889,158.533020611282,166.903248678982,111.799055342895,122.150748425387,128.199877771866,148.934825947709,156.540461469805,164.399059812941,113.932728254222,116.986790718863,120.807973366374,130.438628302363,136.13103793366,170.64510697341,178.44919193821,186.46522207018,129.950904075956,156.378162607631,208.609002360259
"34091025",136.3452052394,144.679737053186,161.822125737261,170.616892399985,179.555952365095,188.605112199033,80.6873354779867,86.1297728005278,92.3506438572212,114.340150931869,122.438875530474,130.812229650633,139.42273823697,157.121474434812,175.330856510326,67.1120432480988,100.290296002779,108.521532292951,117.013645930817,134.665769875121,152.962658619858,171.58742156049,181.037211948732,86.2132529816917,103.325631949212,130.518711198786,56.6874147529576,64.2053144153962,80.9118558083902,89.7772788149413,98.8773643750585,117.538013772829,146.240106702235,50.1454191549325,58.5084559350896,76.4603985472481,85.7968005394416,95.2747361277249,114.522080740308,143.829973352171,153.670539501675,44.8905984065945,63.5148036805752,82.8320502026028,102.453929773985,122.217012997995,142.084298472979,152.034445698811,161.999575709245,51.2230188735961,80.9980972384228,100.975394196535,120.98361353807,130.998607846462,171.090698507596,80.3775732958521,90.4277864900335,100.474964889889,120.566168868938,130.613345159892,140.665652981457,150.707695558058,180.846182292972,71.0382920969209,80.9950572631754,100.966918348812,110.962845520627,120.976246665529,130.98864408135,141.005998632783,151.033069600692,82.819526737832,122.205553880342,171.955707575978,181.935443212938,114.504374860435,133.996710783555,163.413427877493,173.376276700268,136.573036461405,146.211033144697,155.898461902174,130.489594383085,149.248151201229,125.708330071231,171.538679349987,166.113779222912,175.270412920983,153.093933049766,161.748615230388,179.488370024931,197.676588988801,166.896523150677,175.448414618503,184.146781421648,201.915494991345,189.216375879813,211.552312459738,216.901640118182,76.1697967953303,72.7833314496674,72.1809330253105,67.1133665805751,60.7882611908951,60.795622189853,64.1249811996465,53.8590882065291,49.9664294519361,56.684979234355,50.0665236502845,44.7377495817681,39.9720473000693,44.7427099125309,31.6177949541495,29.9775176282616,36.0924998354605,28.3400168248964,22.3646834154974,22.3720211948294,28.3440170984266,41.4153427082547,31.7600803325517,9.99320594584531,31.7581446376566,41.4172601583206,30.1431021138256,0,30.1413094058683,40.1921337478614,50.2392634310851,31.757286234943,9.99335667951096,22.4399863709538,31.7534221232035,41.4117181533396,61.1056379125332,36.1651712843197,22.3643141158576,19.9817458080472,63.5056742546044,42.5125242203158,36.0870026365966,31.6138916286192,29.9720186186643,31.6110901787407,50.131531800504,58.493287314061,67.3177145526098,44.7309121633152,41.2073742743905,39.965278669926,50.0513015139459,80.8848367345402,58.3487699075403,50.9492229114644,50.9515883747621,86.25580359032,59.9421789387791,60.776411738663,63.2166813273791,78.1976054845415,92.3966693543334,108.473485799973,70.6474052211595,86.0967981789488,99.1640656161053,130.764967318578,79.9244109499435,82.4018342192374,136.3629760128,90.4672398723614,92.1205576450005,94.8093736664134,120.579244955981,134.800518117548,142.441961229548,101.889771591965,107.667484769229,111.808421223721,128.187085825265,134.719132881888,141.654631432876,109.882539020489,110.336163070847,111.701160129553,116.988168083688,120.818776516059,148.859950996932,155.814907851275,163.089218103962,121.534857353188,138.960025516964,184.760472771112
"34091028",113.313669802847,120.711742814229,136.427921620058,144.675934974587,153.151265683524,161.806061463648,70.6754753208979,72.7809750375534,76.1690094054676,92.3537881498478,99.202688931966,106.564029261965,114.355185276365,130.819293129899,148.176611620162,59.9566612136157,78.2288309960605,85.0483447280551,92.4253847373851,108.507151557729,125.788709178336,143.72894767396,152.919577940981,64.0798540513526,78.3072957924267,103.317761264964,41.2138777021429,44.7392559790298,56.6933665624193,64.2034669915942,72.3395919843097,89.7773248985184,117.532897587471,31.6180155954081,36.0931938558295,50.1414808003668,58.5083206348481,67.3331276021785,85.7931585261579,114.520993283915,124.245618382021,22.3707500964441,36.1675824473012,54.0703723145353,73.1271076111897,92.61108080181,112.321267945366,122.21749508485,132.139491179697,22.4432871874226,51.2211309379853,71.0439614679096,90.9785975436271,100.970486231735,141.011148556982,50.2362643518919,60.2864775026823,70.3336562517222,90.4248604163886,100.472036963396,110.524347674724,120.566387783357,150.704875337902,41.4151068694337,51.2199694797275,71.0370176243167,80.9900900255597,90.9726961785035,100.96196433022,110.961684993428,120.974913746387,54.0615443511267,92.6026054038435,142.063233655635,152.013849304443,85.7798944189905,104.838241993017,133.899811336501,143.781617298157,108.114047939532,117.509253468776,127.002277242984,103.294572752324,121.269172789878,100.253450529968,143.6879992197,139.357580032639,148.12536276431,128.358321931379,136.364118435934,153.09443881894,170.549524937257,142.435829069248,150.366537294733,158.532105545509,175.446601630192,164.395596694764,186.460351921753,192.510050415632,92.3423908767075,86.1215790033358,92.4195463664989,85.0288885839187,72.1729735411397,63.232134524248,86.2763273621254,70.8549010489233,58.3509870197895,80.9007078746403,72.3361501444725,64.1967728883406,50.0576389772608,41.2113947488623,50.1371924516551,42.5067489172047,31.6135403091075,54.0643432650749,44.8761586168209,28.3371359707832,22.3653688092184,71.0392710981602,61.110564540518,31.7526240705735,9.99235146795025,14.1732996989823,60.2844112670891,30.1413094058683,0,10.0508243658293,20.0979541758654,61.1080472428371,31.7572710708135,14.1689673549193,9.99077333911301,14.1701858052064,31.7556131017067,63.5103716270735,44.8852497830599,36.1647723739996,36.1628823675525,67.327295267172,58.5009051492212,50.1382014133808,42.5093178136682,36.087370423692,31.6130068817901,36.0846885300294,42.5057864841466,64.1935882276337,56.6789843294803,50.0598824454017,39.9641364533896,56.6738577854618,78.2963908204561,64.1115922287834,53.8467677249747,64.1089024477429,67.0962116210329,63.2237218841756,60.7791918078646,63.2153281853144,72.1621222671038,85.0037647928988,72.764029927316,72.7599524024945,80.6480030044888,106.526826187446,85.4215424225333,80.5508494224199,113.330488890239,98.4841884310648,90.4686914061426,89.8982728917922,102.980486209207,114.131471591837,120.578265972123,100.398945433452,100.398043109197,101.89735630923,111.796320504129,116.660837870016,122.152494449648,113.9446824274,111.704865825562,110.3427223004,110.336229884976,111.70759329283,130.441134734727,136.119671375558,142.278076441075,120.290671543298,126.417829245797,163.00680985374
"34091029",106.426842689761,113.376848509674,128.417700938483,136.410609820062,144.671880403355,153.146609138898,69.9553738650769,70.6666752705911,72.7768270236157,86.1272596181689,92.3466066881517,99.1997598732432,106.582607441585,122.443137951369,139.395419605104,60.791956356969,72.183889892494,78.2441095878297,85.0251929560505,100.283142829294,117.051215338287,134.658442993118,143.726340893525,58.318267111188,70.8575284977344,94.644697682321,39.9682325694573,41.2123132073109,50.068807863038,56.6833027308184,64.2020721699116,80.9003995838298,108.134210762796,29.9760936803184,31.6168564220268,42.5098920439558,50.1410406858801,58.503758124451,76.4557666279691,104.852901426994,114.516750072913,19.9838193090401,28.338549768111,44.8842874622505,63.5178836688524,82.8248738956589,102.445921615159,112.3134704975,122.213268338568,14.1675780390486,41.4093635017123,61.10913655236,80.9958220569099,90.9741359108331,130.987290506339,40.1854401125923,50.2356532304298,60.2828320980678,80.3740363019987,90.4212129285296,100.47352577479,110.515563873171,140.654051678514,31.7543426604884,41.4090448742948,61.1027806248202,71.0270792698496,80.9904550643168,90.9661323676587,100.955980223073,110.96177391732,44.8771015248256,82.8174897084968,132.120399068367,142.05682812082,76.4441363074132,95.2510183879396,124.125177158402,133.967090440185,98.8458405297629,108.112462187116,117.505517629674,94.6234885207649,112.18832796124,92.3938521299405,134.620160840348,130.762932573454,139.347325479082,120.657296645561,128.357208784415,144.618749112374,161.740814739275,134.791184529814,142.438980738261,150.36378806147,166.897028036221,156.534208094085,178.440481636052,184.753558492241,99.1964703296474,92.3458288158236,100.280907157116,92.4276243722762,78.2160351387964,67.1052896095949,94.649786832427,78.3023174986833,64.1226692099512,89.7771561659459,80.9042548178413,72.3332324117162,56.6795338854356,44.7346315524006,58.5031485304473,50.1365026448902,36.0874398069571,63.5122705434089,54.0612126151646,36.1642637460772,28.3391801968792,81.0025813524381,71.0451744390239,41.4138784194189,14.1705232688982,9.99197140451464,70.3352355068559,40.1921337478614,10.0508243658293,0,10.0471298720558,71.0424787369925,41.4182316527024,22.4441286635391,14.1714412516342,9.99214318328713,22.439627982274,73.1189705150894,54.0707359026523,44.8866046877971,28.336246685285,76.4575984498478,67.3292324912081,58.5041858101572,50.1395473828097,42.5118963356672,29.9751964654484,31.6117536297055,36.0833438970227,72.3299902497472,64.1982008921928,56.6826402119502,41.2098063957587,50.0526355008126,86.2735141013765,70.8461961991768,58.3483032388746,58.3384843660175,72.172126010534,67.0990940787458,63.2232788403144,60.7745278984931,67.0886945453246,78.2004905236389,76.1555011093347,70.649622779276,76.1427710615984,99.1661233049085,89.4636430783504,82.4116271916139,106.441929311822,102.995407364385,92.1292722571333,90.4599826729144,98.4724857449478,108.231644401889,114.128599006595,101.897775216308,99.8958370785899,100.402010864643,107.659335048744,111.80249288578,116.659477982793,117.005658436955,113.943256686545,111.708027023034,109.879916754891,110.344354120805,125.312427422271,130.441672622735,136.116374837432,121.545223846995,123.593316121141,156.372227256994
"34091030",100.08038159717,106.489879589449,120.716951596215,128.404070401662,136.410016294251,144.671134831893,70.6729269373573,69.9481139490785,70.6649865483862,80.6792136093162,86.1234013432679,92.3471106957894,99.2238218429224,114.341050657584,130.801091067927,63.2344504202301,67.1097774717558,72.2051176855616,78.2221701478132,92.4248710600437,108.545219781955,125.741084573297,134.659709172835,53.8344917336389,64.1251505632322,86.275079164904,41.2119277334436,39.9683653048948,44.7430833451166,50.0628894675995,56.6855739154133,72.3352502831878,98.8679064985275,31.6147206199793,29.9777234314504,36.0873045301131,42.5132732627588,50.1403794702204,67.328145767791,95.2680609544304,104.852620882913,22.3669836820978,22.3657684825713,36.165130461228,54.073478287886,73.1144815362843,92.61228433611,102.441974484245,112.313124558719,9.99044023742313,31.7515151863906,51.2235239090859,71.036119841931,80.995130036982,120.971718871477,30.1383102432945,40.1885233587401,50.2357022513437,70.3269064668101,80.3740831291409,90.4264003419685,100.468434137988,130.606922095072,22.4414871656293,31.7515637655336,51.2173727522791,61.0962277182315,71.0309943688026,80.9873844367246,90.9637221708331,100.959642596327,36.1587461232322,73.1076233825308,122.198618322142,132.117423695623,67.317226348631,85.7729079694446,114.401561823348,124.193566825636,89.7488494777495,98.8471623535658,108.111823211783,86.2544844465403,103.289756026027,84.9987151497057,125.704388945058,122.392422568666,130.754948295585,113.326415150112,120.658262117763,136.359265461936,153.087496235302,127.482429905438,134.79656375974,142.438288116427,158.525806026272,148.937995633409,170.637579603879,177.229329584319,106.557117183176,99.1983317067691,108.50207997322,100.286824045956,85.0196107405228,72.1793702340281,103.320293710906,86.2772327917367,70.8548957853216,98.8759039179713,89.7777585805486,80.8987597252762,64.1962802134811,50.0593094186812,67.3289278273973,58.5002065579784,42.5099901583573,73.1180185963904,63.506022861026,44.8833853073565,36.164711947312,90.9816443761499,81.0049877261663,51.2219465178278,22.4428473827382,14.1701037512836,80.3823649733445,50.2392634310851,20.0979541758654,10.0471298720558,0,81.0017689041569,51.225488993712,31.7569183035053,22.4433031671608,14.1712327113795,14.1681146027634,82.8286230865996,63.5148187198867,54.067799486382,22.3647099498659,85.7899298362736,76.455983870736,67.3285733653205,58.5019409121893,50.1385018321208,31.6150329955425,29.9740408597135,31.6115435968241,80.8939293778719,72.3310068672646,64.1980500745339,44.7339339982346,44.7287845793286,94.6424638184741,78.291133540094,64.1182800841665,53.8407909431666,78.2125413470971,72.1725969031149,67.096020512501,59.9395660160302,63.2171275932231,72.1604675813679,80.6611979846452,69.9323733257617,72.7550706602198,92.3153817051223,94.4036595596982,85.4193516849151,100.090904873305,108.250948743744,94.8290016185237,92.1189979032192,94.8190048852686,102.9771655441,108.230041711856,104.344852976281,100.400305262895,99.8987606664228,104.329172089084,107.665438174681,111.802114145663,120.824490629899,117.002259073406,113.944278683996,110.339047430952,109.885566316878,120.803813256601,125.314050085704,130.439542784237,123.604410200677,121.535723677707,150.118720368976
"34092022",166.89876419554,175.523392646399,193.06804123646,201.999882612506,211.045091777807,220.175456588023,106.494781308608,113.378778286023,120.709119342308,144.683662464018,153.155319993119,161.811421239936,170.634544326592,188.615875952695,206.979315950314,92.3507514273677,130.813003632207,139.415697646905,148.180252773788,166.167163038262,184.630177895429,203.326771780529,212.790512595885,116.941728590309,134.670275914553,162.208666451691,86.2806327802421,94.6523440541454,112.229383229526,121.300913079765,130.524123651528,149.286395766154,177.972700484942,80.9057690331234,89.778183591644,108.141140655653,117.538494597243,127.032021937874,146.241153813984,175.428846445615,185.225575864343,76.4624265810424,95.2720896849605,114.521994521971,134.025175338058,153.667582850492,173.425280601447,183.325539533504,193.244113042761,82.8299862270313,112.315095173213,132.143024694079,152.032327261189,161.996896305636,201.931958218323,110.971549245907,120.984300692502,130.999343924806,151.039488887345,161.065744611058,171.105630247999,181.125234997979,211.223650113956,100.474958366028,110.519079470445,130.613532426471,140.654526491978,150.704889674378,160.749005246879,170.793182286998,180.843543066153,110.96574080224,151.032934094989,201.179034394754,211.211397814825,142.064897669798,161.979156427353,191.824309008151,201.904214553332,163.505753265527,173.393356817744,183.295765540911,155.897292068411,175.392119706356,149.243317957457,197.290713701818,190.489227609375,200.043857233244,175.269420716582,184.525620415645,203.257728805782,222.22563348429,188.523236147459,197.671627305344,206.899722270389,225.561370567254,210.950206983802,233.370369388932,237.80932345353,79.9460610282086,80.578032430228,70.6666615928514,69.9546111643475,72.7776363493775,80.6797585136984,60.7922188679939,60.8008972279184,67.1120894597747,50.9602349630535,49.9647196608806,50.9650107414159,58.3576592272107,70.8617846894779,44.7407500132586,50.0659599789471,64.2039598107573,31.6174999711763,36.095013469377,50.145077382822,58.5071714458524,22.3695608665538,19.9876186424031,36.1695863431303,63.515430869993,73.122012622489,9.98710802673068,31.757286234943,61.1080472428371,71.0424787369925,81.0017689041569,0,30.1415302362133,50.2377034479638,60.2848890881185,70.332092276543,90.4264962620327,9.98894064309963,22.4353495646519,31.7541435562855,90.9728857866453,19.9848384067069,22.3625767235501,28.3365514237456,36.1609104590246,44.8805966927133,73.1102519148555,82.8191020002885,92.6001412619875,31.608885616777,36.0814166936252,42.5057163603813,67.3171644651034,104.839428414805,39.9652851863709,44.7220411569602,56.6689133104254,108.115780259384,58.337244917592,64.104360669194,70.8358387279416,94.6192779446637,112.187866568506,130.485726463668,72.1589658390366,100.253816375593,116.972237433632,152.873919183677,76.1485132103124,86.0900928753789,157.053313759929,82.3987312070805,94.3821932879698,100.081689830196,136.359709005914,153.090088625127,161.742057735837,102.974203493167,114.128928652965,120.580754870861,142.429444044586,150.364062327755,158.528846573488,104.33484292364,107.661870063,111.801995615864,122.145055508046,128.205636910669,164.391849238869,172.478698737333,180.759515516125,120.801120251731,148.861400783451,203.033876645455
"34092025",142.436387267712,150.434388873601,166.986149220029,175.521719868461,184.222451422555,193.052963974684,89.4913161324366,94.4269678389176,100.133571914693,120.713934305671,128.410976165481,136.418152348278,144.697862664819,161.818964463366,179.551437525619,76.1734411804839,106.567195192668,114.350101820607,122.43589762701,139.403538075247,157.150881930306,175.329405909257,184.587586471594,92.3675825159324,108.511818779968,134.662322339123,64.1277177404461,70.8606664731199,86.2885838946971,94.6514979883291,103.323243947461,121.30152716523,149.281360013267,56.6899719301244,64.2064553571871,80.9032565684308,89.7790577431901,98.8759427032477,117.534950156121,146.239832682641,155.92837646122,50.1462025988413,67.3318480722895,85.7937960800893,104.863406419844,124.243104087477,143.830611559375,153.667461421181,163.533042455535,54.0697967581279,82.8275942831669,102.44901224238,122.215774493513,132.137010687606,171.963377701999,80.9976458465506,90.9795419342621,100.97142807042,120.980034227599,130.995193992099,141.027373471368,151.038300523266,181.120973988176,70.3334282167226,80.37754937006,100.47200249623,110.512996492482,120.563359879483,130.607475452348,140.651652692032,150.702013666399,80.9923720999965,120.974252098837,171.081734181525,181.109675782447,112.303845370749,132.121002566582,161.878166405627,171.935723199484,133.990153242578,143.801212332677,153.640349558628,126.999941463505,146.206627153343,121.262249516469,168.306669243517,162.159472537324,171.527695373661,148.122566988232,157.051204037917,175.266519802118,193.850854551103,161.732379960235,170.542832118331,179.479030087528,197.667423125431,184.135611049207,206.537396701584,211.541926381049,85.4382202770702,82.4339844774538,80.6726292772433,76.173213800042,70.6632674527432,70.6710046026096,72.1821567096371,63.2402469879595,59.9597860120027,64.1220120096682,58.3547564317686,53.8528329595967,49.9654039634244,53.8588034084512,41.2151950290083,39.9708742790704,44.7412762205748,36.0881053882595,31.6136560946242,31.6209754188958,36.0940605356922,44.8845646594685,36.1687376400295,19.98656262053,36.1707131578146,44.8905304790514,31.7522192449707,9.99335667951096,31.7572710708135,41.4182316527024,51.225488993712,30.1415302362133,0,20.0961734058435,30.143358931061,40.1905620460991,60.2849660442169,31.7531006701274,14.1666300054708,9.98838938643916,61.1035913328062,36.1644663048844,28.3370900359925,22.3646983896414,19.9786620819938,22.363303299854,44.8789834519119,54.0596248642965,63.5031452300733,36.0818678132949,31.6092196432031,29.9719221353847,42.5018094255876,76.4438881556372,50.057845672657,41.1988776572689,41.2017593086569,80.8808111881313,49.9488224193965,50.9475028707805,53.8357492859446,70.8302571821215,86.2504882851126,103.288267692723,60.772384561058,78.1984209573309,92.3899545680224,125.704929256171,69.9310544265284,72.7509970300884,130.757415893638,80.5431828094469,82.3967488893794,85.3935909105665,113.324463225776,128.351959158293,136.355183217322,92.1138615646096,98.4669838202349,102.978258165283,120.563222783436,127.486131417439,134.794098190971,99.8891824521272,100.388536410167,101.886829344277,107.657516428599,111.807736156848,141.644496710977,148.936430941271,156.530638266791,111.691220173921,130.438474854871,178.438930617611
"34092027",127.482635553117,134.858856159619,150.439625917148,158.594100785229,166.967250176047,175.515766535402,82.436776497119,85.4379345793979,89.4768573353414,106.486716045758,113.371656028873,120.705132452584,128.426955877041,144.683744149409,161.799947391471,70.666520478297,92.3486716895548,99.2173119790494,106.558014273728,122.432731596106,139.44032710033,157.102571328918,166.160940479454,78.1761991248818,92.426775271569,117.007538315169,53.8520696037051,58.3522024630547,70.8623336344983,78.3012966610893,86.2782942202018,103.317777638347,130.514331597313,44.7382260764645,50.0640900259864,64.1991487562001,72.3362772044195,80.9005393375543,98.8700391662478,127.024978847938,136.598326206582,36.0910207077408,50.1385080198845,67.3284159469233,85.7962690546947,104.850525526673,124.244321831905,134.012702661729,143.82266005571,36.1649134190045,63.5084333430493,82.8301391582919,102.441291750836,112.311595998625,152.020032939512,61.1043367569488,71.038416269346,80.9974633453259,100.965417851294,110.967419124548,120.990582668588,130.992199199231,161.05855658791,50.2372558378541,60.2813770967953,80.3758305585068,90.4168243506613,100.46718813103,110.511303666489,120.555481225484,130.605842479702,61.1008975332692,100.9611215673,151.02509020446,161.04854038253,92.5989681509975,112.298548213131,141.958720116494,151.993410007133,114.493575349903,124.219046615838,133.989656167526,108.11274371191,126.997349593264,103.285905759382,149.2383781143,143.682911277649,152.863455461802,130.755871111507,139.349014618397,157.048385882457,175.262009578376,144.606847340427,153.084576178158,161.737472868326,179.475511154666,166.891401846674,189.203202970518,194.655321125051,94.4152796235719,89.4764281851517,92.3403264924495,86.1235230607518,76.1585741794314,70.6643596748106,85.02465466586,72.1816481532537,63.2324292173252,78.2989129734969,70.8548280704827,64.1182296090457,53.8483189622007,49.9609789351184,50.059263257102,44.7319460889041,39.9669881945986,50.1350338718296,42.5027340866898,31.6132061773439,29.9745987421698,63.51093059888,54.0689593914605,28.3371684551718,22.3681568955222,28.3422669142645,51.2192517227905,22.4399863709538,14.1689673549193,22.4441286635391,31.7569183035053,50.2377034479638,20.0961734058435,0,10.0471857036742,20.0943891140742,40.1887933826804,51.2213304867161,31.75790041709,22.4424761624566,41.409581604848,54.0675483716414,44.8851039438461,36.1667558940342,28.3403504588159,22.3678017720242,28.3371007516327,36.1601722451696,44.8777287349057,50.1354842527767,42.5100169745969,36.0893666286794,31.6106897157141,58.4926761090529,64.1982291448472,50.0537791929291,41.2088215063231,64.1849770966005,53.844117672174,50.9542392532888,49.9513064926316,58.3325919450172,70.833942791412,86.2513882034879,60.779029214269,67.0884030237299,78.1953585149348,108.46868969424,72.7657282701469,69.9292361784224,114.287357646136,85.4150497014558,79.9167646535794,80.5346121241051,100.089152150364,113.324082825025,120.65329185255,89.9028397120527,92.1191402974435,94.8208135297188,108.219869123127,114.125977547602,120.573207112097,101.89574868375,100.395104198225,99.8925156725862,101.885462362326,104.341484608353,128.187189634455,134.711790472888,141.645554491627,109.877617889192,120.804867243433,163.080639944215
"34092028",120.569918554074,127.54828947934,142.511132614023,150.425072803456,158.592757092714,166.965551989815,80.5769855952893,82.4288675065873,85.4347546369447,100.132710922141,106.481843440144,113.371201114556,120.726545917344,136.421539017578,153.143584260008,69.9474344527952,86.1244864938583,92.3658637458468,99.1966342076614,114.330025740664,130.845752949881,148.172420676532,157.103012118361,72.1430915242434,85.0289697311895,108.501150773931,50.960983289013,53.8517054379904,64.129055496155,70.8547439760429,78.3025925545273,94.6471181614371,121.292376544094,41.2126016703618,44.7380709933884,56.6813332881905,64.2014793775165,72.3346529816399,89.7714488937173,117.529766937665,127.024074297323,31.6159597453464,42.5099910195285,58.5021802068887,76.4623326064733,95.265242157396,114.518918939403,124.239721398996,134.011836891273,28.3390192675563,54.0633958076739,73.1194801214134,92.607376944627,102.439796035202,142.065727784117,51.2184471910032,61.1072266544201,71.0375522275711,90.9727436888306,100.964849537403,110.981346504615,120.976466798836,151.031764270469,40.190070270684,50.2341915414114,70.32864507658,80.3696387939968,90.4200026831386,100.46411819657,110.508295847249,120.558657184526,51.2155575749394,90.9689264695052,141.001721918751,151.022210149472,82.8173873354947,102.42775759282,132.019620731749,142.039081281221,104.830431186551,114.495033735288,124.218079467447,98.8479689910888,117.504055052796,94.617650548995,139.8122384423,134.618510115885,143.676090693088,122.385602485575,130.757163897649,148.121258894785,166.099090224757,136.347839982972,144.611980217347,153.084599400673,170.53961474642,158.520782013373,180.750117310964,186.4501842258,100.123230582527,94.416749163499,99.1924645509617,92.346133904646,80.663969627835,72.7746551068601,92.4212668675529,78.2220680442444,67.104614054564,86.2742973778069,78.3005764289375,70.8497313573362,58.3459921186732,50.9594288505064,56.679359381741,50.0560124249188,41.2092804896229,58.4982495282421,50.1295176289857,36.0852037324505,31.6122620351043,73.1163627790071,63.5135024163634,36.1620086663679,19.9831245279836,22.3684649604666,61.1052002095714,31.7534221232035,9.99077333911301,14.1714412516342,22.4433031671608,60.2848890881185,30.143358931061,10.0471857036742,0,10.04720346885,30.1416077493852,61.1068266563494,41.4158519764485,31.7553833601129,31.7522525913859,63.5114570480157,54.0668237672592,44.8852705363115,36.1653683479382,28.3404552886218,22.3660874539528,28.3363756624616,36.159974899167,58.4983755030436,50.1374050541197,42.5111992495644,29.9733632564313,50.1306187144162,72.33131499282,56.674755043836,44.7339305589742,56.6700030550653,58.3433029029683,53.8451086870766,50.9528379341476,53.8355333824058,64.1040120945438,78.2782380174837,63.2223312562871,63.2172881863329,72.1560585061736,100.250038128782,76.1551173698804,70.6493510489964,106.519244778075,89.4562858153089,80.5475588127585,79.9074997513144,94.3829250077451,106.437967921439,113.32302253295,90.4640041080977,90.4627196040601,92.1233430563837,102.966548813428,108.228068258089,114.125827510353,104.343378725142,101.893101221578,100.397683708437,100.390850118701,101.895403791846,122.142876084224,128.188993610444,134.710211006309,110.338145526813,116.987396040584,155.805224359109
"34092029",114.125106084889,120.633214990591,134.866287009126,142.497250640018,150.42410835696,158.591791208598,79.9475169405418,80.5699802695892,82.4270115064424,94.4236382136418,100.128705953181,106.482173628368,113.395054283416,128.414989577987,144.667943228435,70.6656112349303,80.6763530563414,86.1448028408831,92.3440853345582,106.559988394703,122.473311194416,139.395152035557,148.173371948071,67.0805626705561,78.2253827284101,100.2811161778,49.9603755849141,50.9614889801179,58.3578701909238,64.122818758125,70.8568066266871,86.2764692112655,112.212867915234,39.968236782139,41.2139330611405,50.0602341927543,56.684505960428,64.2005975322524,80.8983970680881,108.134893070105,117.529298202318,29.9759624257231,36.08753577852,50.1385621177093,67.3346638183946,85.7862424615985,104.85462662542,114.514586586626,124.239145253243,22.3662955049001,44.8813040316515,63.5140543816196,82.8250194446465,92.6060377256841,132.125695198726,41.4106217631609,51.2215799842741,61.1064542802624,80.9937283288162,90.9722630644134,100.979782440076,110.966540518549,141.007964977757,30.1428668085867,40.1869880805482,60.281441638162,70.3224353299415,80.3727992554159,90.4169147580338,100.461092449329,110.511453829721,41.407808997557,80.9901307969338,130.981867534028,140.998721713374,73.1074402440238,92.5945669074407,122.097943807432,132.098561928279,95.2462863379127,104.831525993605,114.493794947889,89.7509912006757,108.110324189591,86.2482079156216,130.47820041617,125.702846838973,134.610920370375,114.284905953498,122.386231824649,139.345915645363,157.043649475242,128.34313130598,136.35246423156,144.611240826614,161.733399465418,150.354697926902,172.467161636719,178.43255955323,106.476318576589,100.125632765457,106.553531978774,99.1990743889945,86.112272814167,76.163957277089,100.280914327414,85.025086807941,72.1788714778431,94.6458277859341,86.2762844356973,78.2960057876738,64.1163821218361,53.8485744539513,64.1964426606639,56.6769347096445,44.7332305240795,67.3242391339619,58.4930655513009,42.5073216956771,36.0856846972646,82.8270608612302,73.1193036402122,44.8814050376589,22.3666922190178,19.9841144690001,71.0366386778579,41.4117181533396,14.1701858052064,9.99214318328713,14.1712327113795,70.332092276543,40.1905620460991,20.0943891140742,10.04720346885,0,20.0944042824336,71.0375069455026,51.2234733459261,41.4126371204127,22.4392069809609,73.1159557866191,63.5106479166756,54.0663714681043,44.8834452481754,36.1645584268507,19.9830533439409,22.3645237377231,28.3356009169962,67.3227579099134,58.4997223597805,50.1374278061545,31.6127850696769,42.503672142209,80.8949616914495,64.1906802586921,50.0584650222519,50.0503033771109,64.1126276906263,58.3437456805374,53.8422298521776,50.9467595958108,58.3346795557261,70.8335793101424,67.0950013775879,60.7758099117268,67.0833853738827,92.392550074357,80.6599245427294,72.7614848879467,99.1603035642169,94.39683014803,82.4061056366709,80.5371343988283,89.4431081345501,100.086804629705,106.436045829116,92.1225006814614,89.9036939850225,90.4656650217426,98.4595438638667,102.973258140944,108.22712919008,107.675012672287,104.339836360223,101.894283372526,99.8877736278434,100.398057865099,116.650657048119,122.143916407563,128.186524520559,111.702540771053,113.929011857526,148.85151060056
"34092031",102.980390566734,108.284519961814,120.637690213801,127.540371501698,134.849783428617,142.494315115632,82.4323033739598,80.5673525175417,79.9375485076805,85.4395722558013,89.4766846999448,94.4185960338334,100.155314799982,113.380448227958,128.398196057301,76.1655110574073,72.7788029767852,76.1935842877759,80.6717584450381,92.3470124358214,106.599721918982,122.42744740342,130.801065867689,60.7927377224838,67.107249001698,85.0265267055891,53.8487811996989,50.9590547424338,50.9653722182395,53.8519811118861,58.353122358827,70.8544376575058,94.6420625498013,44.7331453015808,41.2117265028219,41.2088064463157,44.7366903545165,50.0617409419234,64.1985806790519,89.7697339116395,98.8676338434447,36.0857546061932,29.9729326160157,36.0868509624076,50.1451802094148,67.32421881307,85.7901956780381,95.2648939870699,104.849396713485,22.3653778880041,28.3363656175204,44.8870300312241,63.5087082451378,73.1127083390441,112.302775009976,22.4394286263714,31.7558240323546,41.4125169484054,61.1027000749913,71.033262448308,81.0104863983361,90.9712951326904,120.97197747556,10.0484626580099,20.0925838920986,40.1870375311143,50.2280310929474,60.278395165178,70.3225106199033,80.3666884436041,90.4170499503889,22.4374735558244,61.09991711089,110.957041971189,120.963590281515,54.0587584256439,73.103117011054,102.328190667535,112.27459384627,76.4357832717392,85.7695952415275,95.2466650855721,72.3158885832875,89.7487003546964,70.8306006027702,112.180533323868,108.466807713591,116.963154126704,99.1583007029555,106.517689880016,122.383654606758,139.341411827829,113.31431555103,120.650142564359,128.347835454713,144.607331463043,134.787436859133,156.522459074389,163.07334597356,120.697414053419,113.366446191353,122.426555725534,114.329953590943,99.1877251178655,86.1169589806341,117.008573458966,100.279681172795,85.0230102477967,112.216783326333,103.317221971242,94.6416498035592,78.2932886932816,64.1162812024854,80.8954970249872,72.3273622211935,56.6781046438299,85.7858575667616,76.4462121868621,58.4976727454093,50.1348594438968,102.443238843914,92.6122234349711,63.5082371141591,36.1636938528673,28.3382183412943,90.9757571424834,61.1056379125332,31.7556131017067,22.439627982274,14.1681146027634,90.4264962620327,60.2849660442169,40.1887933826804,30.1416077493852,20.0944042824336,0,90.9757112174863,71.039943375108,61.1056243733832,9.99148590042956,92.6073057367217,82.8254721447865,73.1152316959557,63.5090374993214,54.0643848272144,28.3404012737122,22.3676164337121,19.9831477167643,85.7825326654533,76.4515233014089,67.3244574371376,42.5088388010125,31.6106094693149,98.8638146724382,80.8887031886798,64.1950816476472,41.2047116608104,78.2886836133407,70.8456029280932,64.1115180332706,50.9499830597928,50.9496715859323,58.3346906955185,78.2100270652907,60.7779846232228,60.7722435167744,78.1967212552855,92.3286877903921,80.6582894485424,86.089018394131,106.457280948075,89.4550312775493,85.4048910411166,82.3993833452603,89.4412998720156,94.3790416725499,98.4780016001478,92.1234980287851,90.4677435010885,92.1105248402457,94.8133430175365,98.4664885999405,116.672049859258,111.811089698129,107.673900249145,101.891020819514,100.397645552152,107.657266686133,111.795782079409,116.650749979239,117.000354345467,110.331684571523,136.108428011561
"34093022",172.486251492985,180.84490830914,197.917315083951,206.638970901078,215.4889871662,224.438478932828,114.18439886656,120.629572032304,127.543547756961,150.432528535335,158.596952771409,166.970927271286,175.536722929237,193.060276126088,211.036081245691,100.129216630208,136.414835278626,144.686703216071,153.147531577835,170.611566506258,188.640689350458,206.973413585287,216.277382169741,122.364611387259,139.403291263922,166.159091975434,92.423992696391,100.283921096624,117.017922846596,125.744052295423,134.663117739882,152.91772842798,181.028676558435,86.2784125986298,94.648421621043,112.216323823444,121.298303327303,130.518363689276,149.279076188535,177.968345960318,187.632353080573,80.9017625650967,98.8696899627921,117.531230645124,136.605371624486,155.922117721883,175.425568422708,185.218551175088,195.040661422957,85.7886587308696,114.513574950309,134.01636137286,153.662620782694,163.527360665318,203.160740334351,112.311140356934,122.21405256913,132.135376404016,152.025287705786,161.990120132406,171.981674566242,181.947003137099,211.927592974747,100.969095693928,110.968215211738,130.993133370453,141.00710427901,151.033473568326,161.056951248651,171.082593763703,181.116477581643,110.513782978074,150.699953259659,200.9274251287,210.971632414984,141.005104364582,161.049871878337,191.03909443505,201.163072302194,161.97022142818,171.94582706387,181.92659829005,153.637943955517,173.386367047287,146.201455431142,194.998097491802,187.582557865511,197.278161413041,171.526356886511,180.973705144301,200.037890094493,219.283811406989,184.508307871479,193.845575463512,203.247226231687,222.215191493623,206.887434512161,229.269095828841,233.358719077122,89.9350016418389,90.4974759028605,80.5666650670013,79.9435518073395,82.4240695291639,89.4787816027355,70.6629914937225,70.6716274498136,76.1685896051438,60.7848221000319,59.9536602925428,60.7896754363704,67.1086473159989,78.2260517356814,53.8522447656376,58.3513859276501,70.8548536641035,41.2107880038113,44.738175875275,56.6851067220956,64.2006394825349,31.6142793588171,29.9765592613977,42.5120827576161,67.3291377560589,76.4578397105875,19.9760486250422,36.1651712843197,63.5103716270735,73.1189705150894,82.8286230865996,9.98894064309963,31.7531006701274,51.2213304867161,61.1068266563494,71.0375069455026,90.9757112174863,0,20.0907435656578,30.1417582447002,90.4216753377453,9.99589776872609,14.1673622182628,22.4399635456863,31.7525775215469,41.4107851656707,71.0324291346784,80.9905196181382,90.9680201556659,22.3644181190581,28.3355237287179,36.1622144360037,63.5024713126305,102.430747180297,29.9763445831769,36.0778506896862,50.127729047169,104.834102052363,50.0510374445062,56.6677574821407,64.1839725836365,89.7474505383977,108.109799351416,126.99595854781,64.1031984973767,94.6202114212387,112.181055654955,149.238461930127,67.0914609219208,78.1936672483554,152.86561681251,72.7517133312644,86.0883975423455,92.30230135087,130.754904350846,148.119151216087,157.044935729635,94.3790108136875,106.437845447712,113.327818452466,136.343635435952,144.612004786743,153.083487175369,94.8152170048343,98.4646757435999,102.974864358724,114.12077994198,120.58457927059,158.519354052837,166.890489661618,175.435004501106,111.792503988538,141.647932906438,197.803964348371
"34093024",156.540195038416,164.471946644511,180.856068511702,189.298525484159,197.903545859059,206.637927447904,103.024736789518,108.275950205521,114.174594331,134.858952458545,142.500098208023,150.428536443474,158.615561082832,175.528445297203,193.046369522334,89.476356839996,120.706441967167,128.420425240943,136.410296058468,153.148582436066,170.653106702119,188.59743446828,197.744974127689,106.499188218497,122.436178612184,148.173661147326,78.2227524868195,85.0272956386071,100.290529316351,108.503946000931,117.01224956373,134.662574410484,162.204946139288,70.856601052858,78.3027012295887,94.6464870720944,103.319428211509,112.2183771821,130.517254365618,158.782878984473,168.349237002977,64.2025612939508,80.8991797868842,98.8712079402257,117.538482000125,136.597246969043,155.928092522493,165.655572529802,175.422377086038,67.3285369110918,95.2663336966478,114.520907984317,134.01328934575,143.822282595998,183.312173575825,92.6085292194505,102.445053245292,112.315452491574,132.134006357232,142.073204822641,152.045306084128,161.991624781768,191.934542255252,81.0005527653156,90.9763057406083,110.970803368307,120.974623078251,130.992852966688,141.009826987963,151.030108399686,161.059553362447,90.4230407351845,130.609211687219,180.836684748784,190.880891971139,120.973904337793,141.003956989491,170.979679690954,181.099899466863,142.055803016041,152.010332516559,161.973636510102,133.992543082493,153.639205079991,126.99700075253,175.38442642972,168.305400354039,177.917612617663,152.866995561582,162.156975343697,180.973915268526,200.036968079193,166.094761360909,175.261590603144,184.516456144408,203.247295515243,188.520213075047,210.939298462821,215.378645818633,92.1466696775093,90.4915329753048,85.4265657651002,82.4258979400964,79.9307583807308,82.4262964128932,76.1593186292278,70.6654777664428,70.6632966345179,67.0965476835649,63.2277038671317,60.7839111535963,60.7878650587821,67.1070238029319,49.9569918602159,50.9575053381396,58.3498997979558,41.2044297561953,39.962198162557,44.7363351125615,50.0615128543171,42.5039059152463,36.0843782457991,31.6124661076952,50.1407023001752,58.5055314754944,28.3281150081138,22.3643141158576,44.8852497830599,54.0707359026523,63.5148187198867,22.4353495646519,14.1666300054708,31.75790041709,41.4158519764485,51.2234733459261,71.039943375108,20.0907435656578,0,10.0510160696762,70.3309329129332,22.4420480818483,14.1704621727146,9.99610113920941,14.1732102105998,22.4452477469457,51.2204813646711,61.1044391100511,71.0339677054479,22.366599632688,19.9850588061911,22.3714966896109,44.8818156684162,82.820314201978,36.0909357128791,29.9702317395373,36.0854806226173,85.7767268639705,41.2082708142783,44.7296637436181,50.0535682190232,72.3162137266579,89.7525183979912,108.113438166152,53.841269223075,78.2824589921146,94.6188120671357,130.48298574893,60.7827379496627,67.0868148356112,134.617966420216,69.9288308481411,76.1427283037908,80.6388403950048,114.288917340225,130.756780333388,139.34717277526,85.405104051452,94.3848761951708,100.095315484446,120.645698261516,128.353095741752,136.356061476569,90.4638823418117,92.1174090393315,94.8184032646173,102.972819561956,108.241726201024,142.433119612244,150.358802901894,158.52224904482,104.330663832235,128.193139970506,180.753321374921
"34093025",148.943768920985,156.610114269079,172.569271808653,180.840706396779,189.296461641707,197.900486905919,98.5166242015455,103.019807991932,108.274054233754,127.547185495644,134.85421217057,142.499460935981,150.44695263507,166.977549394579,184.212634554556,85.4371407089853,113.372854390129,120.719983614581,128.402426851925,144.671923554695,161.84322233582,179.5450465161,188.596070805858,99.1433092396851,114.332361143693,139.395084648238,72.1813227001169,78.2237666857182,92.4304599532167,100.281924397284,108.504363853779,125.743172432675,152.911357952949,64.1242544478656,70.8562604116451,86.2743276319915,94.6476557050684,103.316372111967,121.293571372653,149.276316564081,158.779456403863,56.6850417629387,72.3323543208723,89.7708915403562,108.141277411159,127.020624429819,146.235917787224,155.920612427923,165.651780786799,58.5012650870807,85.7848408577675,104.853921788062,124.237655626566,134.008634460993,173.404359656002,82.823258578603,92.6083764076101,102.440784170731,122.208323506311,132.129880134983,142.08875285027,152.022558332784,181.941183948242,71.0374459101661,80.9938889670553,100.964852920289,110.961242351755,120.973685450139,130.986141016007,141.002776575759,151.029256485122,80.3720249997934,120.558195767291,170.785668692799,180.829875919467,110.960171643001,130.980027012322,160.946865289387,171.064728281731,132.112053517807,142.052486187955,152.004316038615,124.216225032294,143.794443752428,117.498442909384,165.613431952046,158.735087066698,168.294205859017,143.67428836361,152.862492858448,171.522264145845,190.471493585948,157.034296195813,166.09332912559,175.256277457366,193.840575097963,179.467167783341,201.892113529124,206.526426891861,94.8502713705741,92.1535646804243,89.4720895213865,85.4379615902439,80.5629355605571,80.5701529501357,80.6709938710484,72.7806571410551,69.9481752594379,72.176674014678,67.1061044348311,63.2301835290955,59.9537930453737,63.2348027974661,50.9607887007818,49.9592634042649,53.851678956103,44.7326704644218,41.2076331275168,41.2133156445233,44.7368601223614,50.13690930302,42.5121287620572,29.9749517085499,42.5123829350225,50.1408596906226,36.1597594386511,19.9817458080472,36.1647723739996,44.8866046877971,54.067799486382,31.7541435562855,9.98838938643916,22.4424761624566,31.7553833601129,41.4126371204127,61.1056243733832,30.1417582447002,10.0510160696762,0,60.2799172463875,31.756073904271,22.4426278048405,14.171071612458,9.99027282590662,14.1683641913171,41.4083172706513,51.2145325671594,61.0988121274657,28.3374144107976,22.3659343874391,19.983532865318,36.1581615249178,73.1057624528587,42.5114228449574,31.6064566492066,31.6081160627874,76.4389959733448,39.9604331308483,41.2018267563183,44.7239156782205,64.1777986649901,80.8753407243004,98.8431733828243,50.9477720893653,70.8324175648064,86.2442261225998,121.25791979072,59.942665142191,63.2103869024939,125.697028489134,70.6440405620854,72.7499188281578,76.1284924709093,106.514863916986,122.380713019111,130.749606141894,82.3941746199727,89.4397795926711,94.3828478250124,113.309550722648,120.648734914581,128.346134491588,89.9007932165862,90.4555713458844,92.1151487411428,98.4602309783567,102.980890620187,134.785044197559,142.42799513471,150.35098442556,101.880974008497,122.142416809207,172.465253325229
"34093031",111.813603878366,116.717830478546,128.26031425313,134.772406586188,141.70872656566,149.001805351123,92.1542683209163,90.4893078147234,89.9290343596204,94.8541576714046,98.5058879874122,103.015540169309,108.301156710259,120.634473200975,134.845407836395,85.4320600055011,82.4281584704515,85.4618932112994,89.4738226148944,100.128796683352,113.409454189931,128.398073414193,136.405556819077,70.66852029215,76.1662987493484,92.3455032965763,63.2280205011616,60.7861586182294,60.7925955276594,63.2320359171703,67.1072526280765,78.221611310762,100.27637364806,53.8467517970724,50.9597431619541,50.957145452268,53.8508149228042,58.3501059840238,70.8523389160419,94.6422543954007,103.312072681496,44.731693590072,39.964418467164,44.7334398544793,56.6879115236929,72.3285195285737,89.7709679217907,98.8646388234309,108.130562599368,31.6116064630666,36.0846710723565,50.1409373436235,67.3244143108764,76.4500671997161,114.50326569726,28.3384876251808,36.1667676101446,44.883737119486,63.5068012359651,73.1112637188058,82.850836914031,92.6025624438657,122.202595426128,14.1707353929458,22.440654925539,41.4112251246647,51.2137116625321,61.1016280284758,71.0297692110746,80.9859075618515,90.9675782239238,20.0921078797047,60.2782794817688,110.505754409405,120.549961374078,51.2148579671767,71.0259527737529,100.854008597538,110.941682465166,73.0987177927232,82.8094656758209,92.5896869840072,67.3117845802704,85.7677466592909,64.177638196745,108.102357010986,103.281166582706,112.171713899551,92.3846680388519,100.242401893109,116.962252494474,134.604443438075,106.504226738209,114.277341800343,122.376606493241,139.3344276131,128.339282816131,150.342805799957,156.515166116766,127.532716563442,120.618428996865,128.39441128486,120.699630214792,106.467167679193,94.4110224093748,122.426159466707,106.552863023058,92.3389220018936,117.004231561012,108.499032204925,100.273159028434,85.0157803045969,72.1726213628262,86.2679393647813,78.2902790550452,64.1146343830799,89.7634458316578,80.8849156940125,64.1913190181858,56.6754265731561,104.847700479203,95.2657545607763,67.3206118562274,42.5067697149751,36.0850412053921,92.602817896732,63.5056742546044,36.1628823675525,28.336246685285,22.3647099498659,90.9728857866453,61.1035913328062,41.409581604848,31.7522525913859,22.4392069809609,9.99148590042956,90.4216753377453,70.3309329129332,60.2799172463875,0,90.9717428705291,80.9938762542115,71.0341316757254,61.1026237830104,51.2167944316396,22.4408071064769,14.1698406688162,9.99166181807741,82.8187918448926,73.1111009096675,63.5060419614071,36.162567831032,22.364074656871,95.2602578511614,76.4450293423148,58.4974010647739,31.6088839564108,72.3211520499137,64.190556118225,56.6720298125384,41.2016310820972,41.2015036151233,50.0467323917971,70.8415331126705,50.9504757844654,50.944983471776,70.8298767024324,85.0088663054548,72.1662720058135,78.1914100406037,99.1741154556443,80.6525385482554,76.1373049909973,72.7502340159374,80.6395260694189,86.0837347266339,89.4482721529921,82.4010065980852,80.545530407175,82.3881743847626,85.3989597926042,89.4374042398894,108.238748483621,102.981252422892,98.4739593895828,92.1165305738197,90.4615443078378,98.4580894409708,102.966716000123,108.218577106544,107.670801162499,100.385896790753,128.178670230844
"34094022",178.462876935464,186.554246257737,203.146381788666,211.652008925315,220.300195405109,229.061634153519,122.213007890602,128.254630588511,134.777736358266,156.612778764258,164.470280138396,172.559230030033,180.862328925137,197.913229633707,215.483360252873,108.277036099897,142.502146291387,150.441490744068,158.593331243451,175.516367554081,193.088665244228,211.033488672546,220.165696680141,128.341625977057,144.676284231328,170.607166635339,99.1999387652289,106.561046352433,122.44002393496,130.804559526927,139.400071361258,157.104618057564,184.578218352301,92.426365579982,100.284492008118,117.008404025221,125.744705374831,134.660421153725,152.91336338397,181.026745110676,190.535528013674,86.2785964783059,103.314962243532,121.293964859958,139.855820452855,158.776696384536,177.967107608912,187.62710995405,197.329159894346,89.7705817684532,117.525447625418,136.598664739517,155.919165716724,165.649079471457,204.871388718002,114.51180944531,124.239318632285,134.01026887655,153.657159581382,163.52217439433,173.431077444775,183.311640319146,213.099204341621,102.441248738605,112.309119644551,132.130363537938,142.064216331117,152.020364306775,161.982650299726,171.953885639682,181.939317255127,110.963838827424,151.029137158612,201.172732091961,211.205157989638,140.648839751769,160.737474917244,190.77467275036,200.916712953347,161.040663769295,171.070171986382,181.09877112785,152.002133151882,171.937939008514,143.789424320033,193.194574022687,185.168564600453,194.984397487328,168.291942292111,177.91073133098,197.270336579821,216.76145307717,180.954278341125,190.465154830091,200.025525801893,219.271730158618,203.23269528399,225.533745195212,229.254734176146,99.9308994072478,100.437663386538,90.4930820792123,89.9394495651333,92.1504030912135,98.5115435423221,80.5697445029613,80.5784582195862,85.4398706771666,70.6623338004964,69.9495580273733,70.6673686788623,76.1713962371245,86.1267103611683,63.2360927067235,67.1087622278966,78.2247114615369,50.9632586221906,53.8556338626737,64.1261304722479,70.8565412188052,41.2144731817941,39.9724569911322,50.0645098985285,72.33517941978,80.9008235983209,29.971946392201,42.5125242203158,67.327295267172,76.4575984498478,85.7899298362736,19.9848384067069,36.1644663048844,54.0675483716414,63.5114570480157,73.1159557866191,92.6073057367217,9.99589776872609,22.4420480818483,31.756073904271,90.9717428705291,0,10.0454112513534,20.0927641813802,30.1400827261029,40.1874344201278,70.3257875314363,80.3712934868853,90.4168203025339,14.1647647705863,22.4359439373046,31.7509087400145,61.0982366812616,100.956937663575,19.9804468396263,28.3277093958249,44.8723330923449,102.424167221729,42.4987671705934,50.1225997300996,58.486159180056,85.7648236017946,104.826309205316,124.212109068972,56.6617980271321,89.7452229587206,108.100648796061,146.194726998669,58.3337021729967,70.8230139548744,149.228038924755,63.2045421097937,78.1868991797309,84.9815135352341,125.692177405379,143.669079802399,152.85466566939,86.0798179507449,99.1527001696797,106.514399821893,130.735198334263,139.336221309077,148.109377563604,85.3965050066258,89.4314609180833,94.3739711709708,106.424582380222,113.327420189404,153.070660250539,161.72356036987,170.526900547231,102.959048044584,134.784785440644,192.946818239945
"34094023",170.657316470162,178.532385827533,194.770455506832,203.130389562899,211.649656676513,220.297020010322,116.714924426855,122.203463258185,128.248270596731,149.011379384343,156.606021753917,164.468061627519,172.57573827585,189.306498389675,206.631875785713,103.01655931961,134.854683228652,142.51254861362,150.422892635118,166.965512820476,184.255830701865,201.987673876326,211.032945586036,120.642194496064,136.412499916649,161.797920595404,92.3443673188654,99.1977565077336,114.335488822743,122.43017331406,130.804351784903,148.173847099968,175.320232719782,85.0270619658013,92.4234484163818,108.500277661986,117.009225009856,125.741809732398,143.723213797773,171.577745406218,181.025339803801,78.3014953879217,94.6435440381449,112.213519192618,130.519984247634,149.272466061444,168.346926600653,177.962175066783,187.626080583539,80.8964517699146,108.130218829933,127.02470158043,146.230013885568,155.917260960876,195.02708294464,104.847768026083,114.514586456917,124.237988133038,143.816543234505,153.656500982791,163.545701962911,173.407793981482,203.157248763953,92.6081696726084,102.438308699578,122.20878500588,132.12518152811,142.067212790632,152.018044899586,161.979782085269,171.95727953617,100.962649118102,141.006773245438,191.139914850551,201.171124353548,130.603431342049,150.692066787992,180.729265318442,190.871302392667,151.016398359586,161.043466356818,171.070037603176,142.051120686471,161.965802848308,133.982602360077,183.278790705431,175.375221969548,185.165446168955,158.729610856394,168.295358755386,187.571811518426,207.001511544243,171.510929777355,180.960508853557,190.468177602357,209.629435365467,193.834475700473,216.172675074483,220.05286315792,100.428570100984,99.9276988713062,92.1454511076315,90.493435735594,90.4860248230757,94.8512797915348,82.4225346429761,79.9434051701255,82.4274586445294,72.7688686510626,70.6622680881613,69.9434746905832,72.7766306170285,80.6745602043274,60.7885815439009,63.2305756910458,72.1795024691556,49.9569003103222,50.9594388410467,58.3517387575326,64.1214476213006,44.7321375689192,41.2105780069447,44.7354092729405,64.1995253068764,72.3343082767028,31.6050077578487,36.0870026365966,58.5009051492212,67.3292324912081,76.455983870736,22.3625767235501,28.3370900359925,44.8851039438461,54.0668237672592,63.5106479166756,82.8254721447865,14.1673622182628,14.1704621727146,22.4426278048405,80.9938762542115,10.0454112513534,0,10.0473542069227,20.0946725390716,30.14202453399,60.2803780557058,70.3258841135433,80.3714111221712,9.99023287922998,14.1681615145283,22.4415607375984,51.2153698879896,90.9669573510373,22.3694217466006,22.3594644657632,36.1579417172788,92.5938501359884,36.0819562864973,42.5003952664324,50.1275758139457,76.4354219813657,95.2454803857727,114.490926476094,50.0471338921429,80.8771267798106,98.8389626001024,136.561593671798,53.8410173987481,64.0975109953843,139.805061348754,60.7691955790609,72.1519907526309,78.1842624229201,116.96387628124,134.607951387475,143.670735645766,80.6386413241233,92.3067833124235,99.160456326915,122.368836557675,130.748105198952,139.3382244134,82.3957880247141,85.3976443463866,89.4394189975668,100.07860593063,106.444967893359,144.60168062231,153.074467980686,161.724987359402,98.4576489923729,127.480570812984,184.121816847929
"34094024",163.10042098884,170.727870868049,186.562045460865,194.756480686398,203.129732697689,211.648276022139,111.856014509062,116.709568984355,122.201314939138,141.718256987993,149.007464052927,156.606401117921,164.488043284843,180.850499236041,197.896326397531,98.5080989876059,127.543925903337,134.869254366353,142.495311581473,158.59242352797,175.555400504762,193.042321450343,201.988280604299,113.314377680488,128.405907507115,153.142991238249,86.1217479654235,92.3456173847126,106.565239185395,114.328143594038,122.432023654287,139.396779142175,166.15497886907,78.2243405265074,85.0273319960126,100.27968132457,108.50303242354,117.007943247614,134.656718378492,162.201262875626,171.576826622892,70.8561133413857,86.2732741799766,103.313610045079,121.298738793801,139.844637273036,158.779814041473,168.342048528204,177.961124786553,72.3316690402155,98.8640284953024,117.530058791834,136.592568217872,146.227937882154,185.204013158052,95.2630620997,104.850513612857,114.512975373843,134.006020673665,143.815298047579,153.680570682805,163.520613685408,193.225178363577,82.8259024057218,92.6046980013295,112.308580709011,122.202792865097,132.127183029167,142.063899767136,152.014079331788,161.982027112425,90.9700564864479,130.986545345919,181.106944257562,191.136715428212,120.556077159947,140.64471263624,170.681911289478,180.823948772233,140.992693266316,151.016830224896,161.040995063561,132.11138696641,152.000443117315,124.210295500706,173.374772147561,165.60845174306,175.368612586526,149.22652038396,158.729145300261,177.907895418616,197.266524522739,162.135488900526,171.513167448122,180.959480369859,200.022802539201,184.499933569775,206.87122280675,210.923133651078,101.926073130151,100.43226765935,94.8461020838088,92.1530949973893,89.9268589772688,92.1521765059624,85.4314756566396,80.5729632075327,80.5699474168541,76.1602433902541,72.7754367905319,70.66226579028,70.6651941248544,76.1686041363283,59.9530925002927,60.7886482141667,67.1059746002629,50.9578373534791,49.9582981455045,53.8529864225563,58.3513965953498,50.0579974445916,44.7358331134296,41.2117686059094,56.6834545433645,64.2009038323556,36.0799382165385,31.6138916286192,50.1382014133808,58.5041858101572,67.3285733653205,28.3365514237456,22.3646983896414,36.1667558940342,44.8852705363115,54.0663714681043,73.1152316959557,22.4399635456863,9.99610113920941,14.171071612458,71.0341316757254,20.0927641813802,10.0473542069227,0,10.0473185559755,20.0946704199631,50.2330238790144,60.2785299272527,70.3240569211094,14.1663428013939,9.98895789737224,14.1691649653662,41.4071811751922,80.9878752586703,28.3403512973193,19.9741308401191,28.3323619555597,82.8115516388481,31.6072867125957,36.0777463961419,42.4992873151961,67.307486995335,85.7666894360726,104.826977738241,44.7217979095485,72.3119991755905,89.7410922022884,126.988250801425,50.9504784149878,58.3272342068861,130.470435480359,59.9327301785678,67.0780677050559,72.1422208343176,108.458183213398,125.691378753784,134.604972634683,76.1323815603319,86.0839240707035,92.3084563882994,114.267368037869,122.376351525389,130.745075100837,80.5369161748163,82.3900253427976,85.3986003976023,94.3701910483341,100.091902397027,136.341117784555,144.600386217707,153.07082126543,94.8032381330596,120.564755512843,175.422761169395
"34094025",155.822983716856,163.166868410824,178.539891342164,186.546103437399,194.753769071522,203.126660803963,107.714659921566,111.84742693546,116.704716853403,134.7776940681,141.71200611101,149.005628182058,156.625472461321,172.563462995803,189.289393420536,94.8505541207971,120.625337779252,127.557662308418,134.848560028948,150.422690070286,167.004616910154,184.209155444292,193.041408095935,106.429182174333,120.702937714398,144.666518976331,80.6715727983876,86.1202985545641,99.2026837562305,106.555986736562,114.328036496553,130.801047954226,157.096312147644,72.1805348313087,78.2223577414251,92.4189207396715,100.280587674829,108.500020743832,125.737991678173,152.908861788081,162.199214947406,64.1221579867581,78.296580086783,94.6421197618574,112.218108606808,130.508159400542,149.274834226714,158.773929683685,168.340085527584,64.1962979974203,89.764748876664,108.134260004724,127.017744772451,136.589506188637,175.405697540985,85.7832776363187,95.2648613375827,104.847937652163,124.232665578653,134.004054117276,143.840070967225,153.653661230807,183.305215705026,73.114775107081,82.8217184054677,102.436482261161,112.302126953747,122.204250948516,132.123445682979,142.059491867478,152.015911654519,80.9906797119872,120.970605358803,171.075523090386,181.103612777559,110.508759361028,130.597394976372,160.634594026551,170.776630230936,130.972876880506,140.993392249904,151.014621388391,122.189782284172,142.047091732838,114.486428219391,163.488827913261,155.878147540842,165.602553087453,139.800654759459,149.227208566648,168.289809477544,187.56530883103,152.846645308638,162.139109221097,171.51327768756,190.462616919016,175.245452985014,197.644025807369,201.8819255908,104.370645540787,101.926527705332,98.4993653252888,94.8507647365237,90.4837243787496,90.491041156901,89.4706967124088,82.4285379556773,79.9384480614079,80.6655147365333,76.1632530308306,72.7715021488612,69.9440658712405,72.7763717252757,60.7867363664354,59.949536227796,63.2303535272546,53.8451845950849,50.9548116969339,50.9603614188783,53.8498580326127,56.6771161045065,50.0592838627634,39.9652245313359,50.0610368996863,56.6826172978443,42.501324980286,29.9720186186643,42.5093178136682,50.1395473828097,58.5019409121893,36.1609104590246,19.9786620819938,28.3403504588159,36.1653683479382,44.8834452481754,63.5090374993214,31.7525775215469,14.1732102105998,9.99027282590662,61.1026237830104,30.1400827261029,20.0946725390716,10.0473185559755,0,10.0473520389599,40.1857056093662,50.2312116882178,60.2767387674442,22.4393127429592,14.169666515839,9.99326005663164,31.7498938794584,71.0285015973449,36.1659468934826,22.3607523446353,22.3621840475877,73.1020383257265,29.9701603394104,31.6069869100578,36.0788490816925,58.4833515177362,76.4344850912061,95.2433817529759,41.2007186671828,64.1800601951375,80.8698181946479,117.495134191997,49.9523923491338,53.8315627090729,121.251045577742,60.7718739302291,63.2082132177814,67.0706753017359,100.240035389761,116.959840651224,125.69000474056,72.7461337755905,80.6390388726504,86.0884415141701,106.499983137248,114.276823309551,122.375348117537,79.9105204021811,80.5347317174133,82.3941811406843,89.432146544086,94.3854740526301,128.337560565584,136.341945483441,144.59860756176,92.1076827539855,114.117720761591,166.876845717438
"34094026",148.870113107276,155.888744763308,170.733828161391,178.52523963155,186.544425362857,194.751988504772,104.381687036982,107.707837487783,111.844658921695,128.251294184147,134.773014679173,141.711655729257,149.027393887492,164.474302539147,180.832500360177,92.1507954604917,114.174634667648,120.642256788185,127.537089011184,142.494799340857,158.630821281624,175.507944123774,184.209268757941,100.082466236948,113.369424332225,136.405024641916,76.165004277098,80.6719030631456,92.3496113487723,99.1951989322831,106.557280587877,122.428017464297,148.166381749821,67.1060276907867,72.1805640236682,85.0217880502129,92.4212579122594,100.278880916866,117.003656575869,143.719137899051,152.907693671409,58.3512596242503,70.850445955716,86.2711590577097,103.317838011855,121.286385169496,139.84660162531,149.269637056031,158.772650396748,56.6794743568796,80.8914450592952,98.867699578324,117.522696700413,127.015254298406,165.637816940116,76.4495935362584,85.7858183640945,95.2628313965958,114.507396880463,124.231153505925,134.030819105451,143.812200860673,173.400338819744,63.5091253046534,73.1111600658853,92.6026179017356,102.430505841374,112.30387510071,122.200869281846,132.119308587047,142.061573017411,71.0307994895353,110.960543083972,161.046213397882,171.072298624388,100.461407432759,120.550043102867,150.587242347147,160.729278737015,120.957369296695,130.973376634537,140.991006877419,112.290027191329,132.107529727893,104.822788048296,153.623267937734,146.189970166142,155.871527690901,130.466515460121,139.800562133973,158.724032360003,177.901727878435,143.658767998336,152.849529087126,162.13833070407,180.954295061458,166.081967588693,188.499522642613,192.938981681512,107.703074591952,104.373398955154,103.008888013577,98.5063740667411,92.1419063443576,89.931052562737,94.4128596462079,85.4355780328189,80.5673991876422,86.1146403386148,80.6701977220621,76.1609436813383,70.6614165869416,70.6640198848645,63.2288851317492,60.785227899237,60.7877613542693,58.3443800486695,53.8434165367193,49.9592911545554,50.9596536496088,64.1942191903729,56.6804929177696,41.2084418728079,44.7359586266464,50.0618283321629,50.1300375673254,31.6110901787407,36.087370423692,42.5118963356672,50.1385018321208,44.8805966927133,22.363303299854,22.3678017720242,28.3404552886218,36.1645584268507,54.0643848272144,41.4107851656707,22.4452477469457,14.1683641913171,51.2167944316396,40.1874344201278,30.14202453399,20.0946704199631,10.0473520389599,0,30.1383535704661,40.1838596500486,50.229386738985,31.7522650474298,22.4415916332143,14.1707439879102,22.4365679245436,61.0974639726964,44.8839522864676,28.3342999266659,19.9800501499509,63.4968457140737,31.6091427624041,29.9689212851892,31.6055911697487,50.1202661925364,67.3072707085674,85.7650253286752,39.9580014587458,56.6640534504599,72.305393447942,108.101216638267,50.9525327202009,50.9434544868304,112.172718971844,63.2145863986683,60.7672773933585,63.1982835864328,92.3824685416936,108.454843954363,116.95735311846,70.6355297399483,76.1339835421076,80.6418250674215,99.1411869045633,106.507868651825,114.274621377725,80.539749143201,79.9063990534636,80.5365965845674,85.3928892764161,89.4444330421294,120.638365301086,128.337198270218,136.338892300739,90.451107735374,108.218533983129,158.505571529567
"34094029",130.455562294762,136.186693012865,148.938659078127,155.880772517449,163.157561646899,170.716995677662,99.9305702844707,100.427900185821,101.923517216917,111.848942360075,116.70452796692,122.198932688595,128.272960312838,141.720849304363,156.596164736459,90.490065497707,98.5068676284578,103.03906866765,108.269170083543,120.623556627319,134.890328889834,150.417222343624,158.586138486981,85.4169626248174,94.4173043124099,113.366927974366,69.9434289233634,70.6621571033578,76.1699972392936,80.671385279309,86.1211250952634,99.1948386993217,122.423268565254,59.9512901217122,60.7895397379374,67.1017173627602,72.1791847915308,78.2201673706721,92.4185371795644,117.002207873651,125.735769939007,49.9590157591287,53.8479981346899,64.1181359827683,78.3033592648873,94.6381732046669,112.211774438709,121.286491851848,130.507227508217,41.2094261827357,56.67676683204,72.3330156395829,89.7652210624538,98.860884653226,136.581191224648,50.1351826566219,58.5013404499638,67.3245439463757,85.78167097624,95.2592134810859,104.877440583395,114.506164674954,143.807979596502,36.1654590875583,44.8814619182274,63.5068446348313,73.107071803324,82.8190317555154,92.5983634492368,102.427951723636,112.301649704656,41.40914975455,80.9894707027687,130.978576479304,140.995758875327,70.3230543576768,90.4116902193414,120.448890173793,130.590927354935,90.9566641030062,100.949608250137,110.949604195876,82.8079089811668,102.418725033382,76.4312547998121,124.205116587769,117.491373402549,126.977848983025,103.273429670307,112.172222957012,130.465094256383,149.218831090722,116.949392394773,125.685325941007,134.600049962982,152.846931823067,139.327641498242,161.713162475474,166.868802428997,122.192101381464,116.700661442901,120.61379116344,114.170189110775,103.002773007088,94.8451414045375,113.361754841787,100.122230989881,89.47070135428,106.550052476694,99.1919283355409,92.3352372074337,80.6640453405786,72.771044325563,78.2143454523576,72.170683785045,63.2265471798975,78.2897646533173,70.8398348009037,58.3438364165275,53.8456445318915,89.7635480974787,80.893644487331,56.6742690779347,41.2093740181023,39.967167809257,76.4451677505135,50.131531800504,31.6130068817901,29.9751964654484,31.6150329955425,73.1102519148555,44.8789834519119,28.3371007516327,22.3660874539528,19.9830533439409,28.3404012737122,71.0324291346784,51.2204813646711,41.4083172706513,22.4408071064769,70.3257875314363,60.2803780557058,50.2330238790144,40.1857056093662,30.1383535704661,0,10.0455060856615,20.0910332485778,61.0999075738988,51.2169679344456,41.4093541907512,14.1684375283634,31.7500779465855,73.1109526517778,54.0585897214832,36.163064065888,36.1563187744418,50.1298094041663,42.5052016766867,36.0808811825234,31.6023213753837,42.4968420874393,58.4841867368104,50.0520987977125,41.2002390548025,50.040845252721,80.8706311380731,64.1090860249427,53.8389872866464,86.2397965238898,78.2025773273743,63.2139686398974,60.7612755588345,72.1493353902341,84.9869823273982,92.3797581348257,72.7508729983233,69.9206406414111,70.6410422243218,80.6274387657211,86.0803407960648,92.3003304434955,89.4457499701766,85.4030853939082,82.3973923946565,79.904720291657,80.540402455873,100.073109280501,106.424605776594,113.308454266553,92.1155608843453,94.8048224654586,134.775564691244
"34094030",125.331248367174,130.508567999103,142.352179162754,148.924599230016,155.87856699575,163.156894015407,100.432628798341,99.9221547588331,100.425194953752,107.7090733813,111.844301121994,116.704157730312,122.226756777244,134.782502634544,148.997409960818,92.1469773273025,94.8505960365959,98.5309147215959,103.012231428917,114.173685464904,127.579294698609,142.48972095866,150.41816440467,82.4197132634347,89.4748653724861,106.479094742351,70.6597549346272,69.942406097143,72.7789155911552,76.1645749565545,80.6727977866517,92.342262991315,114.321325880971,60.7853498402913,59.9517641995272,63.2274585855007,67.1043067523466,72.1781944258267,85.0221795249008,108.49640739368,117.002485332802,50.9571607347477,50.9570696425319,58.3470343292322,70.8577521107057,86.2681792739884,103.312437552716,112.207823093142,121.286694656202,39.9644807462101,50.0562453309256,64.1996826190956,80.8929916643463,89.7635653484549,127.00842230669,42.5083282934953,50.138892788689,58.4998908784428,76.4492249191142,85.7813965667173,95.2966233412108,104.843095619831,133.998630949008,28.340575914511,36.1634697667187,54.0634042414244,63.5030884769017,73.109972127,82.8174869194738,92.5957154323167,102.431535719175,31.7528155891302,71.031238323504,120.964494178027,130.977200320227,60.2775484546357,80.3661843743185,110.403384582234,120.545422435398,80.9797039023818,90.9590908906938,100.949214834647,73.1000420570082,92.5875347084681,67.3061746435991,114.482827308996,108.099851442327,117.486098446591,94.6067939330139,103.275542473487,121.247128192126,139.794421159887,108.446675934648,116.955130392776,125.686347531428,143.661260612797,130.737431571313,153.061897596922,158.499855973271,128.237576288089,122.19294801856,127.528839651882,120.618902384275,108.257661964498,98.4985498908891,120.693349406175,106.473114547125,94.410379653247,114.319444399028,106.551072793076,99.1861066180274,86.1099051544794,76.1581684916189,85.0157347325014,78.2104114683015,67.0977541467987,86.2631906167937,78.2836382087844,64.1122056369109,58.3426854451972,98.8600412918274,89.7651162297439,64.1891625528782,44.7312159073103,41.2086125170912,85.7774182465159,58.493287314061,36.0846885300294,31.6117536297055,29.9740408597135,82.8191020002885,54.0596248642965,36.1601722451696,28.3363756624616,22.3645237377231,22.3676164337121,80.9905196181382,61.1044391100511,51.2145325671594,14.1698406688162,80.3712934868853,70.3258841135433,60.2785299272527,50.2312116882178,40.1838596500486,10.0455060856615,0,10.04552721954,71.0290996145674,61.1008279932793,51.2152734755566,22.4393536913686,22.4388952520333,82.8191259007815,63.5014754619558,44.8804350822383,28.3336273953819,58.4912563530933,50.1314846265982,42.5021891929649,29.9655251632092,36.0774338387844,50.1235825711745,56.6716925074271,39.9583325691677,44.718861648079,72.3085177791927,70.8390259173643,58.3385181934232,78.268044491566,85.0042748896308,67.08741490721,63.2048170098557,67.0785844235695,78.1873663306158,84.986647058114,76.1405397416523,70.6400254309499,69.9247199193119,76.1252193755503,80.6358017340694,86.0809214473542,94.3860338162185,89.4434734421886,85.4047305923188,80.5355238442872,79.9115261773273,94.3679232002282,100.075652042417,106.423719976495,94.816293630404,92.107610918064,127.468849300607
"34094031",120.827661542718,125.380583713253,136.189919752742,142.338994652592,148.922788887069,155.8787437756,101.92849044319,100.425199172253,99.9206961137046,104.376295730424,107.705413699259,111.844753485656,116.734376395508,128.257369416465,141.704631301778,94.8459935442706,92.1506897531499,94.8773616253294,98.5033352112423,108.274180869436,120.663295927463,134.845757717788,142.491272027614,80.5730436348626,85.4337719654519,100.127854749353,72.7705079794453,70.6595189305019,70.666112861367,72.7752636377524,76.1667803958777,86.1196620709811,106.551857172085,63.2262640968095,60.7870022861041,60.7847137553505,63.2308444675394,67.1042988824651,78.2199025890551,100.276717330437,108.49734894737,53.8454550060276,49.9560802347242,53.8478186498061,64.1264006529999,78.2942020049902,94.643566630818,103.308978809262,112.208532740624,41.2073460548602,44.7318783719894,56.6839831515392,72.329088329276,80.8916565588007,117.515081701114,36.0872813718259,42.5126140201152,50.1377288474366,67.322980111342,76.4492547233354,85.8226396004746,95.2596298612023,124.227369373951,22.3678258191157,28.3395592220427,44.8828066147602,54.0603590062639,63.5061056695779,73.1087981731581,82.8150246150502,92.5994525683492,22.441444274396,61.1018089250183,110.956206657869,120.963214036013,50.2320212538621,70.3206571933789,100.357857536674,110.499897542763,71.0218361882057,80.9819712246406,90.9585811029554,63.4967980871282,82.8074146561179,58.4827831951242,104.82105072099,98.8363811147124,108.093891635904,86.2389483504074,94.6083182187967,112.170658460932,130.46212167731,100.228922276992,108.452006131398,116.955443527788,134.597784031799,122.368138748736,144.590143613749,150.335445189005,134.762589117532,128.239235093912,134.839199737257,127.534674730705,114.157596127731,103.006855303922,128.393694930676,113.360687483291,100.11838333591,122.421356583607,114.320840939872,106.545774832018,92.331864253547,80.6631102672597,92.4114101472873,85.0125352937078,72.170783188638,94.6327807890803,86.2574503856347,70.8429224517753,64.1120668612646,108.125239788556,98.8621088641901,72.3219831493394,50.0549141574582,44.7310647233195,95.2553640457731,67.3177145526098,42.5057864841466,36.0833438970227,31.6115435968241,92.6001412619875,63.5031452300733,44.8777287349057,36.159974899167,28.3356009169962,19.9831477167643,90.9680201556659,71.0339677054479,61.0988121274657,9.99166181807741,90.4168203025339,80.3714111221712,70.3240569211094,60.2767387674442,50.229386738985,20.0910332485778,10.04552721954,0,80.9868182210654,71.0298640546481,61.098858115546,31.7505892760352,14.168071331137,92.5989797155435,73.104788210568,54.0602003574516,22.3623012580096,67.3141245526566,58.4925117541179,50.1276008693746,31.6052464873676,31.6055840246741,42.4979783951426,64.1860746417043,41.2016821098712,41.1966960016268,64.1769706348771,78.281749891711,64.1077228717405,70.8247027040355,92.3983277894278,72.1600718892928,67.0775977336845,63.2074612935611,72.1483005257829,78.1861633539085,80.6454035891574,72.7511966166552,70.6426347248582,72.7387014888108,76.1317545836138,80.6356169733186,100.092356599495,94.3830374606394,89.4437263706646,82.3938741314558,80.5389395063398,89.4290429159883,94.3697311934011,100.073876337706,98.4709299096434,90.4500360709743,120.55579052129
"34095023",177.25463539861,184.849038053278,200.575109158231,208.701873978104,217.001868436441,225.443766933307,125.373590365827,130.497589382085,136.174279941357,155.884599638877,163.159066412567,170.71921512223,178.544924191158,194.761643619487,211.639459019885,111.842955407847,141.710268578077,149.017924435154,156.597559128057,172.548980581322,189.330454551355,206.625152490513,215.475471070598,127.480718241982,142.494036554288,166.95695184639,100.122324423392,106.475855883574,120.703783407934,128.397054600491,136.405091185789,153.13972229259,179.535624098664,92.3414770102725,99.1936747516162,114.321137883068,122.425963102319,130.796978138618,148.165407598171,175.314312973456,184.570448231039,85.0224560935385,100.273991781819,117.000554660757,134.657420917238,152.902072895951,171.57272605909,181.016192175136,190.524914240175,86.2679774722031,112.204061264237,130.50950925962,149.266071309229,158.767518382214,197.311661108569,108.125236627072,117.522468267652,127.01509596359,146.221428656374,155.90911247632,165.669613784866,175.405946945788,204.863937569077,95.2613901221478,104.842575806675,124.230015916076,133.996773370102,143.808772701107,153.646567629536,163.508513351852,173.397510054405,102.431507863188,142.060336529678,191.916084463058,201.908500352411,130.980828607409,151.018374839739,180.99985806872,191.132393117003,150.681077318641,160.728595650773,170.773059049937,140.98866345557,161.033869085163,132.103298811716,181.907091787479,173.366664638709,183.264264148621,155.870237491727,165.600679508202,185.156784363471,204.814782995601,168.275848052818,177.896477326831,187.559166738086,206.98900698701,190.453607083388,212.676888968924,216.158512009884,110.373432733121,109.917931430413,101.918915360002,100.428208176085,100.420305805682,104.370977155716,92.1438187858261,89.9336377167807,92.1478313846604,82.4170847085204,80.5637121842203,79.9337072825679,82.4237956685156,89.4736219804623,70.6603053178598,72.7712454350339,80.6680796061859,59.9471328618902,60.7847903444817,67.1029333127585,72.175928316323,53.8457972066832,50.9579301561182,53.8470872874899,70.8497973304564,78.2962406186249,41.2002484427395,44.7309121633152,64.1935882276337,72.3299902497472,80.8939293778719,31.608885616777,36.0818678132949,50.1354842527767,58.4983755030436,67.3227579099134,85.7825326654533,22.3644181190581,22.366599632688,28.3374144107976,82.8187918448926,14.1647647705863,9.99023287922998,14.1663428013939,22.4393127429592,31.7522650474298,61.0999075738988,71.0290996145674,80.9868182210654,0,10.0443336205382,20.0917950391347,50.229122362367,90.4134126304532,14.174008605049,14.1629447853434,31.7466423886852,90.9593838158146,28.3340030995906,36.1545725765794,44.8732792307163,73.0960982326086,92.585690208725,112.286882290968,42.4970343268483,76.4336999669298,95.2365392851631,133.97527703666,44.7270429637031,56.6582506036914,136.551117562279,50.9425831857835,64.0938329770294,70.8167496523772,112.170011067106,130.463106164352,139.794400522792,72.1468806450261,84.9879368597229,92.3852939941754,116.945443687848,125.686018143475,134.598995843541,72.7471017040031,76.1304766551888,80.6374099192597,92.2965062556337,99.1626566350784,139.326658943122,148.100827826907,157.025156483322,89.4280865414085,120.641485480439,179.451621369416
"34095024",169.99264935546,177.324241606283,192.615901161766,200.56247678869,208.7023818624,217.00213992058,120.863618297242,125.368255822672,130.495891216046,148.929712197861,155.881672496372,163.160557588823,170.741838262903,186.55487952577,203.121330771274,107.704831085892,134.773192089271,141.727328775101,149.000424963303,164.462175599109,180.876226044827,197.891611563352,206.627486036425,120.570540977501,134.850618870616,158.585756779415,94.4145907686163,100.124159548452,113.372350172311,120.697888961273,128.400272748091,144.666256409243,170.599208272168,86.1195840126112,92.3427652433011,106.552305939238,114.325379906867,122.426271408076,139.390327006544,166.151195765517,175.315510823645,78.2208234392311,92.4169085737658,108.496136725183,125.742244800817,143.71496198436,162.198503588171,171.569938376581,181.017377460081,78.2949503800818,103.306263279464,121.290447386354,139.840599987833,149.265947390147,187.610968381027,98.861373218895,108.130190786035,117.522791369416,136.586492601474,146.222363001714,155.941689145145,165.640885693752,195.021649704207,85.7849870492403,95.2602934714744,114.507564896415,124.226848564855,134.000890352127,143.808099984577,153.644918466273,163.513071218985,92.6005954608155,132.123078286084,181.928963093704,191.915688756334,120.968010729131,140.997438454528,170.97154530227,181.10265643641,140.636744011744,150.684262394128,160.728725887447,130.971705075605,151.010360310187,122.184264496854,171.927441774209,163.483384346142,173.363448603929,146.184906722463,155.872676507741,175.363293959547,194.974073662517,158.712945647838,168.280716270585,177.898542624158,197.257286673193,180.948251792272,203.218996285822,206.860485882945,111.736257245627,110.375612523021,104.365224825868,101.924732185914,99.9158168744225,101.923946432986,94.8430657477359,90.4925032872158,90.4895104991917,85.4244479547375,82.4218737911873,80.5622039502822,80.5651148663936,85.4332692975878,69.9420503966738,70.6594499809407,76.1625841999749,60.7825947313593,59.9472559762778,63.2301950193238,67.102794509003,58.3435524075375,53.8471434774499,50.9574619707484,64.1194955608376,70.8522838006126,44.7235101373916,41.2073742743905,56.6789843294803,64.1982008921928,72.3310068672646,36.0814166936252,31.6092196432031,42.5100169745969,50.1374050541197,58.4997223597805,76.4515233014089,28.3355237287179,19.9850588061911,22.3659343874391,73.1111009096675,22.4359439373046,14.1681615145283,9.98895789737224,14.169666515839,22.4415916332143,51.2169679344456,61.1008279932793,71.0298640546481,10.0443336205382,0,10.0474615870966,40.1847887471413,80.3690790881534,22.4423611709142,9.98517295525415,22.4363896306749,80.9834762612975,22.3631354081185,28.332233785038,36.1570190849013,63.4937019979573,82.8066559504605,102.418738104778,36.0775492713815,67.3092799628571,85.7610465160646,124.206290082026,41.2048175463111,50.0408632709333,126.98108207154,49.9437722857039,58.3263076412289,64.0872535710252,103.273865973915,121.245693599315,130.463130466515,67.0755455161217,78.1881066743451,84.9922950140727,108.443136359147,116.956056540936,125.685818266824,70.6369549063022,72.7432442758285,76.1336757306763,86.0767556198156,92.3131054467758,130.736761883924,139.328118929599,148.100158805642,85.3907919823183,113.312409539274,170.518006045739
"34095025",163.026017881692,170.059488696299,184.859118305128,192.60211939259,200.561534057775,208.701399135778,117.045158686998,120.858567198126,125.366952691276,142.344207538409,148.926194063724,155.88239924543,163.183441930593,178.535143352281,194.747561453658,104.373879938687,128.248213296768,134.791115369429,141.707832635637,156.601373187137,172.591418565367,189.286822045247,197.892317255762,114.126989447228,127.540167873386,150.418543748592,89.4744729612092,94.4163923592728,106.484359689763,113.365942659646,120.700157786069,136.405161503308,161.791353066045,80.672788792577,86.120882198072,99.1925317085239,106.555613561364,114.324545691488,130.796713119208,157.094189511001,166.150523466935,72.1803870618709,85.0211897128035,100.275989031788,117.008794142936,134.648674809379,152.907527455691,162.193606413898,171.568984232504,70.850218200737,94.6369217284853,112.211486705459,130.505576631109,139.838253286441,177.946125874412,89.7638858321808,98.8643649746275,108.128314451858,127.012841913651,136.585039204344,146.25424065582,155.908945998707,185.198557709157,76.4518628303647,85.7817594295247,104.843555697449,114.502073846904,124.228384822468,133.997709413119,143.803823881622,153.646806928117,82.8185036311465,122.20066585321,171.945699852866,181.925725977344,110.958007729616,130.977165018017,160.942269067374,171.071662396875,130.589282424648,140.636800808971,150.681264314992,120.955953770095,140.986510155207,112.283964936226,161.952361729998,153.61741638798,163.476586774935,136.547694018655,146.183735102989,165.596183906045,185.151610693335,149.209486100052,158.714249302767,168.27908274081,187.554811591244,171.50048763943,193.816243128499,197.631573470278,113.974583273623,111.741017989756,107.69989428723,104.374069992159,100.421345944773,100.428575426102,98.5008339165536,92.152508224453,89.9317081165563,89.4680441999283,85.4317866330371,82.4223773315069,79.9373258996014,82.4270280325757,70.6618576631627,69.9427962673642,72.7746305861569,63.2265603414684,60.784063650291,60.7892418417553,63.2310290632083,64.1159487846412,58.3484429871726,49.958484572907,58.3504088414022,64.1215459181692,50.0509278796501,39.965278669926,50.0598824454017,56.6826402119502,64.1980500745339,42.5057163603813,29.9719221353847,36.0893666286794,42.5111992495644,50.1374278061545,67.3244574371376,36.1622144360037,22.3714966896109,19.983532865318,63.5060419614071,31.7509087400145,22.4415607375984,14.1691649653662,9.99326005663164,14.1707439879102,41.4093541907512,51.2152734755566,61.098858115546,20.0917950391347,10.0474615870966,0,30.1373274921399,70.3216175931332,31.7542161753251,14.1635566959414,14.1631969962161,71.023394443897,19.9769002840245,22.3581670974638,28.3301223685969,54.0483050678473,73.0958772172956,92.5848742844636,31.6028194701919,58.483104269606,76.4270617838617,114.481259147521,39.9591322927126,44.7153183625971,117.486416967273,50.9430081061633,53.826429348229,58.3152203218002,94.6038158675103,112.166390939179,121.241925325713,63.2014163967004,72.1458160515239,78.1887661288531,100.222491184092,108.449790863766,116.952089663946,69.917260351446,70.6303915658979,72.7431161348977,80.6283121046902,86.0887768213778,122.364459679518,130.734496059239,139.323600611968,82.3833559945191,106.423434429445,161.710753032108
"34095028",144.316904546346,150.197545208059,163.092507631813,170.049209971402,177.313605303026,184.840100997054,110.379646691189,111.736782579143,113.971901550464,125.368485053742,130.494445443566,136.173900888034,142.363134997371,155.889286779927,170.711097345842,99.9207976664707,111.843711455604,116.725369252185,122.193705469407,134.770116093416,149.040975769912,164.455424849813,172.544710890246,98.4796745886518,108.269329600096,127.535365496614,80.5630554931366,82.4221195981992,89.4770171845152,94.4131282322631,100.123703849877,113.363276173937,136.398462256063,70.660217699171,72.7735346893626,80.6658288161639,86.1170340579563,92.3393673901919,106.550747418724,130.793402019904,139.38700986546,60.7861197364248,67.0997024806152,78.2155896323685,92.4224871999201,108.491086926593,125.73468844836,134.647176212696,143.712990862467,53.8462457141754,70.8452043550628,86.2714536048914,103.305643126893,112.202918552641,149.256795517872,64.1926972187262,72.3293353640193,80.8919550560539,98.8586860836611,108.123340669477,117.556725161682,127.01021837606,155.903507462104,50.1361780525089,58.496590769472,76.4481618903756,85.7767772347651,95.2566947044535,104.838564535959,114.498326731899,124.225135136927,54.06081475762,92.5983723832851,142.053974285356,152.005149900733,80.9875928752167,100.952922358191,130.875538585862,140.997154790835,100.45195665477,110.499475246777,120.543939165212,90.9566860569968,110.946433387145,82.8031155517342,132.099306959309,124.201274027908,133.966369384455,108.093215556784,117.486589167233,136.546578542785,155.863559374,121.234855048381,130.457501088305,139.790315399072,158.712725506186,143.654569045394,166.069888222888,170.509477699077,125.357768077209,120.849971017334,122.186691550648,116.69941496845,107.691223333184,101.918838814329,114.16239547066,103.009123583636,94.8431188305289,106.467494238453,100.117824921621,94.4055228402697,85.4242943633147,80.5614767221649,80.6624590159737,76.154567043241,70.6568160867807,78.2088322349863,72.1643397386142,63.2238958918438,60.7824373432975,86.2629520685252,78.2911733961115,58.3404323852076,49.9564877798325,50.9583442130111,72.317920404912,50.0513015139459,39.9641364533896,41.2098063957587,44.7339339982346,67.3171644651034,42.5018094255876,31.6106897157141,29.9733632564313,31.6127850696769,42.5088388010125,63.5024713126305,44.8818156684162,36.1581615249178,36.162567831032,61.0982366812616,51.2153698879896,41.4071811751922,31.7498938794584,22.4365679245436,14.1684375283634,22.4393536913686,31.7505892760352,50.229122362367,40.1847887471413,30.1373274921399,0,40.1842907115138,61.1009679660509,41.406561624215,22.4410814317439,41.4043710221857,36.158584489078,28.3367641949268,22.3620866365738,28.3284479257131,44.8707029733704,63.4934883505168,36.0822116864195,36.0780368016361,50.1184921421425,85.7612114850081,50.0522757524771,41.2018208039592,89.7361516199817,64.1053781022725,50.9455452387246,49.9341365015861,70.8226548679661,86.2359573233077,94.6024956359766,60.7671180334717,60.7658715026656,63.2101238305638,78.175519381328,84.984323221109,92.3772489738754,76.1398102580289,72.7481085480055,70.6381828804439,70.6314176529443,72.7516695384583,99.1426888210722,106.50114011074,114.266471156076,80.5356435973675,89.4308319372198,136.331219147425
"34095032",126.445172556537,130.022587592737,139.027412202303,144.358390946665,150.182354070799,156.438491233332,113.974996572009,111.731861112546,110.367623125122,111.738471924047,113.971689049022,117.031389516055,120.883458422798,130.504013526529,142.328435049808,107.698066008532,100.424801317099,101.950579497004,104.366752635346,111.844193398772,122.234194767395,134.763072824553,141.701971350882,89.9446817329247,92.1446385893244,103.014343959069,85.424621545953,82.417494298881,79.9354899200517,80.5630575706469,82.4233048355889,89.4699839598458,106.469526323285,76.1557908969526,72.7691756760883,69.936702978892,70.6582555804347,72.7703926802079,80.6665028858742,99.1880156313777,106.548641276236,67.0957682416148,60.7808336901467,60.7817389541187,67.1059963125755,78.212249858588,92.4153860036176,100.26975952724,108.490141556741,53.8428875868565,50.9534229718747,58.3483005710294,70.8456610095782,78.2883516993723,112.195122696532,41.2074339433161,44.7342858371585,50.0564601581188,64.1908755892462,72.3229073496469,80.9421826964527,89.758435668005,117.510347641672,29.9713522974672,31.6111055449598,42.5060427616184,50.1309716511597,58.4941045820348,67.3172541720917,76.4402753369374,85.7752696119295,22.365495008546,54.0591474395759,102.423372915758,112.292213871946,41.4070842702279,61.0946247252765,90.8593379672586,100.955980928493,60.2676664189832,70.3151851318872,80.3596493716792,51.2071995387454,71.0185923695582,44.8672795628709,92.5786883146582,85.7573526259526,95.2277720085358,72.3000326522534,80.8637809432836,98.8266978502134,117.478055512967,86.2255660919748,94.5980798295745,103.264999069637,121.235011749254,108.442170459633,130.724864236507,136.323308984902,148.912927407544,142.329112594471,148.989520820674,141.702746056859,128.228160062165,116.693020245848,142.483669944032,127.528758805966,114.161382485102,136.396140812974,128.391555134211,120.686145764133,106.463662623157,94.40396523448,106.543318000862,99.1806066211718,86.1078774834362,108.485453223357,100.260136122132,85.0109937562423,78.2089441694639,121.280060133387,112.204011252138,86.2601795309708,64.1115519676219,58.341829276706,108.118821897076,80.8848367345402,56.6738577854618,50.0526355008126,44.7287845793286,104.839428414805,76.4438881556372,58.4926761090529,50.1306187144162,42.503672142209,31.6106094693149,102.430747180297,82.820314201978,73.1057624528587,22.364074656871,100.956937663575,90.9669573510373,80.9878752586703,71.0285015973449,61.0974639726964,31.7500779465855,22.4388952520333,14.168071331137,90.4134126304532,80.3690790881534,70.3216175931332,40.1842907115138,0,100.957289942733,80.9858051735822,61.1001660424441,9.98989750821799,73.1028187974945,63.501845999191,54.0560945239234,28.3345605994597,19.9783184894466,28.3299073536276,67.3153070902134,36.0809986873095,29.9652727531107,50.1194198644932,80.8797193155827,64.18736315984,56.6566318199802,94.6220700006836,70.8356308580546,64.0969398001005,50.9412703050954,58.3231506465628,64.0895728629727,78.1966808972767,67.0834307324549,63.2134767837395,60.7579974736365,63.2027336605412,67.0733298761817,99.1630873162737,92.3112180023465,86.0903311395104,76.1366040678546,72.7482460701762,76.1242433518658,80.6295645358864,86.0724780508651,94.3852459149364,79.9016737523127,106.415759943868
"34096022",191.418212875466,198.984094962666,214.61556345153,222.682325099943,230.916794120495,239.289563975072,139.02845051343,144.366884159687,150.191417216659,170.058607601361,177.320582124309,184.847668841163,192.625184899616,208.714244353788,225.441903863129,125.368393527846,155.884276594079,163.177211258149,170.71785106847,186.544359380211,203.16629126616,220.288244007349,229.051312811779,141.654726044737,156.603684698664,180.832465011932,114.171718807445,120.622362512859,134.855686084307,142.492651804135,150.421552652222,166.960409532306,193.034997331807,106.479498860678,113.367682969254,128.397376636313,136.406208364463,144.665966310505,161.793357002792,188.586127343552,197.731445425609,99.1964643139834,114.322821259665,130.796566847863,148.172828140126,166.147637051619,184.572439172074,193.902972456139,203.305382214418,100.276012762536,125.731643286741,143.719632627865,162.192837010644,171.566420559222,209.682934677522,121.28469417642,130.50822644498,139.84092873932,158.76705689622,168.332149918952,177.984397177904,187.613675183189,216.808886372134,108.129607563716,117.520425123185,136.586485290098,146.218023223673,155.908198887574,165.636610554409,175.399430317767,185.198428440409,114.505369696889,153.647938595693,203.142985850149,213.082472727085,142.059338483648,161.972131969314,191.813960833509,201.91326448512,161.038175969326,171.067262310873,181.095196000339,150.680556838558,170.769607340735,140.984363867183,191.112883110396,181.901594026565,191.884982055977,163.476516477884,173.361933267394,193.176384345672,213.041091244248,175.349897758838,185.147494365573,194.968364008842,214.667237251639,197.248297401139,219.24679675879,222.176115808921,119.91134621436,120.334561820264,110.372080706025,109.919896264423,111.735029078534,117.037654209317,100.424791708851,100.433957931781,104.374069299478,90.4839117827256,89.9300046600993,90.4895720392585,94.8507802194494,103.016644587783,82.4259842393542,85.4329155041269,94.4158429087714,70.6615714416455,72.7754571364673,80.6729881684714,86.1196052027287,60.7872078570345,59.9529036528708,67.104830741891,85.0238056607322,92.4207462078377,49.9523932003417,58.3487699075403,78.2963908204561,86.2735141013765,94.6424638184741,39.9652851863709,50.057845672657,64.1982291448472,72.33131499282,80.8949616914495,98.8638146724382,29.9763445831769,36.0909357128791,42.5114228449574,95.2602578511614,19.9804468396263,22.3694217466006,28.3403512973193,36.1659468934826,44.8839522864676,73.1109526517778,82.8191259007815,92.5989797155435,14.174008605049,22.4423611709142,31.7542161753251,61.1009679660509,100.957289942733,0,20.0930341119273,40.18257889008,100.456754223142,31.7499211143004,41.4031582011902,51.211562996186,80.978929203088,100.946727840195,120.954864740589,44.8701532142224,82.8061287375935,102.412562584029,142.038060744354,42.4996737446102,58.4769061545694,143.776941835969,44.7135445538389,64.1695079576596,72.2962588493646,117.484548081165,136.54534934969,146.17875789691,70.8181685245017,86.2357533416801,94.6068286646179,121.230638160921,130.458701416273,139.789365268255,67.0731429573713,72.1413423460257,78.1839104321029,92.3718472424453,100.245431218864,143.653569481673,152.839519500011,162.125477082548,86.0687245892001,122.368032808107,184.483476024337
"34096024",177.176848239757,184.223044457763,198.984167929959,206.685348668318,214.592559148815,222.672699539193,130.010907900197,134.208179279662,139.00984603197,156.443428681617,163.074958432316,170.045955637507,177.334916196303,192.605669375409,208.691054092004,117.027701004918,142.333267223925,148.936642614192,155.871388937179,170.711955354251,186.577586886775,203.113957285429,211.63409031969,128.191421608818,141.703724244843,164.452724136603,103.005228694413,108.262497199509,120.61999429713,127.529498851427,134.842052162875,150.412343943416,175.49738063053,94.4086669779736,100.117869194417,113.356087976843,120.691711767607,128.391277409419,144.657022414857,170.592771146351,179.530313530697,86.1124824602779,99.1847458710868,114.315394275533,130.796380770406,148.156251337717,166.145896650807,175.30602423391,184.562076972153,85.0137742349744,108.486107897747,125.731297635952,143.708557662132,152.89509512131,190.509896014736,103.301164197122,112.203690104683,121.280648882632,139.832379720031,149.258394712791,158.798087982958,168.326249208465,197.306283841489,89.7615163779694,98.8561170240559,117.515222518894,127.004563773568,136.579385164589,146.213585904265,155.898196833462,165.631695911314,95.2542909872448,133.994999647078,183.291006320835,193.207199510469,122.196418932583,142.052090785176,171.84103863662,181.928947102501,140.988297413862,151.012065524106,161.03558110803,130.587529295306,150.67658040947,120.951360730255,171.051525464828,161.947261211582,171.915797613655,143.774316484462,153.613725370159,173.357570592531,193.17130672899,155.85664152986,165.588720484102,175.353990007912,194.964830171487,177.887498714221,199.999753957307,203.208543320715,121.571940230834,120.322800110361,113.961331004208,111.731210750646,109.900989802729,111.730280409267,104.358615364687,100.422109690025,100.418994331083,94.832531407898,92.1377880762827,90.4780278111287,90.4807674871748,94.8412594466521,79.9272233373652,80.5555406578763,85.4235098795491,70.6497676132227,69.9324287986708,72.7665516846309,76.1555619945487,67.0916019495716,63.2207838336242,60.7783383272105,72.1709825787146,78.2135910393104,53.8315058787242,50.9492229114644,64.1115922287834,70.8461961991768,78.291133540094,44.7220411569602,41.1988776572689,50.0537791929291,56.674755043836,64.1906802586921,80.8887031886798,36.0778506896862,29.9702317395373,31.6064566492066,76.4450293423148,28.3277093958249,22.3594644657632,19.9741308401191,22.3607523446353,28.3342999266659,54.0585897214832,63.5014754619558,73.104788210568,14.1629447853434,9.98517295525415,14.1635566959414,41.406561624215,80.9858051735822,20.0930341119273,0,20.0895480632547,80.363724615986,14.1710587344666,22.4372968279779,31.7499721252736,61.0912893082126,80.9782045305867,100.94541280263,28.3340901342631,63.4954471417228,82.8011851820343,122.179805958588,31.6147721789866,42.4953066007999,124.199224328385,39.95859939754,50.0426428467449,56.6538051387165,98.8307909903508,117.483610641701,126.974112452421,58.3267573994305,70.8249927305146,78.2711623607734,103.259826686038,112.166149874955,121.240817445432,60.7697441796593,63.2062185299119,67.0799550394781,78.1832454826124,84.9997122881772,125.678708038518,134.592704352387,143.653881879507,76.1286050882955,106.505904938544,166.070689000023
"34096026",164.178584967256,170.569428144129,184.233648567027,191.475318152532,198.9723232185,206.686852548605,123.64559800314,126.465073733222,130.006246038663,144.364067247451,150.187170714078,156.443453756743,163.104000480417,177.325753329974,192.5932762977,111.735506169546,130.495409249166,136.194556280208,142.333328595233,155.878371520644,170.756293849961,186.535919648707,194.744814515164,116.666534938067,128.243430274992,148.998077231157,94.8446706826672,98.5007150862324,108.273074248254,114.167459292762,120.619247784078,134.844340425915,158.579281763397,85.4302890117898,89.4720015324142,100.118698981237,106.474549767905,113.362132831154,128.393661890913,153.133875203949,161.788554468084,76.1622679297729,86.1137054623509,99.1890455070983,114.326415877287,130.7898380041,148.163901804068,157.088256827489,166.144487794433,72.173879721813,92.4115729179934,108.4960794681,125.729614532574,134.643999293907,171.55643411162,86.2661018433827,94.6391317973976,103.306351691058,121.280856908689,130.500305132817,139.875653780634,149.260196798966,177.942969420999,72.3285230156661,80.8903636856033,98.8593158377243,108.120559226308,117.515987807728,127.007580546597,136.576689030475,146.215545847625,76.4473522474913,114.502522544314,163.504308558699,173.388347958195,102.429876031589,122.194789830747,151.90537610307,161.976988082715,120.957547692797,130.973172446777,140.990101536804,110.497981274567,130.587032442815,100.944073388063,151.000983119823,142.03318816977,151.980565439367,124.196840150592,133.967837423783,153.610242497844,173.353591982561,136.535920870414,146.173809151303,155.86076776694,175.350748424105,158.706966639476,180.934575044248,184.476393008664,126.458387264789,123.635743786107,120.842771161923,117.029975308847,111.725333020759,109.911102506904,111.832880246054,104.367865727092,100.42197696896,103.000282010998,98.4956183826175,94.8382993832754,90.4827431048259,90.4859031592062,82.4169543369089,80.5577579245076,80.5610690737522,76.1525568501744,72.7625065484778,69.9393411852175,70.6577892060789,78.2081553427902,72.1698587178769,60.7804959880087,63.2279851810622,67.1023954890835,64.1030959658453,50.9515883747621,53.8467677249747,58.3483032388746,64.1182800841665,56.6689133104254,41.2017593086569,41.2088215063231,44.7339305589742,50.0584650222519,64.1950816476472,50.127729047169,36.0854806226173,31.6081160627874,58.4974010647739,44.8723330923449,36.1579417172788,28.3323619555597,22.3621840475877,19.9800501499509,36.163064065888,44.8804350822383,54.0602003574516,31.7466423886852,22.4363896306749,14.1631969962161,22.4410814317439,61.1001660424441,40.18257889008,20.0895480632547,0,60.2741766010439,14.164915357875,9.98887128773312,14.1669255263651,41.4019160313446,61.0921550523646,80.9788070765903,19.9779514950821,44.8728903637408,63.4898970296123,102.413407430845,31.6097328043814,31.6022708571889,104.815382797588,44.7223553248786,41.1949896218971,44.7084913711298,80.8645258136063,98.8278546637733,108.090104896963,50.9381832178178,58.3248153529103,64.0967824521925,86.2242750567275,94.60125252619,103.266907311195,60.7662366972914,59.9263491157265,60.7640949236287,67.0699624965155,72.1562456036798,108.443739737856,116.94725515708,125.676020457905,70.6295183226008,92.2965594482139,148.090707737314
"34096032",135.956743006323,139.290804604391,147.730933880271,152.757834437374,158.272541739588,164.220798762659,123.637014996548,121.571899117252,120.319351469743,121.578884081035,123.634284301565,126.460436982078,130.036290642157,139.023135435689,150.177105131928,117.024904698101,110.369188857868,111.762130655726,113.967719941898,120.85335932553,130.529764625677,142.328130367593,148.914854156725,99.9345726712415,101.917462576665,111.842635344813,94.8369044082872,92.1377827829729,89.9253874212672,90.4836709767474,92.144139000146,98.497768430548,114.160740580843,85.4209303708385,82.4164381200865,79.9266004298651,80.5592568206796,82.418225450718,89.4671814506214,106.468446804564,113.357442552082,76.1526666832502,70.6523931916624,70.6536452689795,76.1637318634872,86.1089810501597,99.1878122120833,106.54386938672,114.314006880719,63.2204903733137,60.7793973238501,67.1009965068454,78.2118748076154,85.011686766037,116.985578354012,50.9544549023684,53.8473061450231,58.3436907229258,70.8437995795909,78.2875753998868,86.3250505336573,94.6300995726222,121.271464862945,39.9612497876734,41.2059096587366,50.0546832572561,56.6738837392984,64.1897073122541,72.3216920748629,80.8818690793669,89.7558260756752,31.6116095629514,58.4938407547891,104.830814891084,114.492545399607,44.8781633714934,63.4986682904077,92.4922538637746,102.437842282513,61.0911241804056,71.0222272662375,80.9786988409423,50.2238061813503,70.3128577659344,41.3987447087165,90.9477118477513,82.7969047908927,92.5715995776435,67.2972844009597,76.4234989836702,95.2271895414031,114.466244418624,80.8515716988157,89.7260821559773,98.8213139832662,117.472824668242,103.257838024054,125.665709273654,130.718631237375,156.429370523968,150.175935784689,155.862466604749,148.9131318272,136.154125184976,125.351668999915,148.987087864578,134.757279147086,122.183743837459,142.47708198389,134.8348381807,127.519733723759,114.152826327338,102.998287288978,113.349361916892,106.458707165637,94.4003450157522,114.306120919486,106.531661826308,92.3255629268457,86.1037140787817,125.721096397656,116.990688885965,92.4023357706285,72.1662162414758,67.0933659548112,112.191552461263,86.25580359032,64.1089024477429,58.3384843660175,53.8407909431666,108.115780259384,80.8808111881313,64.1849770966005,56.6700030550653,50.0503033771109,41.2047116608104,104.834102052363,85.7767268639705,76.4389959733448,31.6088839564108,102.424167221729,92.5938501359884,82.8115516388481,73.1020383257265,63.4968457140737,36.1563187744418,28.3336273953819,22.3623012580096,90.9593838158146,80.9834762612975,71.023394443897,41.4043710221857,9.98989750821799,100.456754223142,80.363724615986,60.2741766010439,0,71.0216330787006,61.0954332984005,51.2089090327959,22.4372839953965,9.98842098296647,22.4341072791787,63.4975225203813,28.3331660292101,19.9753752501402,44.8678166798992,76.4351379146038,58.4905934271253,50.1159098387943,89.7473010837164,64.1815216384816,56.659350824737,41.1946717276972,50.0365015524114,56.653019934474,70.8292330430174,58.3300385482109,53.8344706372921,50.9320967641272,53.824647307042,58.3209939100287,92.3880396511698,84.9927830344184,78.1921400271246,67.078376418899,63.2058486393214,67.0667419197601,72.1396199594208,78.1760516497964,86.0902891187189,69.9117763610483,99.1352226967509
"34097025",178.233548629496,184.689389528835,198.398562788787,205.630990791442,213.103203604162,220.780812086158,135.979648270372,139.27428716381,143.203577302118,158.278706720604,164.222452205737,170.555445376046,177.256755449173,191.479976678854,206.676876200044,123.633822123032,144.356015592863,150.202510083718,156.434711049935,170.043286076127,184.87560087539,200.547030162251,208.68815825263,130.451391632223,142.330783470998,163.148165696006,107.696187143067,111.835467096146,122.194934958211,128.235446071542,134.762545364921,148.99127493506,172.533727303149,98.4970034536796,103.006575910481,114.15929262028,120.612070246241,127.527047258934,142.4800747275,166.94540794412,175.493739874835,89.4669611781164,100.113378070055,113.35395996066,128.393506528585,144.649670201418,161.782668990947,170.585470629908,179.52265487435,86.1088009104296,106.540005685763,122.417056702338,139.376409053888,148.150216426533,184.547352610013,100.264991807215,108.487919274589,116.991146251974,134.637103577791,143.701425723573,152.933997740474,162.17803199999,190.503680266277,86.2628143348127,94.6297699038952,112.196930309744,121.271285108845,130.492847119496,139.824871679098,149.247599616579,158.752487244503,89.7555687093814,127.001936947779,175.386574158975,185.180980787561,114.495137338514,133.985539560333,163.397249879387,173.394247122694,132.104186215024,142.043858666685,151.994336733893,120.951137811947,140.98095537301,110.489041454606,160.709209642507,150.990379731096,161.010886594034,132.086198488533,142.024309242738,161.934228125754,181.882224459234,143.755977731371,153.596869485515,163.4608766221,183.242664809787,165.574830003253,187.530637053301,190.42620187732,133.344908867976,131.441382293229,126.453388793443,123.634168734654,120.314684599564,120.321716635985,117.022783104936,111.733687148188,109.908608390232,107.68952901754,104.361756590149,101.912925911723,99.9142261193248,101.917102740608,90.4804307970415,89.919696509482,92.1397264194974,82.4127004012733,80.554220320303,80.5588245383836,82.4166898636554,80.6588044777876,76.1552579010367,69.9353848235054,76.1571656241035,80.6640353106848,67.0866455445891,59.9421789387791,67.0962116210329,72.172126010534,78.2125413470971,58.337244917592,49.9488224193965,53.844117672174,58.3433029029683,64.1126276906263,78.2886836133407,50.0510374445062,41.2082708142783,39.9604331308483,72.3211520499137,42.4987671705934,36.0819562864973,31.6072867125957,29.9701603394104,31.6091427624041,50.1298094041663,58.4912563530933,67.3141245526566,28.3340030995906,22.3631354081185,19.9769002840245,36.158584489078,73.1028187974945,31.7499211143004,14.1710587344666,14.164915357875,71.0216330787006,0,10.0420504896066,20.0896649264286,50.2214415446949,70.3112627281479,90.4010782329623,14.163031401178,51.205396399058,71.0122339950499,110.936475700866,19.9822320116042,28.3242478828084,112.271872002368,31.6054437804357,36.070035016912,42.4827465529876,85.7507483592835,104.8061553937,114.466072664542,44.7124104416803,56.653933997122,64.1710129279154,89.7163128265273,98.8207319128569,108.082169883547,49.9403601113772,50.9353954566101,53.8257871539955,64.0833025257221,70.8286536024328,112.152349210842,121.2282167632,130.444128793374,63.1959524931723,92.3709892330886,152.824994976061
"34097026",172.189957230164,178.294197276872,191.406672800825,198.385973692772,205.63060473525,213.104064227356,133.354990443695,135.972642129915,139.27204741568,152.761320699975,158.275367430451,164.223574085127,170.582501429061,184.226050579231,198.963465040885,121.574621821265,139.012468402629,144.377713606155,150.179987001583,163.074641499267,177.350567039727,192.588628243974,200.549647609887,125.328577810389,136.169165108901,155.872129632053,104.363564143248,107.696814050154,116.701615488252,122.18972035453,128.238407114255,141.700039998262,164.447607088403,94.8417372173541,98.4980210775464,108.259901254293,114.163398619752,120.612468309811,134.837719955598,158.57482234112,166.947499173749,85.4265068251074,94.4058203756742,106.467122527202,120.695140124334,136.390959497943,153.130316211019,161.780517366366,170.587591194835,80.662175655297,99.1819683946398,114.317634658932,130.785510521295,139.376331186458,175.293929488224,92.4090956397341,100.270377180176,108.488048771822,125.72334076543,134.638468023934,143.750932196955,152.890642478154,180.997716968528,78.2907288752989,86.2625599340338,103.300551525138,112.195859837592,121.275368409341,130.493668388767,139.82388369418,149.252705784115,80.8863772827068,117.511393451088,165.623385987033,175.387915936161,104.835349138654,124.217451039759,153.535791867615,163.512838574084,122.186556565988,132.108670042716,142.045017565469,110.946190048173,130.965791304113,100.446991352223,150.667160049464,140.972200537048,150.989724535779,122.16965178714,132.090202048661,151.974500649275,171.905019944211,133.951620737102,143.761976283694,153.60084799961,173.344364149316,155.849402499778,177.872598860606,180.923527818337,135.96646433082,133.345495846548,129.993774167168,126.457751394551,121.564672909691,119.899973762195,120.840194094431,113.967683826927,110.365294371421,111.826210954019,107.692056595013,104.357595838555,100.416065761969,100.418993103714,92.1366639414495,90.4773098842282,90.4804062023031,85.4173786257538,82.4094598503131,79.9282124082786,80.557530774846,86.103272413358,80.6585516778374,70.6513859422345,72.7679027512954,76.1584741846459,72.1576844603525,60.776411738663,63.2237218841756,67.0990940787458,72.1725969031149,64.104360669194,50.9475028707805,50.9542392532888,53.8451086870766,58.3437456805374,70.8456029280932,56.6677574821407,44.7296637436181,41.2018267563183,64.190556118225,50.1225997300996,42.5003952664324,36.0777463961419,31.6069869100578,29.9689212851892,42.5052016766867,50.1314846265982,58.4925117541179,36.1545725765794,28.332233785038,22.3581670974638,28.3367641949268,63.501845999191,41.4031582011902,22.4372968279779,9.98887128773312,61.0954332984005,10.0420504896066,0,10.0476144388106,40.1793910755649,60.2692124187807,80.3590280462988,9.98908021170412,41.4029714373382,61.0866093258127,100.939552093308,22.3645502269293,22.3571514165135,102.406205883406,36.0783519796041,31.6012263254588,36.0644744467586,76.4231986136447,95.2273865256981,104.807975623562,41.1923478636628,50.0384585064127,56.6600614351588,80.8494419724025,89.7288530596353,98.8221847081123,50.941509627577,49.9374778405128,50.9393264752847,58.317947652506,64.1012762861548,103.258752753725,112.155407651999,121.229374505321,60.758445984416,84.9801759903253,143.642677078031
"34097027",166.529676727928,172.243799689993,184.692367876787,191.38966723045,198.3807549597,205.626879832743,131.445815373927,133.345566441779,135.967931393588,147.718293459664,152.754244728987,158.272492897062,164.247641640051,177.240333506525,191.461766421846,120.320144750714,134.205797888801,139.031885736366,144.350051068807,156.436676391504,170.081482988474,184.828775673508,192.586321555309,120.822118533729,130.486978073656,148.914077997191,101.913821197717,104.361451745354,111.839103505989,116.6930471259,122.188641061347,134.759075943009,156.583569962247,92.139285736203,94.840135262062,103.00063270472,108.260065729541,114.15964957773,127.524368257542,150.404317231463,158.57190715499,82.4162903255772,89.4617889759489,100.111611694212,113.359940812048,128.382132902306,144.652837174085,153.12297295707,161.777418585793,76.1534626044823,92.3272429477372,106.545063867171,122.410929971647,130.780138466728,166.126935801607,85.0105173734208,92.4095847075377,100.265329233609,116.98758349987,125.719330715187,134.68540062304,143.699600481766,171.547520140346,70.8427647734734,78.285677964184,94.6288293774568,103.294454018985,112.19439324605,121.270868430638,130.487173457388,139.823416682452,72.3197025229219,108.115241501469,155.890169434557,165.619195893256,95.2492797363558,114.491322129728,143.69384340999,153.646744295338,112.285516170102,122.185415489256,132.104186176031,100.943045106982,120.949516681172,90.3993774828678,140.619546772319,130.952151567815,140.96600515649,112.269990133587,122.168300487675,142.020896637794,161.93034408191,124.17991937165,133.952460491772,143.760632255617,163.45817824017,146.161518112766,168.254286823796,171.477209764626,139.266066025814,135.967778310955,134.196005092448,129.999503749727,123.621378490077,120.317901478749,125.350099450297,117.025208858876,111.726993233236,116.685267197315,111.830019877389,107.68858222024,101.910528616007,99.9122853752592,94.834476279514,92.1334906923675,89.9182946860966,89.4565861151648,85.414405644235,80.5546735754088,79.925905226649,92.3255810864638,86.1056179861708,72.7608408635498,70.6537145189832,72.7664336989734,78.1987816239022,63.2166813273791,60.7791918078646,63.2232788403144,67.096020512501,70.8358387279416,53.8357492859446,49.9513064926316,50.9528379341476,53.8422298521776,64.1115180332706,64.1839725836365,50.0535682190232,44.7239156782205,56.6720298125384,58.486159180056,50.1275758139457,42.4992873151961,36.0788490816925,31.6055911697487,36.0808811825234,42.5021891929649,50.1276008693746,44.8732792307163,36.1570190849013,28.3301223685969,22.3620866365738,54.0560945239234,51.211562996186,31.7499721252736,14.1669255263651,51.2089090327959,20.0896649264286,10.0476144388106,0,30.1317767031246,50.221598306657,70.311414085935,14.1695033223605,31.74547510123,51.2010012404626,90.9470717033239,28.3368375123538,19.9779304354716,92.5731016350158,42.5020857453428,29.9654583971894,31.5926924810724,67.2967330384133,85.7495605233544,95.2241409352456,39.9515333028016,44.7158642216958,50.041747998118,72.2861186764665,80.8574080644278,89.7257184727533,53.832782953622,50.9402632885884,49.9412091820338,53.8217679104762,58.3320105961758,94.5907314308885,103.257418740266,112.151879830159,59.9263118804806,78.1793826955692,134.578345701447
"34097030",152.296098544796,156.586017646008,166.583078997786,172.231355221169,178.276992064028,184.674517957353,130.282208878067,129.887679918317,130.274915133998,135.970329565551,139.268088961321,143.200010042238,147.742566659602,158.281897817024,170.545666347399,121.566483834368,123.629789552496,126.482607819043,129.996336234558,139.009163324397,150.217998044265,163.065276285855,170.036531930487,111.726619797851,117.023013324174,130.487621948181,100.411056992135,99.9079312559916,101.915355189194,104.359515243431,107.694168752659,116.691131160035,134.754473141148,90.474297702402,89.9172893565108,92.1327402149747,94.8360909222128,98.4915415296844,108.257352904639,127.522576229861,134.833655253652,80.5513766259403,80.5513719974387,85.4183409434348,94.4092017679619,106.461234345639,120.686057736776,128.382346142143,136.388529589983,69.9300058911603,76.1493510363131,86.109904697514,99.1802216000587,106.53749688171,139.367801597167,67.0924386186095,72.1697175553686,78.2086024898992,92.4054049117257,100.262290520022,108.542792686338,116.986227211823,143.695773166258,53.8400328227927,58.3386542647493,70.8406033383517,78.2841477613811,86.2587311840405,94.6272164482157,103.292231504768,112.193110068559,50.0516243873309,80.8835831564302,126.996410166431,136.56777716382,67.3154473550918,85.7705664848058,114.394462982813,124.234845955707,82.8062419328521,92.5884022141209,102.418438379314,71.0205022693755,90.9536200077181,60.2676018951209,110.487772623911,100.935504748766,110.931447552693,82.7949267861265,92.5753802332173,112.270784449726,132.082994111617,95.2192475071628,104.804375460939,114.466004633145,133.953697119351,117.470046498184,139.771077945557,143.6370161057,152.741802043586,147.704615288526,150.164567153518,144.344337222125,134.186471717623,126.447462689372,142.31565267254,130.477419554189,120.835806304105,134.746634588686,128.224226646831,122.173639352574,111.820875177136,104.352407366129,108.24775720102,102.989669221311,94.8288684932896,106.451922768028,100.096066193739,89.4528141931095,85.4132192489294,114.300899344763,106.533988602515,86.0962191149801,72.7585579653583,70.6485640401993,100.250303116852,78.1976054845415,63.2153281853144,60.7745278984931,59.9395660160302,94.6192779446637,70.8302571821215,58.3325919450172,53.8355333824058,50.9467595958108,50.9499830597928,89.7474505383977,72.3162137266579,64.1777986649901,41.2016310820972,85.7648236017946,76.4354219813657,67.307486995335,58.4833515177362,50.1202661925364,31.6023213753837,29.9655251632092,31.6052464873676,73.0960982326086,63.4937019979573,54.0483050678473,28.3284479257131,28.3345605994597,80.978929203088,61.0912893082126,41.4019160313446,22.4372839953965,50.2214415446949,40.1793910755649,30.1317767031246,0,20.0898224132179,40.1796384079256,41.4033626594697,9.99280778370765,22.4336061600697,61.0885183973873,54.0515055221006,36.1603067791652,63.4873824828791,67.3100185982683,42.5010711267108,36.0723589328011,42.4942074213408,58.476490808701,67.2974883003385,50.0452138836276,41.1993758105105,39.959194896869,50.0301940488069,56.6558757959023,64.1683376426599,70.8285285440195,64.0977961029119,58.3302296850477,50.9410378562808,49.9460022462988,70.8142415394577,78.2574906551803,86.2268995587267,67.0832113710963,63.2025010902674,108.437111825723
"34097032",145.531067933732,148.651231020353,156.58687126944,161.337477729562,166.567922388271,172.229960852776,133.345859546356,131.433046856683,130.275429432555,131.440429235786,133.343741955098,135.968265286726,139.302900195096,147.725449009527,158.266197293153,126.4515774904,120.319666446587,121.601311242931,123.628959981925,130.004652490608,139.047155531819,150.175843279411,156.432405112061,109.922988015281,111.727281389444,120.850688639423,104.355136976564,101.908726241839,99.9138083871323,100.416579102039,101.915624388405,107.694300331467,122.183957075505,94.8318481214496,92.1352535049386,89.9150213417675,90.4783638778809,92.1376047560285,98.4937435283481,114.15847500678,120.609157825818,85.416379540265,80.5516369053268,80.5532159245135,85.4282612096033,94.402010675428,106.467035521435,113.351486082698,120.684165802915,72.7597595501299,70.6499375579895,76.1575160338021,86.1074848865712,92.3272612329345,122.404785667007,60.7789811279478,63.2245002329277,67.0951322159106,78.2090837891598,85.0101811498132,92.4761564515246,100.262583234305,125.715201791626,49.9496707460905,50.9514053423069,58.3407399878637,64.1109271522879,70.8417087647851,78.2861160857825,86.2561032401994,94.627163794135,41.2050430075983,64.1885333758405,108.110900141125,117.503450912426,50.1306153096126,67.3137577763149,95.1512302251145,104.85445494768,63.4950564835133,73.1003031980228,82.8069741481904,51.2081348135734,71.0193708776527,40.177779498612,90.3979503286388,80.9690604567667,90.9413733847514,63.4841330483917,73.0878606449169,92.57109925539,112.265943470015,76.4121624607335,85.7464827295617,95.2227022209796,114.461888196382,98.8150101782064,121.221007569291,125.66020793679,164.208340606527,158.263067854201,163.056749637951,156.428085951638,144.335095416983,134.193983593352,155.858595967486,142.318919430461,130.476586822545,148.979037164825,141.688769625721,134.746648627002,122.173974405469,111.82332587156,120.598320051967,114.146420941499,102.993124619062,120.67304648179,113.336676713658,100.102310142405,94.39486068859,130.774793706065,122.405974798001,99.1711109194277,80.6535816244992,76.1488194143926,116.976745615692,92.3966693543334,72.1621222671038,67.0886945453246,63.2171275932231,112.187866568506,86.2504882851126,70.833942791412,64.1040120945438,58.3346795557261,50.9496715859323,108.109799351416,89.7525183979912,80.8753407243004,41.2015036151233,104.826309205316,95.2454803857727,85.7666894360726,76.4344850912061,67.3072707085674,42.4968420874393,36.0774338387844,31.6055840246741,92.585690208725,82.8066559504605,73.0958772172956,44.8707029733704,19.9783184894466,100.946727840195,80.9782045305867,61.0921550523646,9.98842098296647,70.3112627281479,60.2692124187807,50.221598306657,20.0898224132179,0,20.0898160039722,61.0909824507012,22.4346273262467,9.9869542689456,41.3996354771077,73.0940605607343,54.054657615772,44.8654490388388,85.7639304716259,58.4850656069666,50.1179326603667,31.6018773140027,42.4901405101368,50.1134621208736,64.1757209190941,50.0429502470399,44.7220268158541,41.1866712796186,44.7137984002392,50.0357226552326,86.2408279458806,78.2680734678761,70.8250624104773,58.3263313155708,53.827350581343,58.3159777301606,64.0849822045506,70.8116128518004,78.1936292432915,59.9233555883449,92.3638067730919
"34097034",141.31989653745,143.115434061511,148.646580970693,152.32450762546,156.569127558861,161.333423217295,139.268259466998,135.960832214275,133.336744090086,129.892680818364,130.278059371946,131.435771032095,133.377646040944,139.281456799307,147.707214603544,134.195723074968,120.317160921042,119.928343392741,120.316632824736,123.635642770499,130.037211983084,139.004260230156,144.349137749076,111.759657638823,109.902309106921,113.972326222521,111.823842352583,107.685399305088,101.910557912496,100.414310005161,99.9125542145169,101.913042879348,111.830384324188,102.992975189862,98.4869723321808,92.1301977625406,90.475287636468,89.9171059965035,92.1377995837792,103.001462752461,108.259029133457,94.3949819989988,85.4144616432596,80.5504180684421,80.5599163240247,85.4195936004409,94.4052815672871,100.1105116743,106.463737647178,80.6523892209783,70.6480889041196,70.6545669644645,76.1533377036156,80.6564165272962,106.534168040028,60.7770381640048,59.9439858942917,60.778309337222,67.0942459032683,72.1665445414837,78.2893115911055,85.0086428745675,108.476839222885,53.8357599892155,50.9489149142993,50.9508799032501,53.8434178822154,58.3406060536352,64.1110099403039,70.8381640567963,78.2841384392259,41.2027707010785,50.0530160041761,89.7494777075001,98.8457778847268,36.0822984719908,50.1282225061147,76.3450408997115,85.8007087405681,44.8724417246323,54.0542495717363,63.495031449421,31.746162418034,51.2066966247168,20.087963495625,70.3081346667302,61.0837186806919,71.0077471290434,44.8631773169364,54.0435392811097,73.0843518097599,92.5667421195045,58.4652066967158,67.291975544155,76.4166764328628,95.2192397050104,80.8508619540638,103.249135159449,108.428160947421,177.216152975316,170.542102547389,177.292155342949,170.032652531868,156.416524298725,144.339837156707,170.695605335355,155.858665623498,142.316262562794,164.437871005505,156.578812740901,148.976114262555,134.744255136352,122.173851976821,134.823309204646,127.510513409211,114.147472788094,136.378065812895,128.367451595487,113.340900719687,106.453662692439,148.143326061016,139.370018398074,114.299200862591,92.3213996871062,86.0994428395987,134.625658859964,108.473485799973,85.0037647928988,78.2004905236389,72.1604675813679,130.485726463668,103.288267692723,86.2513882034879,78.2782380174837,70.8335793101424,58.3346906955185,126.99595854781,108.113438166152,98.8431733828243,50.0467323917971,124.212109068972,114.490926476094,104.826977738241,95.2433817529759,85.7650253286752,58.4841867368104,50.1235825711745,42.4979783951426,112.286882290968,102.418738104778,92.5848742844636,63.4934883505168,28.3299073536276,120.954864740589,100.94541280263,80.9788070765903,22.4341072791787,90.4010782329623,80.3590280462988,70.311414085935,40.1796384079256,20.0898160039722,0,80.9765110073055,41.4003236284207,22.4372474244477,22.4337094828192,92.5805096681169,73.0990910469106,28.3267244976363,104.821330750266,76.4323986563644,67.3026462651016,31.604544063267,31.6001887784241,36.0695743780067,80.8689205135327,64.1752666567615,56.6625265720617,41.1937330928447,39.9502138414695,41.1926203521367,103.274153740319,94.6072184401602,86.2393991205989,70.8251613698054,64.0892760584023,50.9325185789051,53.8219928472439,58.316059711497,92.3883691765284,63.2008091369584,78.1717379768606
"34098026",180.399113045196,186.23480264653,198.823264061776,205.550223499035,212.550257863016,219.788395833029,143.103145571592,145.545004695817,148.631873160732,161.340411396936,166.570325250123,172.232085346702,178.307460356512,191.399444260061,205.62211190868,131.436598737971,147.714389554548,152.776166661069,158.268607166708,170.552901778732,184.250986002582,198.959312678823,206.674818876816,134.175534143946,144.351540855234,163.06897929572,113.963240458056,117.023282128332,125.359965283762,130.484092430717,136.164726370443,148.910962894147,170.699515062664,104.360895323947,107.694517025906,116.688901606171,122.185845592088,128.231880633013,141.693871419245,164.443433260906,172.531389734911,94.83829089995,102.999893371114,114.156352750963,127.52944397558,142.473403978738,158.571496267307,166.939596341792,175.487728827361,89.4612968655213,106.460631148323,120.686761897028,136.3870385287,144.645021175227,179.510427780261,99.1800206464518,106.542820634864,114.309918829422,130.779689252507,139.371322853728,148.199621871105,157.073740873495,184.543560762349,85.0122680138362,92.4058347077692,108.48265195469,116.984674455548,125.718236327091,134.632560758895,143.693792911352,152.883680127103,86.2591499502358,121.271083552167,168.309895309347,177.926933439796,108.114108499426,126.996189795355,155.791192985001,165.638207424092,124.209602236941,133.981633723848,143.788100676197,112.285110171712,132.101280985143,100.941154949839,150.995156105002,140.614850460145,150.656381274933,120.936430598102,130.949965473832,150.98354405669,171.028797536296,132.074386226833,142.0135939919,151.965448009448,171.896171257333,153.589720970455,175.327224220219,177.86156198055,145.53904118656,143.093788470611,139.260010863059,135.965745128005,131.42671459099,129.889053968119,129.991042219622,123.629256582771,120.31633138124,120.833355428485,117.018528907849,113.957391050278,110.359585927955,110.362398166493,101.908560700554,100.410772072329,100.413779092821,94.8293797557918,92.1294254753719,89.9172926014066,90.4771200200023,94.3958364077727,89.4576309230217,80.551523447963,82.4145729645584,85.4231061446219,80.6461659776471,70.6474052211595,72.764029927316,76.1555011093347,80.6611979846452,72.1589658390366,60.772384561058,60.779029214269,63.2223312562871,67.0950013775879,78.2100270652907,64.1031984973767,53.841269223075,50.9477720893653,70.8415331126705,56.6617980271321,50.0471338921429,44.7217979095485,41.2007186671828,39.9580014587458,50.0520987977125,56.6716925074271,64.1860746417043,42.4970343268483,36.0775492713815,31.6028194701919,36.0822116864195,67.3153070902134,44.8701532142224,28.3340901342631,19.9779514950821,63.4975225203813,14.163031401178,9.98908021170412,14.1695033223605,41.4033626594697,61.0909824507012,80.9765110073055,0,40.1798678314825,60.2642521833909,100.442534447014,14.1673351918658,14.1612165035212,100.932728851612,28.3325824319998,22.3562699332105,28.3197155235393,73.0858150243397,92.5698343346665,102.399056503092,31.5985969301969,42.4909026065501,50.1188692743738,76.4083245873882,85.7480974238853,95.2218402253788,41.1954990931717,39.9483976298776,41.1934624848409,50.0314723220175,56.66562230951,98.8144513617021,108.076899148977,117.466041766631,50.9332023025232,78.2571677286,139.768361578855
"34098030",161.52235439454,165.573709543789,175.056993781263,180.43938935236,186.218062631799,192.351422116848,140.247572730649,139.880487274145,140.239858314378,145.545580698896,148.630554287755,152.320691400977,156.600924542136,166.578673382829,178.27104455783,131.4325518728,133.342510054421,135.993716672786,139.265073984743,147.71342289423,158.307825751411,170.544408778265,177.221349097832,121.570683278185,126.453345810076,139.00746881804,110.358490256063,109.900738622025,111.728658948923,113.962108920283,117.02326405138,125.351614361175,142.318870681504,100.411729481281,99.9100967331618,101.907621125659,104.358015720576,107.690424834635,116.688308458692,134.752338163224,141.690608044726,90.4750756696327,90.4743825811871,94.8327922719442,103.005097151702,114.151878570806,127.52097756813,134.827126706018,142.471283950095,79.9228133043479,85.4166051898979,94.4040737858397,106.459862363087,113.344852248552,144.636629748298,76.1513581149091,80.6602555248969,86.1049185661318,99.1769653415245,106.534991605924,114.370673724458,122.403799034184,148.138066944058,63.2197527809689,67.0919884954978,78.205969933129,85.0070497452894,92.4023972776921,100.259164936297,108.474516064758,116.981101143012,58.3391477058471,86.2560604029906,130.481209072602,139.814021605971,72.3168630158361,89.7483844935432,117.404596442594,127.0194576756,85.7636396399788,95.2419861943277,104.82271871126,73.0944650514543,92.5810452451339,61.0871850880877,110.934142028677,100.434985179943,110.476515255331,80.9628456384418,90.9398175685054,110.924618169521,130.939581217124,92.5582094960645,102.391476241869,112.260578047764,132.073072335294,114.453511842112,136.515484881774,139.758682733906,161.325421277146,156.564831015426,158.257405014159,152.746294815258,143.185219166459,135.959824986593,150.16665453229,138.999436850541,129.991174341588,142.313510591162,136.154597156519,130.472318018882,120.832841134812,113.956535891562,116.681282339301,111.820348996627,104.352501938575,114.145465935889,108.242376519492,98.4837733826428,94.8295501795328,120.673692663853,113.344545919628,94.3931911371823,82.4096130708476,80.5527239605452,106.525804372773,86.0967981789488,72.7599524024945,70.649622779276,69.9323733257617,100.253816375593,78.1984209573309,67.0884030237299,63.2172881863329,60.7758099117268,60.7779846232228,94.6202114212387,78.2824589921146,70.8324175648064,50.9504757844654,89.7452229587206,80.8771267798106,72.3119991755905,64.1800601951375,56.6640534504599,41.2002390548025,39.9583325691677,41.2016821098712,76.4336999669298,67.3092799628571,58.483104269606,36.0780368016361,36.0809986873095,82.8061287375935,63.4954471417228,44.8728903637408,28.3331660292101,51.205396399058,41.4029714373382,31.74547510123,9.99280778370765,22.4346273262467,41.4003236284207,40.1798678314825,0,20.0843843554298,60.2626674009075,51.2055011202699,31.7513200015587,61.0805678427528,63.4945327712585,36.1567687902168,28.3261853047912,36.1461850393558,54.0385151818887,63.4786661921778,42.4960670193931,31.6027524774416,29.9663873518965,42.4771345518127,50.1102477060037,58.4689870258222,64.1746112828413,56.6596170770789,50.0415567552107,41.1921921527844,39.9531944753646,64.1575015024967,72.288389571942,80.8478636775463,58.3295793754427,53.8206336817635,103.247721979606
"34098032",155.156255469854,158.087218645975,165.570511982792,170.069800701619,175.039082166212,180.435535607187,143.091698882126,141.310581322575,140.234624700234,141.318380310012,143.090223644796,145.539141538899,148.661724684815,156.580140677883,166.560430590151,135.957003015843,130.274508950803,131.461591203796,133.337050134488,139.2697509759,147.747720157478,158.263899700974,164.2125269208,119.909937334928,121.564785485804,130.000810650023,113.952393603889,111.716647532306,109.900762625438,110.358071283245,111.724085921173,117.019433060241,130.477615280263,104.348694406011,101.904726563095,99.9019755237465,100.409780470358,101.907637563227,107.689002382263,122.180432252106,128.228328951528,94.825856133292,90.4689980105028,90.4708910818119,94.8385441349945,102.995235632641,114.155770269551,120.601941272568,127.518436585854,82.4040420207815,80.5481226049665,85.4207700677298,94.3992891631938,100.104886173879,128.372805460413,70.6480697749117,72.7632081833809,76.150336821291,86.1036131104282,92.3248364587357,99.2523333156531,106.534875134203,130.771658106906,59.9366249818138,60.7744261804995,67.0908964694706,72.1655932924584,78.2058868595564,85.008188918929,92.3999163339921,100.259091417406,50.9491220583895,70.8393915770364,112.186724962963,121.264209162203,56.6705060577612,72.3163128525698,98.7529787696287,108.14276890552,67.3096891435957,76.4371009475483,85.7666698620736,54.0519799166722,73.0965932162131,41.4026374942327,90.9485299323701,80.3506028200236,90.3921322183702,61.0830445017525,71.0120783431528,90.9406419108571,110.925056959583,73.0772570722186,82.7875393953467,92.5672964636498,112.26227192796,95.2170735031247,117.460154891264,121.216078083193,172.214015659448,166.555248997567,170.531452061373,164.205534406733,152.729815629416,143.185640569465,163.051397643074,150.163075915794,138.991194375317,155.849043043115,148.896360427939,142.306674041936,130.465557005025,120.828180240325,128.214751636893,122.166088158595,111.816615592569,127.504082240094,120.584533502405,108.241262052657,102.986272919215,136.372736586984,128.369999847798,106.446625383707,89.4500774707538,85.411069538711,122.390505126709,99.1640656161053,80.6480030044888,76.1427710615984,72.7550706602198,116.972237433632,92.3899545680224,78.1953585149348,72.1560585061736,67.0833853738827,60.7722435167744,112.181055654955,94.6188120671357,86.2442261225998,50.944983471776,108.100648796061,98.8389626001024,89.7410922022884,80.8698181946479,72.305393447942,50.040845252721,44.718861648079,41.1966960016268,95.2365392851631,85.7610465160646,76.4270617838617,50.1184921421425,29.9652727531107,102.412562584029,82.8011851820343,63.4898970296123,19.9753752501402,71.0122339950499,61.0866093258127,51.2010012404626,22.4336061600697,9.9869542689456,22.4372474244477,60.2642521833909,20.0843843554298,0,40.1782838584455,71.011788498438,51.2074030364795,41.3980403276521,82.800169118541,54.0490796018276,44.8653989800288,22.3597227937127,36.1494513339525,44.8638822030527,58.479571499745,42.4947981416855,36.0774559989269,31.5948644908496,36.0720098691115,42.4905670617841,80.864206340883,72.3023226900852,64.1715801861587,50.0404844257132,44.7149979183546,50.0322642541804,56.6508440952591,64.161911200385,70.8279764595055,49.9364016887311,86.2210306141011
"34098036",149.88494060352,150.230667105766,152.886728230106,155.170048753047,158.06579247335,161.541649979263,156.563407540767,152.308599034257,148.618950764122,141.3146359123,140.236822029173,139.876949707464,140.274222629585,143.10262312436,148.623234389802,152.738385891004,133.334401667586,131.460439303064,130.271148782702,130.280791860988,133.37335917398,139.263183732663,143.195309647721,126.492885384679,121.560033931318,120.323124135384,130.468085722504,125.338590077601,117.012147916564,113.954782010616,111.720362479608,109.898680673187,113.958149534206,122.168535818295,116.677786125061,107.677972738546,104.348685135258,101.903485139698,99.9066277884647,104.355680851678,107.690223850048,114.141754480344,102.986884224136,94.8243335583143,90.4753594388792,90.4721656836789,94.8340519658308,98.4868643279149,102.997165805696,100.097546179664,85.4106908835771,80.5509896309478,80.5511428880968,82.4067722409168,100.102345840729,76.1453838976356,72.7587616779817,70.645974538304,70.6492714174011,72.7598101913991,76.2453851507278,80.6538824974405,99.170166135187,72.1553102207281,67.0850033384035,60.7726097199751,59.9426636595997,60.7765262236166,63.2210017673072,67.0903858936791,72.1639544350468,58.3330423369667,50.9499199650135,78.2776310625088,86.2520053641096,39.9570125085155,44.7258459844038,64.1030492437777,72.366613250378,36.0792502121308,42.5013100490723,50.1249536898967,22.3585020387843,36.1539507234528,9.99095544751844,51.2030633306561,40.1723198646633,50.2138484581622,22.429467871026,31.7408962550595,51.196838232331,71.0030385395983,36.138158908406,44.858266495672,54.0371168032052,73.0770101283621,58.4648854826175,80.8425340865759,86.2121989270651,198.362591866525,191.371807072423,198.943660657812,191.451781463468,177.203460118596,164.200314349748,192.570663614801,177.287937755087,163.051264205247,186.511398181331,178.493804748631,170.684311372031,155.845656215834,142.306063690753,156.566957568359,148.96669098885,134.738975661148,158.551679163981,150.379554891944,134.814570888237,127.505302677666,170.56835172097,161.76427391653,136.370860014277,113.336646053668,106.449111959532,157.059366978009,130.764967318578,106.526826187446,99.1661233049085,92.3153817051223,152.873919183677,125.704929256171,108.46868969424,100.250038128782,92.392550074357,78.1967212552855,149.238461930127,130.48298574893,121.25791979072,70.8298767024324,146.194726998669,136.561593671798,126.988250801425,117.495134191997,108.101216638267,80.8706311380731,72.3085177791927,64.1769706348771,133.97527703666,124.206290082026,114.481259147521,85.7612114850081,50.1194198644932,142.038060744354,122.179805958588,102.413407430845,44.8678166798992,110.936475700866,100.939552093308,90.9470717033239,61.0885183973873,41.3996354771077,22.4337094828192,100.442534447014,60.2626674009075,40.1782838584455,0,110.933001383379,90.9507289801673,9.98673512196807,122.174111304357,92.5782528170977,82.7962768756349,36.153552537293,22.359452608296,19.9737173090444,95.2308123380841,76.4246798618286,67.3005538297513,42.4982875841779,36.0737632866952,31.6026800214365,117.479975782574,108.089356009448,98.8257297717941,80.8643279824465,72.2915535622235,41.1903936296612,39.9484263579043,41.1880103073056,103.274849038379,64.0876223995943,58.3119908229753
"34099025",194.311085119676,200.249820553956,212.95762426639,219.710005848709,226.717589150071,233.948479856345,155.180990717174,158.07480535866,161.547026891841,175.049163224322,180.440567437506,186.222381363425,192.382046078434,205.558076653901,219.781224062703,143.095789582845,161.336276782916,166.591182228718,172.227185089089,184.675699556793,198.418317667446,213.092355405933,220.770794520468,147.681194601434,158.269331256663,177.224346307643,126.454402579276,129.997506847311,139.009900626538,144.347806067371,150.175978240064,163.064067370422,184.820912583207,117.023817101449,120.843948983091,130.479463074422,136.160950472992,142.32200283953,155.861203679601,178.50009824197,186.519249718319,107.69360564452,116.687733084778,128.227220825591,141.696776279805,156.575949674506,172.527610667541,180.807230259933,189.261868716431,102.999231195058,120.600770226251,134.831734021769,150.396124278693,158.560279393496,193.001845455422,113.347353538817,120.681952441941,128.37897158997,144.641154929145,153.113507195451,161.821892303454,170.5720682664,197.696140224092,99.1796007954678,106.536427999504,122.405313421983,130.773275909097,139.366403963565,148.140191618951,157.063862907626,166.121216018984,100.259898257265,134.628357155584,180.981608979878,190.488251022776,121.265435174023,139.813918403651,168.20695590368,177.944588177295,136.557917144315,146.194360466338,155.879084731322,124.203487859789,143.779491394867,112.278050091451,161.940373144657,150.983889794745,161.005161737151,130.561947905838,140.606840333689,160.690482334064,180.774116879272,140.947310003829,150.969622079619,160.994096059779,181.04404912198,161.912189795323,183.217186044594,185.104632799362,152.876551536578,151.219536095526,145.53778580478,143.096046482355,140.237064337245,140.244022944094,135.962266569099,131.439206685002,129.890840401629,126.447303116326,123.626691274383,121.566649019088,119.89645811206,121.570658687903,110.361375643508,109.901928512203,111.725795056758,101.908315757653,100.411505841722,100.415855347218,101.91218629058,98.488035178394,94.8355557979771,89.9176168303566,94.8377172202089,98.4933534456351,85.4114209878848,79.9244109499435,85.4215424225333,89.4636430783504,94.4036595596982,76.1485132103124,69.9310544265284,72.7657282701469,76.1551173698804,80.6599245427294,92.3286877903921,67.0914609219208,60.7827379496627,59.942665142191,85.0088663054548,58.3337021729967,53.8410173987481,50.9504784149878,49.9523923491338,50.9525327202009,64.1090860249427,70.8390259173643,78.281749891711,44.7270429637031,41.2048175463111,39.9591322927126,50.0522757524771,80.8797193155827,42.4996737446102,31.6147721789866,31.6097328043814,76.4351379146038,19.9822320116042,22.3645502269293,28.3368375123538,54.0515055221006,73.0940605607343,92.5805096681169,14.1673351918658,51.2055011202699,71.011788498438,110.933001383379,0,20.080742500708,110.476549680015,14.16525061613,22.4248463484639,31.7328293842797,80.9603703350608,100.922933861083,110.9208381846,28.3184948757381,44.8585113019224,54.0400470908113,82.7735539970905,92.5618214039343,102.389894660907,29.9581281489334,31.5914463827248,36.0654980329685,50.1026594061279,58.4806326354994,104.790754987102,114.450482016404,124.169764753075,44.7010443014009,80.8493322578668,146.144872292709
"34099027",183.634908689335,188.833164194255,200.251810472775,206.443971261667,212.940624769515,219.70708524782,151.220459638881,152.874056721243,155.166832551033,165.561334220574,170.0694405639,175.042675688746,180.467428618921,192.365091866749,205.540884015697,140.238679821589,152.320885692062,156.593692921864,161.330047824949,172.230173570273,184.714097965361,198.373396458496,205.620392713889,139.247234612555,147.709051585234,164.216457121171,121.564336777508,123.623940381353,129.999483178225,134.19809587731,139.003665919351,150.172957588462,170.030091298888,111.722262164866,113.960655944731,120.836652604066,125.350578891957,130.479867784869,142.320478862917,163.137990415952,170.697480079811,101.908832910287,107.686985420123,116.685552365649,128.234123157066,141.687155479809,156.581326332732,164.4378118399,172.525578723887,94.8320496049103,108.250943040929,120.606937923115,134.827730122523,142.4688195496,175.476170475524,100.107974157121,106.463494097752,113.348940282337,128.378238486674,136.382310403585,144.703097133438,153.11492172777,179.50675555416,86.1057321693798,92.3267001041815,106.537461737964,114.304638561131,122.406085757804,130.776056820447,139.364704032866,148.14208314102,85.0092349048491,116.98443375547,162.165555316528,171.539214721286,103.294050161696,121.266192160015,149.146864995998,158.770774849691,117.49935815938,126.993305750405,136.562786761604,104.824883464454,124.207419778103,92.5846817255643,142.03284204701,130.952890579187,140.967739739028,110.481208841008,120.52610169541,140.609744625929,160.693379861245,120.926333253568,130.940572431738,140.958448385507,160.998555210125,142.008245875398,163.442288290359,165.557229682872,158.060657886478,155.163388298102,152.305702711689,148.622959875823,143.07774180025,140.235492870918,143.184524214841,135.958982690112,131.427125564283,134.183361408579,129.985172411017,126.440570005334,121.558995773153,119.8902151023,113.951484569588,111.714247207134,109.896224286472,107.676746942127,104.343814746605,100.406896179275,99.9038348788185,108.24115937356,102.988329859498,92.1256817473936,90.4739173931816,92.1340634331358,94.3815928954626,82.4018342192374,80.5508494224199,82.4116271916139,85.4193516849151,86.0900928753789,72.7509970300884,69.9292361784224,70.6493510489964,72.7614848879467,80.6582894485424,78.1936672483554,67.0868148356112,63.2103869024939,72.1662720058135,70.8230139548744,64.0975109953843,58.3272342068861,53.8315627090729,50.9434544868304,53.8389872866464,58.3385181934232,64.1077228717405,56.6582506036914,50.0408632709333,44.7153183625971,41.2018208039592,64.18736315984,58.4769061545694,42.4953066007999,31.6022708571889,58.4905934271253,28.3242478828084,22.3571514165135,19.9779304354716,36.1603067791652,54.054657615772,73.0990910469106,14.1612165035212,31.7513200015587,51.2074030364795,90.9507289801673,20.080742500708,0,90.395809939703,31.7432132531749,9.98752878073116,14.1585008478111,61.0845332003035,80.9662637139718,90.9406867912964,19.9736039939957,28.3296862645313,36.1553651982558,63.4735920587429,73.0850538133776,82.7899256648784,36.0724781607462,31.5990899191906,29.9632803593054,36.0682982807526,42.5044062499254,85.7437068685607,95.2183418910497,104.797383490044,39.9483817207656,64.1669616335524,126.951256881646
"34099036",159.871672821687,160.196564922913,162.689413298325,164.836485572933,167.5648821493,170.847694725694,165.545596931665,161.527385187292,158.053253883459,151.206382690114,150.199510762705,149.863684777995,150.23707985407,152.879848051119,158.058375587153,161.314672908808,143.080099045055,141.337780456229,140.230148794565,140.239998609749,143.119156781675,148.621390928913,152.312112697605,135.996269510912,131.419587401574,130.277783951758,138.982754645197,134.179508429266,126.437573905161,123.613675821805,121.557291372871,119.885415753596,123.617663101676,130.460163053293,125.333687985359,117.001928745141,113.945932242632,111.711287996739,109.893362855948,113.953475082438,117.015080107875,122.161608920638,111.810374394024,104.341061875799,100.406402811393,100.403365385474,104.351334832842,107.681701771016,111.821918317712,108.23643094227,94.8199221172561,90.4682325255636,90.4685796119491,92.1244653560412,108.243244097386,85.4074561351145,82.4030386599928,80.5436170223258,80.54717715356,82.4045961066571,85.509962166788,89.4515347488887,106.447852305955,80.6414429880003,76.1389219181524,70.6411004473068,69.9293986388953,70.6453277312792,72.7596126748962,76.1456861267681,80.6514985460867,67.0817233373612,60.7726537264282,84.9987391179894,92.3952666298532,49.9437476131595,53.8359770055041,70.760732692506,78.3379959022806,44.7224257373809,50.0477463327911,56.6648505838059,31.6011813530013,42.4960729187819,19.9776904647985,54.0473197370607,41.3949093548283,51.1991907329238,20.0853996884016,30.1302932282696,50.2139378822014,70.2975742253434,31.7318653719576,41.3895000255912,51.1946453429136,71.0010198733639,54.0331104559115,76.4034867278325,80.8395041035856,205.523612818045,198.785303455841,205.599054310458,198.359375981293,184.645181497425,172.205976332871,198.937756834115,184.18538941665,170.526103747175,192.560594174721,184.806374171602,177.275581206361,163.038871005829,150.150213745866,163.117360384655,155.837237224225,142.299125504997,164.416858785068,156.551681850412,141.667624716633,134.731074439511,175.46491603567,166.919869467906,142.450008683919,120.584483086117,114.135691630057,161.748095140389,136.3629760128,113.330488890239,106.441929311822,100.090904873305,157.053313759929,130.757415893638,114.287357646136,106.519244778075,99.1603035642169,86.089018394131,152.86561681251,134.617966420216,125.697028489134,78.1914100406037,149.228038924755,139.805061348754,130.470435480359,121.251045577742,112.172718971844,86.2397965238898,78.268044491566,70.8247027040355,136.551117562279,126.98108207154,117.486416967273,89.7361516199817,56.6566318199802,143.776941835969,124.199224328385,104.815382797588,50.1159098387943,112.271872002368,102.406205883406,92.5731016350158,63.4873824828791,44.8654490388388,28.3267244976363,100.932728851612,61.0805678427528,41.3980403276521,9.98673512196807,110.476549680015,90.395809939703,0,120.9375731268,90.9428833036341,80.9656144565075,31.7433503220509,14.1656189319701,9.98698218746776,92.5706192763573,73.0848086574389,63.4828295455348,36.1563837409533,28.3284783764266,22.3597410338513,114.464336715246,104.804966420159,95.2229053451913,76.4217007535657,67.2852126040486,31.5987603906987,29.9616912410835,31.596601628855,98.8287781043562,56.6508329820055,50.0278166330735
"34100024",208.253070144857,214.280970317821,227.093151127169,233.868202365692,240.882839324358,248.107705749477,167.57804714166,170.852984106519,174.649425864498,188.820467864166,194.349093356292,200.233548417465,206.465818189877,219.715303231404,233.939669756396,155.164177637454,175.039380927137,180.456065584537,186.213125073155,198.801769676266,212.583567702918,227.228452373884,234.874532694043,161.294732732668,172.223481477284,191.37888977854,139.259217882591,143.191277402238,152.748838386248,158.260769600355,164.210155082441,177.216811433642,198.947748564819,129.990372745249,134.194356709951,144.338252936918,150.168058975802,156.422744099979,170.026453440354,192.572437201758,200.53219678092,120.835828349022,130.472930064979,142.313778527501,155.862026011455,170.688296938906,186.51561284602,194.718477492885,203.090956865577,116.68130959462,134.743814094182,148.979532367374,164.432047055238,172.516786241162,206.585546078104,127.512602917259,134.82565086869,142.466805073092,158.557113869311,166.927677609235,175.531783791669,184.172616752025,210.982806618396,113.344850231875,120.674368289829,136.378471871393,144.635756940793,153.11007815381,161.762333848284,170.564704765609,179.503124649362,114.301350247491,148.13817449607,193.864096790073,203.264703538711,134.625463299067,152.87322736916,180.884340741345,190.513987877013,149.233772595075,158.736517053528,168.298844649748,136.556730146263,155.876026541936,124.202804993705,173.359098472398,161.936215855555,171.906208552055,140.963559943323,150.984557366449,171.028703397522,191.081187680434,150.640392921314,160.685522676626,170.730506726037,190.81438082922,171.013849425399,191.839521721489,193.12663223501,161.115804215783,160.176373888764,152.861498127704,151.208263959195,149.859589148313,151.208321976009,143.078754422538,140.236960954169,140.234272965931,133.323280887505,131.422634412707,130.264775938219,130.26788870733,133.334056875537,119.88582265161,120.305500835102,123.618718520887,110.348340792655,109.891028190367,111.717660331601,113.954001258256,104.344903449387,101.900512815984,100.404850179009,107.684984255382,111.824750680946,92.1165782051985,90.4672398723614,98.4841884310648,102.995407364385,108.250948743744,82.3987312070805,80.5431828094469,85.4150497014558,89.4562858153089,94.39683014803,106.457280948075,72.7517133312644,69.9288308481411,70.6440405620854,99.1741154556443,63.2045421097937,60.7691955790609,59.9327301785678,60.7718739302291,63.2145863986683,78.2025773273743,85.0042748896308,92.3983277894278,50.9425831857835,49.9437722857039,50.9430081061633,64.1053781022725,94.6220700006836,44.7135445538389,39.95859939754,44.7223553248786,89.7473010837164,31.6054437804357,36.0783519796041,42.5020857453428,67.3100185982683,85.7639304716259,104.821330750266,28.3325824319998,63.4945327712585,82.800169118541,122.174111304357,14.16525061613,31.7432132531749,120.9375731268,0,30.1308532950936,40.174956699442,90.3910172446249,110.475961591131,120.518444878323,31.7419394588566,51.2012908420081,61.0851326344222,90.9275615093353,100.925415112779,110.921768618498,22.3595984042107,28.3261594921308,36.1512178403223,54.0379922999365,63.4967721922087,112.256787615357,122.151745497152,132.068129595211,42.4825898566222,85.7464677522976,153.577325025549
"34100027",192.391626734976,197.359602070195,208.310263162412,214.268946979049,220.534601293845,227.074655567608,161.124544407946,162.676900212289,164.833117127939,174.652958305234,178.931715747991,183.664855918693,188.843728463347,200.24253647952,212.930070902467,150.202098289009,161.540031055007,165.576698160823,170.060881005373,180.434252612423,192.387027734455,205.534994130102,212.537600929594,148.607300347844,156.562279837443,172.223058794223,131.424440407565,133.331638693228,139.263300869127,143.190148562178,147.703259171889,158.2590298784,177.211386584051,121.559720052017,123.620038695925,129.985266910668,134.191721362062,138.994841057966,150.16498787347,170.023645653311,177.28953009408,111.717121881286,117.011301915643,125.341637532313,136.157840830813,148.895571786873,163.132272161595,170.68700907481,178.491531195873,104.349182554218,116.677697826528,128.223881787479,141.681291403072,148.970637321232,180.793397685426,108.24735320543,114.150421210991,120.597151686076,134.820141614545,142.462212007914,150.453482345639,158.55354098933,184.166123561549,94.3957188185347,100.10248810508,113.341673359182,120.671646393632,128.371228487468,136.375355442197,144.631284523952,153.10647961771,92.32180972723,122.399759453199,166.112062278643,175.274572512281,108.473631561664,125.706578537935,152.777439109552,162.191845059888,121.256753289432,130.47711094961,139.807700798314,108.101057332163,126.983563785259,95.2375852337206,143.773691345619,132.085963521532,142.021080882165,110.928156715216,120.935291771474,140.959394514874,160.998383685648,120.50954147478,130.554672112732,140.599656290113,160.683531005107,140.946244123108,161.904479465973,163.429945566533,167.56076379069,164.830733346894,161.526323210327,158.058977409392,152.855951709979,150.199196346301,152.302046408967,145.530575843431,141.305725795518,143.176777928082,139.250485887722,135.947676581227,131.419821808145,129.87774358827,123.611943911094,121.552505156839,119.883752815602,117.002560837885,113.94277584018,110.349043321729,109.891363385905,116.669859791877,111.813900556038,101.896473372538,100.405539556784,101.90388945096,102.975115999207,92.1205576450005,90.4686914061426,92.1292722571333,94.8290016185237,94.3821932879698,82.3967488893794,79.9167646535794,80.5475588127585,82.4061056366709,89.4550312775493,86.0883975423455,76.1427283037908,72.7499188281578,80.6525385482554,78.1868991797309,72.1519907526309,67.0780677050559,63.2082132177814,60.7672773933585,63.2139686398974,67.08741490721,72.1600718892928,64.0938329770294,58.3263076412289,53.826429348229,50.9455452387246,70.8356308580546,64.1695079576596,50.0426428467449,41.1949896218971,64.1815216384816,36.070035016912,31.6012263254588,29.9654583971894,42.5010711267108,58.4850656069666,76.4323986563644,22.3562699332105,36.1567687902168,54.0490796018276,92.5782528170977,22.4248463484639,9.98752878073116,90.9428833036341,30.1308532950936,0,10.044106018376,60.2601646223656,80.3451093141531,90.3875927790576,9.98607521767055,22.433665205445,31.7457640348609,61.069345355589,71.0058849989359,80.9596227356573,28.3274580070939,22.3560589268534,19.9757515824562,28.3229144974154,36.1624090557985,82.7819756761941,92.5593422903295,102.386968342531,29.9608535096434,58.4723105425557,124.167072029128
"34100028",187.874298297122,192.430360680964,202.651360471859,208.288037877726,214.257477797693,220.526215688705,160.171008581943,161.107114667543,162.664817948669,170.844463268265,174.639318139114,178.922351087868,183.685991163311,194.349660559858,206.422646487962,149.854934083083,158.055413033872,161.555716708206,165.539548450418,175.029918750611,186.245111283293,198.786429390769,205.527954423325,145.514817095212,152.303603563766,166.553556633453,130.256386555439,131.414492896115,135.951642354742,139.249011275148,143.182476836011,152.732287635115,170.527397585837,120.29666925081,121.550815281888,126.43227556859,129.978730258028,134.181896523965,144.329711726057,163.046034096053,170.016793245054,110.342480588818,113.941740655181,120.821634343863,130.47031609096,142.302100896449,155.847162806161,163.121060817642,170.680449783747,101.891769773383,111.809476103364,122.168910085869,134.73624964779,141.671037444471,172.503520980466,102.982597108592,108.242076426631,114.139673837077,127.503150391581,134.81182581094,142.523877949417,150.380515517224,175.46164167843,89.4454233847169,94.3857329483737,106.446331657062,113.333234462931,120.665029081829,128.364095640751,136.365455187638,144.627190433849,86.0915294662152,114.292835496926,157.052122970935,166.107055289329,100.248547893137,116.969381342033,143.587034527476,152.901095597608,112.175087934724,121.253816795031,130.470792569054,98.832893450035,117.487754111221,85.7577975318149,133.963579444474,122.164651463026,132.082440159767,100.927692737516,110.92747287841,130.941461257371,150.974007674734,110.465443673903,120.510575365968,130.555559597375,150.639434838462,130.930329544214,151.943954619672,153.569794293846,170.831811187367,167.553543450444,165.528772835656,161.523519316682,155.139435135426,151.193078066345,156.541371546587,148.608668937673,143.06984740004,147.679010023609,143.172228615351,139.238549123191,133.315223414684,130.254590404163,126.427168587857,123.600229248729,120.293014871008,120.812031816833,116.991107608821,111.701570394945,110.338594223263,122.154474915609,116.663663240786,104.332634080192,99.8906242635654,100.396187703637,108.222158893106,94.8093736664134,89.8982728917922,90.4599826729144,92.1189979032192,100.081689830196,85.3935909105665,80.5346121241051,79.9074997513144,80.5371343988283,85.4048910411166,92.30230135087,80.6388403950048,76.1284924709093,76.1373049909973,84.9815135352341,78.1842624229201,72.1422208343176,67.0706753017359,63.1982835864328,60.7612755588345,63.2048170098557,67.0775977336845,70.8167496523772,64.0872535710252,58.3152203218002,49.9341365015861,64.0969398001005,72.2962588493646,56.6538051387165,44.7084913711298,56.659350824737,42.4827465529876,36.0644744467586,31.5926924810724,36.0723589328011,50.1179326603667,67.3026462651016,28.3197155235393,28.3261853047912,44.8653989800288,82.7962768756349,31.7328293842797,14.1585008478111,80.9656144565075,40.174956699442,10.044106018376,0,50.2160657891405,70.3010107275254,80.3434943421315,14.1698853806582,14.1711894462361,22.440398605735,51.1888157425586,61.0797861198779,71.0046755030076,36.154325426783,28.3334353493717,22.3661313781106,22.3614721538607,28.3459073598358,73.0778635191199,82.7831232409457,92.5591763424409,31.6114766618701,50.118053659277,114.448707841682
"34100033",172.499985487151,174.55977134226,180.245124748045,183.837726921954,187.906664106101,192.419669163237,164.831686569838,162.667760509973,161.108719815497,160.174018801906,161.113793088573,162.673104084705,164.865925577047,170.859102626588,178.922917054561,158.053454568426,149.862795660374,150.230022085575,151.203168059705,155.165322953455,161.57297806028,170.057319390771,175.030750627972,140.253614893873,140.228805960396,145.538347946169,135.945855712794,133.322576307067,130.264589237433,129.876179411822,130.266448607919,133.329540149534,143.184870373903,126.433725365616,123.611109717743,120.298476341371,119.881902105516,120.303311581431,123.616268519945,134.187654313351,138.99256428536,117.00224877869,111.707655515711,109.887460474185,111.718804707728,117.00814876554,125.341737629823,130.468039236083,136.14753947082,104.340728098272,99.8956719315413,101.90305204708,107.679956706482,111.8154924485,134.735818267264,89.9065863136266,90.4694884083874,92.1257473632376,98.4808217571249,102.98812791855,108.33179633212,114.142193176785,134.810815153276,80.5414911566621,79.9145526220146,82.4033315009578,85.4133759940289,89.4520323593706,94.3937475759123,100.097908686617,106.450329040352,69.9251397124314,80.6508662276906,114.291408415247,122.392520942329,67.0862668332514,78.1988350035952,100.168426846209,108.52015421996,70.8305981065419,78.2758413298383,86.2464476477878,56.6616527714145,72.3075029924618,42.4984286378746,85.7567486761025,73.085292136668,82.7921184856066,51.1994963470044,61.0824284622359,80.9616032392296,100.921864974947,60.2493779153036,70.2945100417144,80.3394942481335,100.423369748333,80.9518246295076,102.37799477594,104.779729966235,194.329460113929,188.799673296532,192.326530888727,186.200387729043,175.013246512561,165.535941848031,184.648336042047,172.206344907673,161.310489056275,177.196814819726,170.524025761601,164.187963035208,152.72302936197,143.174949132289,150.148414602459,144.320018608159,134.176338245023,148.879394563727,142.290591437228,130.45667842084,125.328446595314,156.554653875261,148.960249567092,128.203115895012,111.809800187185,107.67272298226,142.443000022889,120.579244955981,102.980486209207,98.4724857449478,94.8190048852686,136.359709005914,113.324463225776,100.089152150364,94.3829250077451,89.4431081345501,82.3993833452603,130.754904350846,114.288917340225,106.514863916986,72.7502340159374,125.692177405379,116.96387628124,108.458183213398,100.240035389761,92.3824685416936,72.1493353902341,67.0785844235695,63.2074612935611,112.170011067106,103.273865973915,94.6038158675103,70.8226548679661,50.9412703050954,117.484548081165,98.8307909903508,80.8645258136063,41.1946717276972,85.7507483592835,76.4231986136447,67.2967330384133,42.4942074213408,31.6018773140027,31.604544063267,73.0858150243397,36.1461850393558,22.3597227937127,36.153552537293,80.9603703350608,61.0845332003035,31.7433503220509,90.3910172446249,60.2601646223656,50.2160657891405,0,20.0849449468626,30.1274285563589,61.0800440264015,41.3936426350943,31.7394799138936,9.98227086786825,14.1616683789704,22.4289858241038,82.787393176958,73.0820752650488,63.4795557954486,44.8642222376715,36.1380036811417,28.3200341298955,36.142204798751,44.8551476708808,67.3013130140006,31.5962655784561,67.281614414359
"34100035",170.151782775233,171.053789060598,174.551637325756,177.124186813779,180.226828667102,183.832810114028,170.841472938102,167.5541109575,164.821056415369,160.170066707073,159.852334885429,160.168381708106,161.147554469701,164.842283667252,170.840390335946,165.535804217566,151.199849996791,150.227203452216,149.858865268221,151.209517056067,155.193555675294,161.532376377341,165.545282923419,143.112888960645,140.22441586603,141.314210171668,143.173559790887,139.242838406027,133.322657264104,131.417379908392,130.262502732699,130.26278546241,135.951105591491,134.174444895246,129.974589608619,123.604487811961,121.549516769145,120.299182193883,120.302835101537,126.440368057627,129.985249330784,125.326802030593,116.998579732199,111.70489476607,109.892497115462,111.710377455058,117.010212986847,120.82741446502,125.33914080052,111.80667727528,101.892456672142,99.8984497084476,101.898731750848,104.343062792348,122.165183280737,92.1203262155806,90.4652377983267,89.9042646869396,92.1249561866138,94.8234277953806,98.5743068917192,102.986181944581,120.585942745317,85.4011905440998,82.3971205031506,79.9127379195958,80.5470376501691,82.4033615522428,85.412797120127,89.449838440852,94.3907960151627,72.7498993307941,72.7549207335932,99.1643578578004,106.524599205058,60.7693742621045,67.0852985694731,84.9263475298149,92.4553138040395,58.3316402633642,64.1022786393822,70.8304694478646,44.7179546469574,56.6616917485874,31.6054886368345,67.3027810069953,54.0426268908888,63.4847432603003,31.7424682403568,41.3975424605174,61.0795924137094,80.9592522303561,40.1644330687523,50.2095657299586,60.2545498536449,80.3384255168842,61.0712172129837,82.7729181925881,85.7276538015466,206.415440631628,200.212436141048,205.515509923946,198.781667519761,186.186801325332,175.016169798085,198.348734537245,184.647149730659,172.201392691609,191.431173925383,184.178908445917,177.19257000518,164.183821919389,152.720995258982,163.034658964933,156.397776894217,144.319083245542,163.108437017565,155.82681639809,142.292631991242,136.13177980619,172.498907305803,164.414536313778,141.661250567093,122.157330342114,116.66497950617,158.533020611282,134.800518117548,114.131471591837,108.231644401889,102.9771655441,153.090088625127,128.351959158293,113.324082825025,106.437967921439,100.086804629705,89.4412998720156,148.119151216087,130.756780333388,122.380713019111,80.6395260694189,143.669079802399,134.607951387475,125.691378753784,116.959840651224,108.454843954363,84.9869823273982,78.1873663306158,72.1483005257829,130.463106164352,121.245693599315,112.166390939179,86.2359573233077,58.3231506465628,136.54534934969,117.483610641701,98.8278546637733,50.0365015524114,104.8061553937,95.2273865256981,85.7495605233544,58.476490808701,42.4901405101368,31.6001887784241,92.5698343346665,54.0385151818887,36.1494513339525,22.359452608296,100.922933861083,80.9662637139718,14.1656189319701,110.475961591131,80.3451093141531,70.3010107275254,20.0849449468626,0,10.0424836167011,80.9608959653678,61.0773118272568,51.1948585062374,22.4380258232959,14.1628595081849,9.98779488447114,102.392629872763,92.5643194040608,82.7848347559385,63.4812878834486,54.027227674511,19.970808370022,22.3544824426022,28.3214725702132,85.7523062754612,42.4852144011315,50.104041652459
"34100036",169.858652359045,170.165159544042,172.51347330583,174.539253513108,177.117889636899,180.226878480998,174.637085958751,170.832697971214,167.55178792012,161.110077466944,160.165432830641,159.850666908223,160.203164446869,162.682789314606,167.557726076236,170.045129240384,152.857128032537,151.22971729435,150.193069675095,150.203115303391,152.896314596694,158.056804934685,161.532088415764,145.564579225149,141.297230094186,140.237259667226,147.682087667926,143.171336854898,135.943365638716,133.321094561944,131.417042344602,129.872397895089,133.325666696209,138.975035318276,134.174769880005,126.427343309397,123.605108394903,121.548454327219,119.880344985874,123.613170363939,126.441330420418,130.453346582471,120.815266726991,113.938471005849,110.347732929676,110.344846724988,113.949264413032,117.006695595525,120.827973433494,116.662887417573,104.336758761856,100.399485559544,100.400013137378,101.894463071966,116.671540649562,94.8169435734113,92.1205332818744,90.461075981257,90.4648687105268,92.122546022497,94.9213821452391,98.4765300343594,114.136288499781,89.4382044046886,85.401249425266,80.5389757562066,79.9163807015368,80.5434672207722,82.4047390600478,85.4091707601321,89.4494760837552,76.1358434820473,70.6416533802301,92.3130392820803,99.1659012705014,59.9307297829342,63.2117653421402,78.1311043083461,85.0662391773891,53.8328638630471,58.332606309175,64.0999332823181,41.1929430389656,50.0421804542441,29.9646726083015,58.4804655302424,44.863668957324,54.0441648449717,22.4331136807512,31.7437456807875,51.1981054297825,71.00387734307,30.1219494907381,40.1670825092044,50.2120665404028,70.2959422646485,51.1906678715675,73.0680480353186,76.4000789331853,212.912362611315,206.415874697496,212.515484283483,205.520256104078,192.317731002244,180.409410710312,205.5929611527,191.355639417763,178.247245632357,198.927429585727,191.432024175151,184.17275194275,170.513825361994,158.236075318757,170.002380419631,163.030350959293,150.143210498722,170.665272960382,163.102169675984,148.875604643591,142.291288122759,180.7809590482,172.500019933673,148.951233512474,128.201124089996,122.155606490982,166.903248678982,142.441961229548,120.578265972123,114.128599006595,108.230041711856,161.742057735837,136.355183217322,120.65329185255,113.32302253295,106.436045829116,94.3790416725499,157.044935729635,139.34717277526,130.749606141894,86.0837347266339,152.85466566939,143.670735645766,134.604972634683,125.69000474056,116.95735311846,92.3797581348257,84.986647058114,78.1861633539085,139.794400522792,130.463130466515,121.241925325713,94.6024956359766,64.0895728629727,146.17875789691,126.974112452421,108.090104896963,56.653019934474,114.466072664542,104.807975623562,95.2241409352456,67.2974883003385,50.1134621208736,36.0695743780067,102.399056503092,63.4786661921778,44.8638822030527,19.9737173090444,110.9208381846,90.9406867912964,9.98698218746776,120.518444878323,90.3875927790576,80.3434943421315,30.1274285563589,10.0424836167011,0,90.9349236180902,71.0034222511903,61.0755151851358,31.7477482864131,22.4309632872076,14.165055506492,112.258791812997,102.392730980216,92.5618844569545,73.081785487242,63.4662889532083,22.3555809671848,19.9747090720378,22.3539819878744,95.2259381549178,50.1084092581774,42.4822034022487
"34101027",201.261863146823,206.016280079199,216.528520190611,222.266305428888,228.312013684615,234.635170607787,171.036937905887,172.499571192946,174.534254292334,183.836381068833,187.905741975194,192.418010089872,197.368919261228,208.3000323812,220.523170605321,160.167095207328,170.84435170573,174.66765284138,178.922094484719,188.809192029047,200.263209633403,212.923427140311,219.690336624914,158.042939905076,165.543492266908,180.426308669827,141.301062228281,143.076524354142,148.619652958397,152.305114534781,156.555524510767,166.550536929952,184.652894730359,131.418443734096,133.326458650134,139.247996793174,143.182530884912,147.693299423953,158.250165795509,177.204056679732,184.186674412143,121.553237732547,126.435702268503,134.181711625011,144.336879597169,156.408930191358,170.017043830875,177.278174080914,184.804266528951,113.945566008682,125.332878291215,136.146734116897,148.888917572728,155.840918675656,186.493673961806,116.673168335858,122.169651670156,128.213227641689,141.673032062134,148.963462152187,156.629507706778,164.418868729216,189.237815428807,102.986331725876,108.240849459514,120.589121176207,127.503116715882,134.812472641935,142.454944042381,150.376905906321,158.544736176502,100.096837689577,128.364253337162,170.552413705427,179.488192813305,114.292420883737,130.759968966676,156.960149339315,166.143364858329,125.69686303466,134.612993501985,143.67463509053,112.173281928334,130.466860265828,98.8327874767572,146.177602907212,133.956112925141,143.762204257203,112.265447273659,122.162470970068,142.01243171505,161.92014395093,120.919274841061,130.931912032602,140.949639214897,160.988896410638,140.587811930536,160.973173773137,161.892403417367,177.112983699173,174.532620428259,170.831669660684,167.557413919708,162.658088524004,160.164390195739,161.520983193521,155.153090473747,151.197140352813,152.292624126235,148.60787054528,145.517635731664,141.296946296719,139.863818636054,133.31909716205,131.411781823337,129.869827895483,126.427976627653,123.601807703499,120.297224843559,119.877438453309,125.326331212733,120.81902322829,111.704099478235,110.345844100103,111.710867673389,111.799055342895,101.889771591965,100.398945433452,101.897775216308,104.344852976281,102.974203493167,92.1138615646096,89.9028397120527,90.4640041080977,92.1225006814614,98.4780016001478,94.3790108136875,85.405104051452,82.3941746199727,89.4482721529921,86.0798179507449,80.6386413241233,76.1323815603319,72.7461337755905,70.6355297399483,72.7508729983233,76.1405397416523,80.6454035891574,72.1468806450261,67.0755455161217,63.2014163967004,60.7671180334717,78.1966808972767,70.8181685245017,58.3267573994305,50.9381832178178,70.8292330430174,44.7124104416803,41.1923478636628,39.9515333028016,50.0452138836276,64.1757209190941,80.8689205135327,31.5985969301969,42.4960670193931,58.479571499745,95.2308123380841,28.3184948757381,19.9736039939957,92.5706192763573,31.7419394588566,9.98607521767055,14.1698853806582,61.0800440264015,80.9608959653678,90.9349236180902,0,20.0869412861709,30.1314108590778,60.2459882508178,70.2979283816668,80.3387056284746,22.4316532342574,14.1635503802229,9.98967642269144,22.4276506973081,31.7548331943792,80.9525486407038,90.9259265083873,100.912285415144,19.9747791988162,54.0390672928056,122.13901488434
"34101029",193.079909356123,197.000192849517,206.015923264699,211.085110578024,216.511133021537,222.262660313621,169.851210925253,170.141447151637,171.027926337682,177.123676748216,180.227314397738,183.832040426359,187.937123255932,197.350117966505,208.28208396149,160.16634035625,164.829164927993,167.589441055757,170.840952052051,178.927624065177,188.845487058473,200.218792163275,206.424896709703,152.860057227473,158.056098167978,170.059186757184,139.86406956168,140.225108872059,143.081481755914,145.526460100177,148.616811188257,156.553414361536,172.2080633028,129.871930754148,130.262059388186,133.322294365021,135.949590031378,139.250537604534,147.692964847107,164.195894349662,170.528862159185,119.879656385932,121.550926266918,126.43554469895,134.189426658216,144.327284581198,156.412455389582,163.043197399865,170.013232230432,110.344933309232,117.00339250235,125.338941572656,136.14202125171,142.300669388525,170.67110380705,107.676268201629,111.81771649661,116.673728906478,128.211546441927,134.734609991576,141.747129870357,148.961624135991,172.499630549428,94.8225052238023,98.4767980762736,108.240636948636,114.140023834589,120.588256382013,127.502985859772,134.808335141744,142.452558459895,89.4489257335625,113.334188226559,153.093100210128,161.746275144632,99.1653027188808,114.289608685332,139.261260610318,148.16671345861,108.46172350826,116.966868671093,125.695903364539,94.6084168165703,112.171500854648,80.8677048036346,126.972458444942,114.464756977888,124.185759904911,92.5672221882985,102.397687083443,122.156901794729,142.007296004919,100.914223968011,110.913584371858,120.921099283079,140.945694455288,120.500871516639,140.930897024925,141.981502627765,183.823825702855,180.222328786711,178.911868485374,174.636409852279,167.547824571031,162.664637342118,170.044517757922,161.526572958451,155.150052554618,161.304552139925,156.545883138005,152.294926827091,145.518329704849,141.298225333627,139.242855744471,135.940599442145,131.413793245308,134.172449795517,129.967965727858,123.606082291177,121.548308831153,136.133250140538,130.457792801478,116.998126213288,110.34464719978,109.887808445536,122.150748425387,107.667484769229,100.398043109197,99.8958370785899,100.400305262895,114.128928652965,98.4669838202349,92.1191402974435,90.4627196040601,89.9036939850225,92.1234980287851,106.437845447712,94.3848761951708,89.4397795926711,82.4010065980852,99.1527001696797,92.3067833124235,86.0839240707035,80.6390388726504,76.1339835421076,69.9206406414111,70.6400254309499,72.7511966166552,84.9879368597229,78.1881066743451,72.1458160515239,60.7658715026656,67.0834307324549,86.2357533416801,70.8249927305146,58.3248153529103,58.3300385482109,56.653933997122,50.0384585064127,44.7158642216958,41.1993758105105,50.0429502470399,64.1752666567615,42.4909026065501,31.6027524774416,42.4947981416855,76.4246798618286,44.8585113019224,28.3296862645313,73.0848086574389,51.2012908420081,22.433665205445,14.1711894462361,41.3936426350943,61.0773118272568,71.0034222511903,20.0869412861709,0,10.0444700600346,40.1590469692852,50.2109871663786,60.2517645212375,41.3937513056994,31.7410680112185,22.4311083484902,9.98408004703155,14.1747204461357,61.0695772541131,70.9951954050911,80.9487557023718,28.3331785076349,36.1452579857474,102.376037709747
"34101030",189.6586401243,193.121804566272,201.308896594241,206.004711995556,211.083180024434,216.512988330951,170.150514651807,169.846874615247,170.142728673936,174.542405333079,177.122236604418,180.229594063845,183.866804240753,192.431325054324,202.633975583594,161.111611128501,162.673904817687,164.859430838741,167.562117895962,174.647706270065,183.697700291105,194.336585659512,200.221050811183,151.20905024121,155.157653611781,165.550385176391,140.226955393587,139.867125967555,141.3087469272,143.080672316853,145.530668599941,152.307036018522,166.548900037075,130.262278559483,129.876484081172,131.418324415256,133.327885051858,135.951829203617,143.184171652776,158.250387417489,164.198477537384,120.302203386107,120.301391770547,123.612261343035,129.988585529949,138.985708270911,150.158924850625,156.410187393692,163.045134959626,109.889200656186,113.946879347721,120.831015741073,130.465724976858,136.140699378149,163.114003447498,104.346769816678,107.681776482735,111.817158071586,122.167470960987,128.211778164027,134.815230632017,141.67116738925,164.413508301877,92.1255207484736,94.8245822953916,102.987220035795,108.243048092488,114.141281464575,120.589940077938,127.500689764529,134.810838869777,85.4115167656262,106.44874999876,144.620718913576,153.093859368746,92.3161644752744,106.522599112495,130.672187392586,139.395662776605,100.244556341319,108.463943326151,116.965179194423,86.2412663185459,103.274765589905,72.3063912561628,117.480879825839,104.803583767743,114.463920558504,82.7881390216077,92.5671651653126,112.259710595743,132.070233103755,90.9246660436616,100.914029523682,110.91409846823,130.928414951521,110.456401478435,130.913602438506,132.044478358948,187.899702491318,183.82953571236,183.64751924167,178.921787256753,170.831727649503,164.824804281521,175.020227692737,165.541103435321,158.053242450385,166.541387605705,161.31202167547,156.546170569153,148.609220282245,143.075281455473,143.176660480221,139.244063481037,133.322612168269,138.978379865418,134.173104427911,126.434019689195,123.609239116803,142.29776722733,136.138979891922,120.819972198046,111.71067636467,110.348460524601,128.199877771866,111.808421223721,101.89735630923,100.402010864643,99.8987606664228,120.580754870861,102.978258165283,94.8208135297188,92.1233430563837,90.4656650217426,90.4677435010885,113.327818452466,100.095315484446,94.3828478250124,80.545530407175,106.514399821893,99.160456326915,92.3084563882994,86.0884415141701,80.6418250674215,70.6410422243218,69.9247199193119,70.6426347248582,92.3852939941754,84.9922950140727,78.1887661288531,63.2101238305638,63.2134767837395,94.6068286646179,78.2711623607734,64.0967824521925,53.8344706372921,64.1710129279154,56.6600614351588,50.041747998118,39.959194896869,44.7220268158541,56.6625265720617,50.1188692743738,29.9663873518965,36.0774559989269,67.3005538297513,54.0400470908113,36.1553651982558,63.4828295455348,61.0851326344222,31.7457640348609,22.440398605735,31.7394799138936,51.1948585062374,61.0755151851358,30.1314108590778,10.0444700600346,0,30.1145780228083,40.1665176057345,50.2072947726198,51.1977716537191,41.3951372837947,31.7400759010685,14.1626361813877,9.98681284487563,51.1861227871291,61.0666138286253,70.9915737604229,36.1549121574897,28.3201145553175,92.54506668794
"34101033",182.339414716852,184.29025032976,189.68437678242,193.101345638108,196.979030448297,201.289144179969,174.527425554256,172.485417535446,171.016456367509,170.138298753164,171.023674206725,172.493920518996,174.565978133937,180.236432093293,187.898136270018,167.545068847668,159.845062720311,160.19191724221,161.103462141573,164.829374934184,170.877166095822,178.920028084958,183.653962926899,150.210848495118,150.18769539721,155.159332275696,145.509208862876,143.062204764901,140.218614658441,139.858446436642,140.221726280754,143.072973274397,152.300644654264,135.932525401985,133.312161081227,130.247836053852,129.864169408215,130.254048429138,133.321430344754,143.1796510336,147.69294934706,126.420719791253,121.538830191428,119.869727718286,121.552900760899,126.43241325708,134.183238480044,138.984214919003,144.329564021377,113.931449297715,109.877938932502,111.708197976334,117.003263260376,120.820483145021,142.299754399368,99.8888533943187,100.397007207475,101.892655253588,107.674517501917,111.812402088012,116.762291768773,122.16447075175,141.668453707207,90.453398718138,89.8968199065541,92.1183607391421,94.8219474948387,98.4760457044547,102.986719973457,108.239477688971,114.140160646677,79.9074070144683,89.4480891530687,120.662918638465,128.363341632519,76.140124048002,86.0939181273426,106.447960353076,114.351384464146,78.1961507960025,84.9995974245542,92.3925289273792,64.0977092464051,78.2731036575143,50.0460491993226,89.74080675747,76.4262916293513,85.75768618409,54.0496251215791,63.4914939469044,82.7955908545043,102.400154727566,61.0800769507158,71.0078344955099,80.965470201161,100.926136187859,80.341828124281,100.914506037239,102.380980664488,202.613623168235,197.31698340173,200.194758155759,194.31788621039,183.627061041866,174.619786306876,192.312064872036,180.401516316947,170.033029102267,184.6294659752,178.236335202544,172.185123947245,161.291483124119,152.283387208576,158.225710178442,152.706729492126,143.160488123826,156.384349927787,150.126258661154,138.963424005762,134.161689188768,163.095891311808,155.821678125218,136.118068243036,120.807130754275,116.989758366607,148.934825947709,128.187085825265,111.796320504129,107.659335048744,104.329172089084,142.429444044586,120.563222783436,108.219869123127,102.966548813428,98.4595438638667,92.1105248402457,136.343635435952,120.645698261516,113.309550722648,82.3881743847626,130.735198334263,122.368836557675,114.267368037869,106.499983137248,99.1411869045633,80.6274387657211,76.1252193755503,72.7387014888108,116.945443687848,108.443136359147,100.222491184092,78.175519381328,60.7579974736365,121.230638160921,103.259826686038,86.2242750567275,50.9320967641272,89.7163128265273,80.8494419724025,72.2861186764665,50.0301940488069,41.1866712796186,41.1937330928447,76.4083245873882,42.4771345518127,31.5948644908496,42.4982875841779,82.7735539970905,63.4735920587429,36.1563837409533,90.9275615093353,61.069345355589,51.1888157425586,9.98227086786825,22.4380258232959,31.7477482864131,60.2459882508178,40.1590469692852,30.1145780228083,0,10.0519417824704,20.0927195125268,80.9476161713293,70.993792287998,61.0656965677513,41.3858068999235,31.7185467335119,22.4360366968466,31.7447513144005,41.3962139842024,63.4781929300203,22.3527422467198,63.4776677138913
"34101034",180.956477244638,182.364296081223,186.733655219033,189.672299199341,193.095987238852,196.978773094491,177.114795284535,174.525019682945,172.488808900943,169.842894659724,170.137187597993,171.025300863313,172.53052916702,177.128428378022,183.823485376888,170.831019248264,160.162515154566,159.878557152377,160.162102767664,162.672340667885,167.594072372906,174.636079985485,178.919253585775,151.224495893718,149.852522939967,152.866080753792,148.602032836029,145.514154832468,141.296334323615,140.220918027264,139.86276805563,141.298547254588,148.609882154163,139.2377859275,135.939861397179,131.407598382937,130.253992352064,129.867319837424,131.415427754584,139.247158353851,143.180199708436,129.967786367659,123.600659943482,120.291870914205,120.301188162401,123.606452082866,129.978557747235,134.178842856593,138.983370165129,116.994730792835,110.338426219896,110.344980019705,113.94352920505,116.999817544854,136.134972389664,100.394878674738,99.8941997338824,100.396263331226,104.341604764985,107.672589317753,111.90490946085,116.668505281904,134.727159634626,92.1141615855832,90.4583171440236,90.4603304171577,92.1228044870236,94.8202662855265,98.4768166328136,102.981890500987,108.237717617373,80.5383438412469,85.4065135307405,113.327216856833,120.659573921873,72.7500170408942,80.6445382442668,99.0892051354349,106.582569901169,72.1530134940629,78.1943335583671,84.9933286658951,58.3251803744273,70.8245509354209,44.7197303979795,80.8642847760185,67.2946312205098,76.4205183463793,44.864076780048,54.0430523844702,73.0809938042192,92.5621614472155,51.1901943098275,61.0723052800311,71.0012535540462,90.9290467470905,70.2898864127397,90.917261236731,92.5428202003227,208.270246156365,202.6232169182,206.407701747824,200.209052306119,188.782669154928,178.907781573593,198.771456957911,186.189821348994,175.01182435682,191.348136959905,184.640706241579,178.240202706599,166.531235548439,156.537124046801,164.180011354999,158.230765728307,147.677101464014,163.026527107389,156.388404289559,144.313271655943,138.97068303522,170.662747933464,163.10715016839,142.286833862058,125.322611445185,120.81376475607,156.540461469805,134.719132881888,116.660837870016,111.80249288578,107.665438174681,150.364062327755,127.486131417439,114.125977547602,108.228068258089,102.973258140944,94.8133430175365,144.612004786743,128.353095741752,120.648734914581,85.3989597926042,139.336221309077,130.748105198952,122.376351525389,114.276823309551,106.507868651825,86.0803407960648,80.6358017340694,76.1317545836138,125.686018143475,116.956056540936,108.449790863766,84.984323221109,63.2027336605412,130.458701416273,112.166149874955,94.60125252619,53.824647307042,98.8207319128569,89.7288530596353,80.8574080644278,56.6558757959023,44.7137984002392,39.9502138414695,85.7480974238853,50.1102477060037,36.0720098691115,36.0737632866952,92.5618214039343,73.0850538133776,28.3284783764266,100.925415112779,71.0058849989359,61.0797861198779,14.1616683789704,14.1628595081849,22.4309632872076,70.2979283816668,50.2109871663786,40.1665176057345,10.0519417824704,0,10.0407778060126,90.9304335339597,80.9573254507451,71.0003874661363,51.1970835026868,41.3785879891652,14.1583658127023,22.4265560020811,31.7333675120647,73.0862605206011,28.3223550535035,54.0283435404075
"34101035",180.123441370763,180.976312876402,184.285245621037,186.723204929056,189.668472446296,193.098229369164,180.220904504761,177.107496838084,174.524193434841,170.139337851534,169.840129769531,170.137651570674,171.061908353864,174.545489929458,180.219937495753,174.628277866425,161.104474462613,160.193985714319,159.846660150423,161.114209813033,164.860305719958,170.839025553471,174.6381206011,152.889646433838,150.188252514984,151.207240066656,152.290557906625,148.601426790682,143.06969318258,141.295929476372,140.222653934038,140.222927536492,145.52239344435,143.16747414222,139.239501999277,133.312951929052,131.410254796874,130.254755153918,130.25840100815,135.947152844895,139.25033157618,134.169097637937,126.425083993509,121.543030882367,119.880291985197,121.548524371712,126.436731930715,129.977204725546,134.181659172553,120.812731782118,111.701411640206,109.886244586886,111.707742397933,113.941552770321,130.458769469068,101.890867764901,100.397391677813,99.8920595688531,101.895560405203,104.341506825337,107.771049611582,111.811275618466,128.204431766802,94.8119332458796,92.1155948140798,89.9005328020309,90.4654635250729,92.1218662632875,94.8236817539038,98.4754161096183,102.984016931497,82.3953909474744,82.4004018076852,106.442188656797,113.330956253578,70.6389859045623,76.1408153218977,92.2461218035657,99.2312927819088,67.0821667682265,72.1563633138727,78.1942545595184,53.8283371353495,64.0964640196876,41.1978941835457,72.3044880466954,58.4743940295384,67.2988314338206,36.150988743953,44.866944363763,63.4815828913989,82.7860020471636,41.3888973788892,51.1928641273376,61.0765247863377,80.9564067365561,60.2491086196084,80.9448605417862,82.7673088408499,214.241067903036,208.271680948459,212.905326736605,206.413306936705,194.313943543068,183.639269782142,205.510667918145,192.321141913146,180.405999376516,198.339607373615,191.350031388436,184.635565894029,172.190825757581,161.298726870244,170.510733135643,164.17662086755,152.715204011703,169.994647676815,163.02130226729,150.13803203397,144.312813310457,178.465166070323,170.664149609565,148.87039079235,130.450218870822,125.322228173783,164.399059812941,141.654631432876,122.152494449648,116.659477982793,111.802114145663,158.528846573488,134.794098190971,120.573207112097,114.125827510353,108.22712919008,98.4664885999405,153.083487175369,136.356061476569,128.346134491588,89.4374042398894,148.109377563604,139.3382244134,130.745075100837,122.375348117537,114.274621377725,92.3003304434955,86.0809214473542,80.6356169733186,134.598995843541,125.685818266824,116.952089663946,92.3772489738754,67.0733298761817,139.789365268255,121.240817445432,103.266907311195,58.3209939100287,108.082169883547,98.8221847081123,89.7257184727533,64.1683376426599,50.0357226552326,41.1926203521367,95.2218402253788,58.4689870258222,42.4905670617841,31.6026800214365,102.389894660907,82.7899256648784,22.3597410338513,110.921768618498,80.9596227356573,71.0046755030076,22.4289858241038,9.98779488447114,14.165055506492,80.3387056284746,60.2517645212375,50.2072947726198,20.0927195125268,10.0407778060126,0,100.916037820328,90.9294147342257,80.9531649879625,61.0759377029771,51.179155468268,9.9830134870867,14.1602771199109,22.4261618832476,82.7893739293209,36.1406443211299,44.8526287842506
"34102025",219.620593551873,224.892761532618,236.276254965177,242.378130328242,248.746486350008,255.353883578527,184.280254962922,186.722315426323,189.670378237221,201.294691460078,205.99941478032,211.081763076,216.539905103758,228.321742523868,241.203001841849,172.497384852,187.904283519029,192.439392202205,197.333139217208,208.286698410526,220.564677833988,233.848103773906,240.865055204445,174.616093409192,183.653848630601,200.22021092174,155.151729960688,158.052642908268,165.544777615471,170.051050671282,175.025171582693,186.199758411203,205.519803911202,145.523955488864,148.613384709407,156.547466661614,161.313482300524,166.546176344999,178.253915861155,198.351100519494,205.596975082816,135.947993436077,143.177163994512,152.727240483519,164.199289585575,177.196610789287,191.436406050583,198.929523645727,206.643416350559,129.976706338844,144.323419115985,156.410345751817,170.008746777625,177.27059255422,208.64311753176,136.138905721707,142.303453362447,148.885598019799,163.114691134146,170.671342270256,178.541620448623,186.491385099954,211.580965079113,122.164600434083,128.208769179873,141.669129134558,148.958997268774,156.555688146489,164.414398082389,172.496928681579,180.781507358671,120.585990851741,150.375610909222,192.977593431805,201.91984165619,136.363168093591,153.091626296578,179.391801286448,188.567799275716,148.116831283585,157.044643574721,166.096517400851,134.604932166764,152.85268752395,121.245309046495,168.276286586783,155.852031598605,165.579507787591,133.950864115929,143.757774453692,163.45188030827,183.230712721027,141.999782213388,151.95011651832,161.913078083176,181.859473370168,160.978089206632,180.741947154993,181.009191143021,182.341684368157,180.955415256179,174.526091146551,172.496596487739,170.131598405026,170.138798611271,164.818322429701,161.109879379549,159.848968459751,155.142791332817,152.854284030015,151.193316446764,149.854586229949,151.197874323789,140.221407692366,139.860056613531,141.298343714561,131.410619541643,130.253712248081,130.258241721544,131.415200076725,126.429496293484,123.606365940777,119.87574492212,123.610071805083,126.436572342384,113.932728254222,109.882539020489,113.9446824274,117.005658436955,120.824490629899,104.33484292364,99.8891824521272,101.89574868375,104.343378725142,107.675012672287,116.672049859258,94.8152170048343,90.4638823418117,89.9007932165862,108.238748483621,85.3965050066258,82.3957880247141,80.5369161748163,79.9105204021811,80.539749143201,89.4457499701766,94.3860338162185,100.092356599495,72.7471017040031,70.6369549063022,69.917260351446,76.1398102580289,99.1630873162737,67.0731429573713,60.7697441796593,60.7662366972914,92.3880396511698,49.9403601113772,50.941509627577,53.832782953622,70.8285285440195,86.2408279458806,103.274153740319,41.1954990931717,64.1746112828413,80.864206340883,117.479975782574,29.9581281489334,36.0724781607462,114.464336715246,22.3595984042107,28.3274580070939,36.154325426783,82.787393176958,102.392629872763,112.258791812997,22.4316532342574,41.3937513056994,51.1977716537191,80.9476161713293,90.9304335339597,100.916037820328,0,10.0407083400941,20.0852452768807,40.164916390667,50.2244085603809,100.415581900147,110.456541046067,120.497437585886,22.4189523608975,70.9992784442693,140.928180423573
"34102026",214.742327546749,219.668605948851,230.434182252593,236.260408726202,242.373122795031,248.744327457844,182.348969329241,184.269680614865,186.716804320405,196.983099644981,201.287773847282,205.996791630579,211.108791989181,222.271145489113,234.625304964228,171.024283319588,183.828161910507,187.925599314176,192.409910961165,202.6351269708,214.294352166275,227.057901846918,233.847151776654,170.820024536367,178.918337866255,194.334822252701,152.854084483517,155.148682609054,161.529611608166,165.536859235943,170.050188503073,180.416172463195,198.778047816598,143.07202584264,145.52164313507,152.296131079786,156.547779522635,161.310333565292,172.204261653703,191.357327898897,198.350223739827,133.320500528553,139.243152243105,147.685338913388,158.250084067036,170.519501646438,184.180593112941,191.43102759862,198.928661798011,126.431138752374,138.977784296209,150.153606678186,163.03803924583,170.004468074468,200.503478149903,130.458893796351,136.140228028232,142.29911694822,155.836581673196,163.112149723451,170.73986470808,178.472295520561,203.062983648137,116.66939018895,122.161111320228,134.731025799218,141.666666576375,148.958085945625,156.554188402918,164.409855483173,172.497912928447,114.135890932565,142.449370229272,184.148523417601,192.977307052061,128.358230272931,144.618633124002,170.457374310959,179.52281285719,139.342580904847,148.118219222099,157.042443042921,125.690617978953,143.666855630807,112.169519695627,158.713524693341,146.167363431337,155.852386135106,124.183276011038,133.952355178856,153.590832140443,173.33150774202,132.065442229272,142.001620526549,151.953115874059,171.882109524189,150.957509566744,170.701242299103,170.985159815607,184.264078716802,182.339811669562,177.104670013488,174.528025985732,171.014438243281,169.837451593925,167.546828989572,162.663704462002,160.159894598636,158.038748926397,155.143627849039,152.848321094002,150.186187850542,150.188778609089,141.292249164102,140.215707905907,140.218576433713,133.311906392331,131.40556540953,129.865690207874,130.253871981077,129.966932858097,126.427001882718,120.291256561414,121.547904087012,123.607612718436,116.986790718863,110.336163070847,111.704865825562,113.943256686545,117.002259073406,107.661870063,100.388536410167,100.395104198225,101.893101221578,104.339836360223,111.811089698129,98.4646757435999,92.1174090393315,90.4555713458844,102.981252422892,89.4314609180833,85.3976443463866,82.3900253427976,80.5347317174133,79.9063990534636,85.4030853939082,89.4434734421886,94.3830374606394,76.1304766551888,72.7432442758285,70.6303915658979,72.7481085480055,92.3112180023465,72.1413423460257,63.2062185299119,59.9263491157265,84.9927830344184,50.9353954566101,49.9374778405128,50.9402632885884,64.0977961029119,78.2680734678761,94.6072184401602,39.9483976298776,56.6596170770789,72.3023226900852,108.089356009448,31.5914463827248,31.5990899191906,104.804966420159,28.3261594921308,22.3560589268534,28.3334353493717,73.0820752650488,92.5643194040608,102.392730980216,14.1635503802229,31.7410680112185,41.3951372837947,70.993792287998,80.9573254507451,90.9294147342257,10.0407083400941,0,10.0445379737768,30.12420864743,40.1837016732796,90.3748751862914,100.415834724618,110.456731407681,14.1564324662841,61.0754644514327,130.915182467381
"34102027",210.234771625227,214.790807403302,224.892093821818,230.420971539152,236.257466285753,242.373145234469,180.960841484807,182.343290226221,184.269012081606,193.102279655018,196.979846619047,201.288478629886,206.027772476783,216.520394184038,228.302431123802,170.138068150645,180.224527774873,183.854234226169,187.898748600254,197.336379212911,208.322378624817,220.518351898514,227.058641032443,167.545366734301,174.636538214971,188.803590821598,151.19542848456,152.855772223083,158.056005998653,161.525881165039,165.539457828846,175.021358719805,192.326906936036,141.298400414848,143.074569984809,148.607311847375,152.300089765375,156.548024349583,166.543892903457,184.64716345155,191.358066190859,131.415298643149,135.943306203796,143.175160304309,152.733216318124,164.187916039833,177.198870899078,184.176545413665,191.431254019837,123.60681852419,134.175604379413,144.327938972903,156.404013572202,163.035220807431,192.544381212267,125.330811174601,130.462797239095,136.138054700237,148.882294953473,155.835241458711,163.184556696962,170.668428466089,194.690634837857,111.811551465495,116.668882690779,128.20703910625,134.730536435424,141.666769657386,148.957681621138,156.550282979956,164.411099910234,108.237418106599,134.806640713628,175.449790819371,184.147782875345,120.65950612802,136.359295630262,161.652681965142,170.588875031424,130.750881600312,139.343444953034,148.115258089963,116.958985835503,134.602607422147,103.272244977908,149.212101715281,136.532355767288,146.165748016147,114.460946077419,124.182374943952,143.752249482425,163.446976039862,122.145769613979,132.064266720836,142.001637189243,161.909567382995,140.936428352984,160.656704570944,160.958980519546,186.714476368968,184.268713355489,180.21378871963,177.11337864299,172.485136412895,170.135716803278,170.830075619919,164.822719067488,161.103995688625,161.515315204903,158.046106883232,155.14392057632,151.192154480115,149.853494550952,143.068485428801,141.292648049418,139.859503866994,135.937359090457,133.312889206636,130.254912819263,129.867114408631,134.171556476487,129.971457717458,121.544590863378,120.297191171756,121.550311009,120.807973366374,111.701160129553,110.3427223004,111.708027023034,113.944278683996,111.801995615864,101.886829344277,99.8925156725862,100.397683708437,101.894283372526,107.673900249145,102.974864358724,94.8184032646173,92.1151487411428,98.4739593895828,94.3739711709708,89.4394189975668,85.3986003976023,82.3941811406843,80.5365965845674,82.3973923946565,85.4047305923188,89.4437263706646,80.6374099192597,76.1336757306763,72.7431161348977,70.6381828804439,86.0903311395104,78.1839104321029,67.0799550394781,60.7640949236287,78.1921400271246,53.8257871539955,50.9393264752847,49.9412091820338,58.3302296850477,70.8250624104773,86.2393991205989,41.1934624848409,50.0415567552107,64.1715801861587,98.8257297717941,36.0654980329685,29.9632803593054,95.2229053451913,36.1512178403223,19.9757515824562,22.3661313781106,63.4795557954486,82.7848347559385,92.5618844569545,9.98967642269144,22.4311083484902,31.7400759010685,61.0656965677513,71.0003874661363,80.9531649879625,20.0852452768807,10.0445379737768,0,20.0796711242211,30.139163710887,80.3303372228402,90.3712967536348,100.412193443985,9.98510731822451,51.1922360050464,120.902427494883
"34102029",202.413304129832,206.156671173339,214.787822938513,219.654210081628,224.873209274426,230.416108853454,179.83529055321,180.109221851752,180.946956811565,186.719790409623,189.666352414186,193.094973557589,197.008993979796,206.006690508794,216.501151497492,170.131707127775,174.529431502192,177.140431481073,180.217971110625,187.902032804104,197.370473367217,208.277289387237,214.250012991439,162.661697879772,167.553091201734,178.921011760577,149.848149166587,150.185419614216,152.856392763601,155.147416507644,158.049946801534,165.534885372836,180.411809152318,139.856010409976,140.218716325794,143.066216941444,145.518014859226,148.606690860964,156.545557720711,172.202092488383,178.25090366559,129.863736050233,131.408425145583,135.939606633764,143.180381774287,152.722252434145,164.190706174627,170.519096456349,177.195311509943,120.291226473129,126.42746769852,134.179372738983,144.322116729626,150.145369385005,177.264501679709,116.999249948713,120.821868160474,125.329343560844,136.135678088214,142.295817725171,148.959600125415,155.833803046089,178.467094595278,104.337808484581,107.669873551571,116.667070992483,122.160639440775,128.205872088744,134.730402663683,141.663325101455,148.955980426105,98.4721316500093,120.583369677602,158.533842989603,166.905284992575,106.442234485848,120.657875915266,144.53286757724,153.138549858201,114.283299264626,122.384498135581,130.7521029675,100.239303175409,116.959825130303,86.2403534636622,130.459435509813,117.474657063448,126.966030080417,95.2237555874875,104.805152796567,124.181393553217,143.752130520059,102.387277393564,112.254754236881,122.152461058705,142.003206208831,120.914710628508,140.577037506216,140.924371547599,193.084460707845,189.659364693454,187.883207294871,183.817221043972,177.096744039898,172.485102224454,178.902841983054,170.828466990462,164.812703203233,170.031244003875,165.524436975361,161.51034928434,155.137687012635,151.18707064826,148.596867411354,145.507355649358,141.288233625977,143.160726061583,139.228404509152,133.310256222371,131.404875647014,144.309457566351,138.968924114647,126.420144651434,120.290426400169,119.871888096802,130.438628302363,116.988168083688,110.336229884976,109.879916754891,110.339047430952,122.145055508046,107.657516428599,101.885462362326,100.390850118701,99.8877736278434,101.891020819514,114.12077994198,102.972819561956,98.4602309783567,92.1165305738197,106.424582380222,100.07860593063,94.3701910483341,89.432146544086,85.3928892764161,79.904720291657,80.5355238442872,82.3938741314558,92.2965062556337,86.0767556198156,80.6283121046902,70.6314176529443,76.1366040678546,92.3718472424453,78.1832454826124,67.0699624965155,67.078376418899,64.0833025257221,58.317947652506,53.8217679104762,50.9410378562808,58.3263313155708,70.8251613698054,50.0314723220175,41.1921921527844,50.0404844257132,80.8643279824465,50.1026594061279,36.0682982807526,76.4217007535657,54.0379922999365,28.3229144974154,22.3614721538607,44.8642222376715,63.4812878834486,73.081785487242,22.4276506973081,9.98408004703155,14.1626361813877,41.3858068999235,51.1970835026868,61.0759377029771,40.164916390667,30.12420864743,20.0796711242211,0,10.0594955127832,60.2506674588209,70.2916276101024,80.3325244691449,22.437091217862,31.7424030099961,100.905961677524
"34102030",199.150428395659,202.451031045612,210.273157324808,214.771891193086,219.646691219493,224.869145745691,180.121548798637,179.833679968717,180.112367042605,184.272317095723,186.716829870024,189.666282844743,193.12695571351,201.295131968128,211.067449647276,171.026370792543,172.495424683519,174.558994916214,177.111105225724,183.827868718631,192.446109769058,202.623144761424,208.272802423586,161.111963777744,164.820661733468,174.637519416963,150.19061897434,149.853931480503,151.198968903772,152.855306605241,155.150236595431,161.521647101868,175.012597963517,140.22234128168,139.863289679664,141.29412662234,143.071200065176,145.518637257264,152.295554934716,166.536694801844,172.197980113244,130.257752296934,130.25500903294,133.316948532088,139.248093902202,147.679789969985,158.238422226175,164.18125532461,170.51319938127,119.876006489334,123.60314006076,129.975053500616,138.974989154016,144.314435874693,169.991928533794,113.941100887221,117.001981585682,120.817362600777,130.453358949981,136.129007511404,142.371762584743,148.872035758889,170.654114234357,101.892650408137,104.338151100751,111.805889473941,116.664263702573,122.155076680732,128.200283990069,134.719865227881,141.656687445452,94.8174574599991,114.128903440954,150.357830873389,158.523771406388,100.085341701265,113.319352770789,136.265800882789,144.658157733802,106.506565330821,114.275068864052,122.371769052554,92.373813836752,108.445501917401,78.2590361268276,121.228515476463,108.069849602357,117.461242165227,85.7349850456726,95.210032118369,114.445552588499,133.930493323631,92.5427081454798,102.372016760119,112.240939222932,132.05168416083,110.892972168867,130.517542344843,130.891923190214,196.977458765809,193.098397652172,192.407677053885,187.902252437414,180.214339507602,174.529879289756,183.648504191112,174.637863075012,167.555667456517,175.017277413723,170.048633888585,165.533957326479,158.047931055692,152.854832453707,152.297707669998,148.605950283542,143.071191279851,147.684004937282,143.17060562152,135.943510930726,133.319563379573,150.149899795755,144.326104315214,129.973542976822,121.549882898906,120.298259708914,136.13103793366,120.818776516059,111.70759329283,110.344354120805,109.885566316878,128.205636910669,111.807736156848,104.341484608353,101.895403791846,100.398057865099,100.397645552152,120.58457927059,108.241726201024,102.980890620187,90.4615443078378,113.327420189404,106.444967893359,100.091902397027,94.3854740526301,89.4444330421294,80.540402455873,79.9115261773273,80.5389395063398,99.1626566350784,92.3131054467758,86.0887768213778,72.7516695384583,72.7482460701762,100.245431218864,84.9997122881772,72.1562456036798,63.2058486393214,70.8286536024328,64.1012762861548,58.3320105961758,49.9460022462988,53.827350581343,64.0892760584023,56.66562230951,39.9531944753646,44.7149979183546,72.2915535622235,58.4806326354994,42.5044062499254,67.2852126040486,63.4967721922087,36.1624090557985,28.3459073598358,36.1380036811417,54.027227674511,63.4662889532083,31.7548331943792,14.1747204461357,9.98681284487563,31.7185467335119,41.3785879891652,51.179155468268,50.2244085603809,40.1837016732796,30.139163710887,10.0594955127832,0,50.1911735130949,60.2321331868519,70.2730299569558,31.7596497876799,22.4157361647428,90.9009081480223
"34102035",190.092031907401,190.900913647962,194.040056318922,196.356437607915,199.158906340135,202.427947655079,189.657841080012,186.701671987574,184.253025882984,180.105873294401,179.82314325144,180.104213526939,180.979612287312,184.274488828398,189.657135920541,183.809177251333,171.013994054103,170.158443924157,169.829673627805,171.023847401256,174.558603607263,180.214174346825,183.819532240663,162.687295017467,160.150285803676,161.107248899326,161.506047313248,158.032434288196,152.843076475851,151.184060593187,150.181689043683,150.181987865103,155.141636183279,152.280033773707,148.593504826686,143.055147627538,141.284072800248,140.210123809902,140.213798985336,145.513855062674,148.604643531612,143.157678162109,135.927127070193,131.398983612751,129.863305468873,131.404561073315,135.938927214568,139.237834069295,143.170629963218,129.957824555588,121.534740890761,119.869258073655,121.541198681061,123.597165870574,138.9713699001,111.695094501176,110.334806223141,109.875073055889,111.699926288032,113.935474829736,117.093048162324,120.813290542398,136.125948244225,104.325368812117,101.881433402278,99.8835462889682,100.392910932462,101.887823892615,104.337364434359,107.666687930594,111.805056959291,92.1091466512151,92.1142532544693,114.127071422877,120.577787272524,80.5330279487302,85.4000680535529,100.024903730911,106.510505029442,76.133506820145,80.6401894063358,86.0847939363804,63.1999417196026,72.1465341881797,50.9378581778619,78.2641177873449,64.1642803823316,72.2987327744919,42.4905011168317,50.115583448407,67.2930579727294,85.7432134014177,44.8579788748097,54.0348040431343,63.4776968459531,82.7826512208661,61.070918703658,80.3263734689408,80.9398608615364,222.235992948626,216.487588432218,220.496072680964,214.234803687679,202.603321929746,192.39005496173,212.8965263171,200.195339195719,188.778301724855,205.497647476749,198.760624322425,192.305417611296,180.391371135995,170.026130884412,178.229123872138,172.179469895877,161.288542227718,177.172756149511,170.493663405002,158.220973962634,152.704730866313,184.775600142301,177.25303367712,156.381509488394,138.961969367768,134.16010756015,170.64510697341,148.859950996932,130.441134734727,125.312427422271,120.803813256601,164.391849238869,141.644496710977,128.187189634455,122.142876084224,116.650657048119,107.657266686133,158.519354052837,142.433119612244,134.785044197559,98.4580894409708,153.070660250539,144.60168062231,136.341117784555,128.337560565584,120.638365301086,100.073109280501,94.3679232002282,89.4290429159883,139.326658943122,130.736761883924,122.364459679518,99.1426888210722,76.1242433518658,143.653569481673,125.678708038518,108.443739737856,67.0667419197601,112.152349210842,103.258752753725,94.5907314308885,70.8142415394577,58.3159777301606,50.9325185789051,98.8144513617021,64.1575015024967,50.0322642541804,41.1903936296612,104.790754987102,85.7437068685607,31.5987603906987,112.256787615357,82.7819756761941,73.0778635191199,28.3200341298955,19.970808370022,22.3555809671848,80.9525486407038,61.0695772541131,51.1861227871291,22.4360366968466,14.1583658127023,9.9830134870867,100.415581900147,90.3748751862914,80.3303372228402,60.2506674588209,50.1911735130949,0,10.04096145469,20.0818580366829,80.958386993431,31.7315326518608,41.3850993825508
"34102036",189.833357857303,190.108803326522,192.212467337691,194.031732892398,196.353815732182,199.162843458684,193.08686530677,189.652597739704,186.702936355602,180.945835369653,180.105101721183,179.82537597265,180.142937176446,182.349079074844,186.709452265196,187.883180686008,172.484353688555,171.047640951778,170.128206077044,170.138398520807,172.523217956655,177.109444276554,180.217597018758,164.851321794339,161.093887183244,160.167136691747,165.518674773449,161.507391554531,155.13751762524,152.845046607707,151.187587806195,149.847106964383,152.849975444875,156.528926924375,152.283776035063,145.504211097321,143.059602339131,141.286805628789,139.855054051011,143.067857538977,145.518699882172,147.668976264734,139.228716832526,133.306145988709,130.252204211178,130.24932244745,133.31706826049,135.939352675915,139.242182200866,134.161159311976,123.59427562822,120.290542825852,120.291093596804,121.540801018082,134.171404891827,113.932343502614,111.699224121621,110.334501480567,110.338361949593,111.701371497036,114.038624007917,116.996589537563,130.450587675852,107.657752674699,104.3289131231,100.388578630806,99.8910897303976,100.39314216138,101.893211628896,104.337634551641,107.669671726503,94.8089798412657,90.4579522574635,108.23075441924,114.132365687775,79.9054388519609,82.3957111348093,94.3273152852943,100.167225528511,72.7476619293388,76.1378622485169,80.6412391952218,60.7602183299724,67.0765322772516,49.9393816803096,70.8238706890793,56.6528058690485,64.1711601707687,36.0736614050244,42.4937235996573,58.4737616364532,76.415994867887,36.1461981188012,44.8591515627023,54.039601288513,73.0787544349363,51.1917139248158,70.2854120769348,70.9863104005411,228.285214767843,222.239414688101,227.036515086743,220.503641063949,208.253743528333,197.311456240355,219.663260970276,206.401085941298,194.311304582788,212.499883182382,205.501461733121,198.757416981236,186.173246138493,174.999096855541,184.626151124934,178.227698952938,166.522504569855,184.154923915888,177.169450868833,164.168469956336,158.222527108956,192.531414959054,184.778849722345,163.016213444434,144.305835312975,138.963543890678,178.44919193821,155.814907851275,136.119671375558,130.441672622735,125.314050085704,172.478698737333,148.936430941271,134.711790472888,128.188993610444,122.143916407563,111.795782079409,166.890489661618,150.358802901894,142.42799513471,102.966716000123,161.72356036987,153.074467980686,144.600386217707,136.341945483441,128.337198270218,106.424605776594,100.075652042417,94.3697311934011,148.100827826907,139.328118929599,130.734496059239,106.50114011074,80.6295645358864,152.839519500011,134.592704352387,116.94725515708,72.1396199594208,121.2282167632,112.155407651999,103.257418740266,78.2574906551803,64.0849822045506,53.8219928472439,108.076899148977,72.288389571942,56.6508440952591,39.9484263579043,114.450482016404,95.2183418910497,29.9616912410835,122.151745497152,92.5593422903295,82.7831232409457,36.142204798751,22.3544824426022,19.9747090720378,90.9259265083873,70.9951954050911,61.0666138286253,31.7447513144005,22.4265560020811,14.1602771199109,110.456541046067,100.415834724618,90.3712967536348,70.2916276101024,60.2321331868519,10.04096145469,0,10.0408969115961,90.9303886736021,41.381876339602,31.7329164871844
"34102037",190.101621487068,189.841397430392,190.89244418942,192.200366883357,194.024684446737,196.353787788199,196.965093165191,193.077632483928,189.649854881005,182.331952764316,180.940901171795,180.102977448331,179.859987500413,180.957366184565,184.258771827906,192.392079637499,174.517252763789,172.513909862138,171.013013217289,169.839192091393,171.050215035583,174.524283103363,177.108748946633,167.586367305241,162.649314595443,159.849660886652,170.026951188767,165.515951158937,158.034175310472,155.135764750213,152.844182422593,150.180539544491,151.188027351639,161.288507928326,156.528751402165,148.589235880959,145.504285381705,143.058142033457,140.212529256265,141.290962580378,143.068653588827,152.704914785777,143.15637805995,135.926553891793,131.405713901758,129.858701300656,131.408374975966,133.313591425881,135.939749532334,138.96090817709,126.416523265981,121.539020704484,119.868166002817,120.286409608056,129.967851650453,116.987951514203,113.931919511373,111.69463940993,109.877463549518,110.335506373772,111.801868166492,113.935854660478,125.320660942103,111.792186161883,107.657378158313,101.881826187839,100.392331331338,99.886614650754,100.394557956534,101.889495665404,104.336225847295,98.4599388652133,89.8956110966311,102.974680497664,108.232957749542,80.5309768746925,80.5356187936035,89.3943984270487,94.4643532349178,70.6346942258933,72.7477528310097,76.1351170098527,59.9214106998558,63.2028669356577,50.9361491138761,64.0940613524486,50.0337722953372,56.6579428658286,31.6006171631521,36.0733459521054,50.1142043564793,67.2929420562898,28.3258782876824,36.144524275438,44.8624568269489,63.478697100498,41.3896147557883,60.2445155109271,61.0620470491472,234.605419302946,228.285130767714,233.822536014982,227.040744322082,214.222965947931,202.608076217615,226.670204795802,212.896832670345,200.192257963433,219.73532185969,212.500378938908,205.494877060404,192.302905318774,180.391197516604,191.333703342602,184.621320624643,172.180353807982,191.406733682871,184.14828764635,170.497364778446,164.166554279202,200.487891529163,192.531907632926,169.982721831846,150.128789939148,144.303617932472,186.46522207018,163.089218103962,142.278076441075,136.116374837432,130.439542784237,180.759515516125,156.530638266791,141.645554491627,134.710211006309,128.186524520559,116.650749979239,175.435004501106,158.52224904482,150.35098442556,108.218577106544,170.526900547231,161.724987359402,153.07082126543,144.59860756176,136.338892300739,113.308454266553,106.423719976495,100.073876337706,157.025156483322,148.100158805642,139.323600611968,114.266471156076,86.0724780508651,162.125477082548,143.653881879507,125.676020457905,78.1760516497964,130.444128793374,121.229374505321,112.151879830159,86.2268995587267,70.8116128518004,58.316059711497,117.466041766631,80.8478636775463,64.161911200385,41.1880103073056,124.169764753075,104.797383490044,31.596601628855,132.068129595211,102.386968342531,92.5591763424409,44.8551476708808,28.3214725702132,22.3539819878744,100.912285415144,80.9487557023718,70.9915737604229,41.3962139842024,31.7333675120647,22.4261618832476,120.497437585886,110.456731407681,100.412193443985,80.3325244691449,70.2730299569558,20.0818580366829,10.0408969115961,0,100.916363175548,51.1833675195602,22.4264670460946
"34103027",219.296969494265,223.669229016772,233.386572951191,238.718639719794,244.356957914173,250.275055533183,190.888474663801,192.199663135845,194.027994982247,202.437407031656,206.139657245523,210.26099695841,214.804416149431,224.887382400788,236.252281095327,180.107297955989,189.666889615437,193.121202235387,196.974264971466,205.997609265988,216.54616518854,228.302434157268,234.626032584785,177.100845093138,183.823594516907,197.333887231557,161.098698998431,162.658593772145,167.556186072581,170.83359169503,174.633914080757,183.647539811628,200.209731701396,151.190032193612,152.85204504748,158.043752142918,161.521615869402,165.533563241094,175.017887781812,192.326060463042,198.77825792121,141.292676718191,145.514831672527,152.293950987763,161.313976343343,172.199269703385,184.647277762005,191.353724697275,198.34641047398,133.31507420023,143.170781484051,152.727630219789,164.187730492627,170.516660415412,198.920108379772,134.175649828633,138.982144520234,144.323088007026,156.402712395564,163.035517950673,170.080306689759,177.267713581257,200.501160315493,120.819671077972,125.329066945569,136.136293832666,142.297556881533,148.881888472179,155.836164344266,163.109088018094,170.668272046535,116.668727063821,141.667366693286,180.775630742204,189.229390678529,127.498481198839,142.447420105404,166.820891009906,175.500134977654,136.35871025641,144.618855462914,153.088880024391,122.383009036834,139.342360940515,108.461303345096,152.850927942308,139.78751151811,149.211818068264,117.478780119269,126.96968184308,146.167250776807,165.575371597188,124.178270677041,133.946175586417,143.753948681972,163.449047483019,142.001339835117,160.973826352161,160.655873268321,196.346824360309,194.023315798674,189.64933929762,186.706708950782,182.323118279988,180.103758174274,180.20323188139,174.520841405092,171.014359332168,170.815237920566,167.539881489385,164.805732554725,161.092803036045,159.838596799552,152.84176221489,151.181489835859,149.844605957879,145.502991314999,143.05502629474,140.211623690331,139.852216568098,143.157581703156,139.229899854996,131.401014587117,130.250884500796,131.409962646,129.950904075956,121.534857353188,120.290671543298,121.545223846995,123.604410200677,120.801120251731,111.691220173921,109.877617889192,110.338145526813,111.702540771053,117.000354345467,111.792503988538,104.330663832235,101.880974008497,107.670801162499,102.959048044584,98.4576489923729,94.8032381330596,92.1076827539855,90.451107735374,92.1155608843453,94.816293630404,98.4709299096434,89.4280865414085,85.3907919823183,82.3833559945191,80.5356435973675,94.3852459149364,86.0687245892001,76.1286050882955,70.6295183226008,86.0902891187189,63.1959524931723,60.758445984416,59.9263118804806,67.0832113710963,78.1936292432915,92.3883691765284,50.9332023025232,58.3295793754427,70.8279764595055,103.274849038379,44.7010443014009,39.9483817207656,98.8287781043562,42.4825898566222,29.9608535096434,31.6114766618701,67.3013130140006,85.7523062754612,95.2259381549178,19.9747791988162,28.3331785076349,36.1549121574897,63.4781929300203,73.0862605206011,82.7893739293209,22.4189523608975,14.1564324662841,9.98510731822451,22.437091217862,31.7596497876799,80.958386993431,90.9303886736021,100.916363175548,0,50.219567863862,120.497570482392
"34103032",203.80363019915,206.045486502707,211.837059636266,215.368968680972,219.311776214298,223.641877324054,192.196477014089,190.872308056884,190.076709101613,190.878401261759,192.192565548383,194.022074350865,196.383807958745,202.436615502896,210.245620851426,184.254588160341,180.102853658753,180.971438794231,182.328987367639,186.712453011409,193.122562681578,201.272761699521,205.981949369145,169.846331453936,171.012218081389,177.110120325505,162.648358375435,161.090038310034,159.837163458656,160.151097240372,161.095458248851,164.810308663121,174.620549541856,152.839928923581,151.182569575889,149.838376715857,150.178018029167,151.183222620846,155.138230374707,165.52345184106,170.036164604701,143.057249643656,140.20676401602,140.207424728249,143.065970510427,148.595054461938,156.535971802552,161.295554415084,166.529616083661,131.399516232259,130.242971449016,133.312014866279,139.233273253185,143.160859773269,164.171159131525,120.286087849913,121.54085844998,123.596554357262,129.964230098178,134.165136231604,139.058660997776,144.309279773374,163.017729709798,109.873025990434,110.33218570235,113.932161378555,116.993516666186,120.810617541129,125.32129329131,130.44620645432,136.124200351948,100.388257810278,111.800823486648,141.649569763971,148.941805964612,98.4638006787608,108.225565173309,127.411559227585,134.855856018989,100.080019821886,106.431834917281,113.315682271479,86.0766123276521,99.1469045666659,72.1452599667287,108.445130953715,94.5894493704536,103.257973535,72.2916325676642,80.8530126249957,98.8108202763479,117.4594438405,76.4047307309398,85.7326676173771,95.2092272808848,114.446390319863,92.5476570528314,110.893143553163,110.436310466775,214.754852324799,210.245570060454,211.054714014084,205.979419811629,196.952476960325,189.649963700492,202.609873543077,192.394240813501,183.807826981693,194.307658084354,188.779397589176,183.627420213314,174.613400460195,167.536699214968,170.027235601671,165.514136030514,158.031369541898,166.520115876413,161.284325464526,152.279350709906,148.590552853049,170.50072257889,164.171772793741,147.666280999865,135.92885739543,133.306289827529,156.378162607631,138.960025516964,126.417829245797,123.593316121141,121.535723677707,148.861400783451,130.438474854871,120.804867243433,116.987396040584,113.929011857526,110.331684571523,141.647932906438,128.193139970506,122.142416809207,100.385896790753,134.784785440644,127.480570812984,120.564755512843,114.117720761591,108.218533983129,94.8048224654586,92.107610918064,90.4500360709743,120.641485480439,113.312409539274,106.423434429445,89.4308319372198,79.9016737523127,122.368032808107,106.505904938544,92.2965594482139,69.9117763610483,92.3709892330886,84.9801759903253,78.1793826955692,63.2025010902674,59.9233555883449,63.2008091369584,78.2571677286,53.8206336817635,49.9364016887311,64.0876223995943,80.8493322578668,64.1669616335524,56.6508329820055,85.7464677522976,58.4723105425557,50.118053659277,31.5962655784561,42.4852144011315,50.1084092581774,54.0390672928056,36.1452579857474,28.3201145553175,22.3527422467198,28.3223550535035,36.1406443211299,70.9992784442693,61.0754644514327,51.1922360050464,31.7424030099961,22.4157361647428,31.7315326518608,41.381876339602,51.1833675195602,50.219567863862,0,70.2780051717253
"34103039",202.088355364108,200.833278216749,199.814277951569,200.0584092328,200.808367069061,202.063554146639,214.750244878465,210.232353630264,206.112157576222,196.339801502348,194.011328073386,192.18274004093,190.902933537083,189.820741964042,190.867224170673,211.047548010868,189.643503346311,186.726455087002,184.246429475986,180.941277048211,179.845195536141,180.937474688412,182.32786522138,183.852761992719,177.087052488081,171.017499778319,188.765749228667,183.617236041298,174.60617134921,170.810833196198,167.532035759237,162.642682273812,159.830050356797,180.381762827922,174.989775705388,165.504617612138,161.495999001352,158.024049149646,152.834974636448,149.837811611841,150.177785003672,172.170615766152,161.278399232849,152.269216407374,145.499978918529,141.276901353828,139.845459880299,140.205737188245,141.284201436651,158.211892201447,143.148812211379,135.922894401974,131.395304268363,130.23660455939,133.305948237159,134.15316259531,129.95309690311,126.40989206119,121.531674550671,120.279908551525,119.963721184387,120.281307100641,126.415228959332,130.430302145358,125.30499451593,116.97927982655,113.928511291183,111.690281903341,110.331816311264,109.872910803445,110.331016107393,116.64503257718,101.877605885868,104.327183367178,107.663321286323,94.7995961150955,90.4485728322378,92.0859818706371,94.9034111739844,80.5285200567208,79.9017620336198,80.530449023583,72.7318356647358,69.9081679387498,67.0663205172715,63.2016500751428,50.9284836336879,53.8269798561623,41.1874204906859,39.9456350868133,44.7115986511925,56.6513521389629,29.9621626681204,31.5947745433012,36.0700477495431,50.1129517418763,28.3247746727093,41.3855850707402,40.1583067810406,255.317029165683,248.712170087797,254.99768375346,247.98206954665,234.588258426542,222.22359061106,248.053649338877,233.814515602871,220.486107025948,241.319394518706,233.889795327103,226.654952087926,212.87941956646,200.178028439926,212.484580920285,205.481284073511,192.293302693482,213.028752918467,205.551978408964,191.320923293348,184.61194507877,222.592049393255,214.515942631897,191.395399618482,170.488871961362,164.157963740498,208.609002360259,184.760472771112,163.00680985374,156.372227256994,150.118720368976,203.033876645455,178.438930617611,163.080639944215,155.805224359109,148.85151060056,136.108428011561,197.803964348371,180.753321374921,172.465253325229,128.178670230844,192.946818239945,184.121816847929,175.422761169395,166.876845717438,158.505571529567,134.775564691244,127.468849300607,120.55579052129,179.451621369416,170.518006045739,161.710753032108,136.331219147425,106.415759943868,184.483476024337,166.070689000023,148.090707737314,99.1352226967509,152.824994976061,143.642677078031,134.578345701447,108.437111825723,92.3638067730919,78.1717379768606,139.768361578855,103.247721979606,86.2210306141011,58.3119908229753,146.144872292709,126.951256881646,50.0278166330735,153.577325025549,124.167072029128,114.448707841682,67.281614414359,50.104041652459,42.4822034022487,122.13901488434,102.376037709747,92.54506668794,63.4776677138913,54.0283435404075,44.8526287842506,140.928180423573,130.915182467381,120.902427494883,100.905961677524,90.9009081480223,41.3850993825508,31.7329164871844,22.4264670460946,120.497570482392,70.2780051717253,0
