"","22083036","22083037","22083039","22083040","22083041","22083042","22084029","22084030","22084031","22084034","22084035","22084036","22084037","22084039","22084041","22085028","22085033","22085034","22085035","22085037","22085039","22085041","22085042","22086032","22086034","22086037","22087029","22087030","22087032","22087033","22087034","22087036","22087039","22088029","22088030","22088032","22088033","22088034","22088036","22088039","22088040","22089029","22089031","22089033","22089035","22089037","22089039","22089040","22089041","22090030","22090033","22090035","22090037","22090038","22090042","22091033","22091034","22091035","22091037","22091038","22091039","22091040","22091043","22092032","22092033","22092035","22092036","22092037","22092038","22092039","22092040","22093033","22093037","22093042","22093043","22094036","22094038","22094041","22094042","22095038","22095039","22095040","22096037","22096039","22097036","22097041","22098040","22098041","22099038","22099039","22099041","22099043","22100039","22100040","22100041","22100043","22101041","22102043","22103043","34084022","34084023","34085021","34085022","34085024","34085026","34086021","34086023","34086025","34087021","34087022","34087023","34087025","34087027","34088024","34088025","34088027","34089023","34089024","34089026","34089027","34090021","34090022","34090025","34090028","34090029","34091022","34091025","34091028","34091029","34091030","34092022","34092025","34092027","34092028","34092029","34092031","34093022","34093024","34093025","34093031","34094022","34094023","34094024","34094025","34094026","34094029","34094030","34094031","34095023","34095024","34095025","34095028","34095032","34096022","34096024","34096026","34096032","34097025","34097026","34097027","34097030","34097032","34097034","34098026","34098030","34098032","34098036","34099025","34099027","34099036","34100024","34100027","34100028","34100033","34100035","34100036","34101027","34101029","34101030","34101033","34101034","34101035","34102025","34102026","34102027","34102029","34102030","34102035","34102036","34102037","34103027","34103032","34103039"
"22083036",0,0.00623977184295654,0.0279529690742493,0.0340027809143066,0.00497549772262573,0.0320507884025574,0.0340622067451477,0.0434883236885071,0.0324304103851318,0.00200790166854858,0.0113446712493896,0.0414915084838867,0.055260956287384,0.0497106909751892,0.0127567648887634,0.0461444854736328,0.0211727619171143,0.0354198217391968,0.0155796408653259,0.0303171277046204,0.0833195447921753,0.0363439917564392,0.0134363174438477,0.0576130151748657,0.022061288356781,0.0651482343673706,0.0533879399299622,0.0197754502296448,0.0090785026550293,0.0555021166801453,0.0655568242073059,0.0267276167869568,0.0288265347480774,0.00350064039230347,0.0348364114761353,0.0249585509300232,0.0323312282562256,0.0217741131782532,0.0760514140129089,0.053007185459137,0.0488128066062927,0.0343953371047974,0.03512042760849,0.00412684679031372,0.0514986515045166,0.0754089951515198,0.0280964374542236,0.0588464736938477,0.0630298256874084,0.00823831558227539,0.0152482390403748,0.0514124631881714,0.0854372978210449,0.0833620429039001,0.00558459758758545,0.0303226709365845,0.0340467691421509,0.065351665019989,0.101790368556976,0.0824717283248901,0.0878852605819702,0.0520657896995544,0.0154024362564087,0.0719782114028931,0.0648682713508606,0.114291131496429,0.0490527749061584,0.0824103355407715,0.087331235408783,0.0736997723579407,0.0606769323348999,0.0696549415588379,0.058875560760498,0.0242316722869873,0.0231977701187134,0.118731558322906,0.0696088671684265,0.0163626670837402,0.0204943418502808,0.109199047088623,0.105934739112854,0.0834158658981323,0.122044742107391,0.117095470428467,0.137411177158356,0.0624737143516541,0.121304750442505,0.117373526096344,0.125302910804749,0.117594242095947,0.0937404632568359,0.0841633081436157,0.125708818435669,0.116630554199219,0.110623300075531,0.0705372095108032,0.0978327393531799,0.135440409183502,0.125945627689362,0.0754122734069824,0.0990561842918396,0.0334790945053101,0.0195674896240234,0.0606942176818848,0.0395190715789795,0.0935983657836914,0.0668013691902161,0.0628827810287476,0.0506330132484436,0.0811516046524048,0.00779742002487183,0.0415084362030029,0.000608623027801514,0.0244665741920471,0.0635886788368225,0.0510050058364868,0.0621420741081238,0.0423704385757446,0.0602198243141174,0.0589724183082581,0.0678477883338928,0.0791785717010498,0.0799441337585449,0.0201117396354675,0.0668805837631226,0.0781810879707336,0.0558673143386841,0.0514145493507385,0.0749727487564087,0.055753767490387,0.0653824210166931,0.067319929599762,0.082831859588623,0.0778425335884094,0.0247760415077209,0.00646442174911499,0.0877218246459961,0.0521174669265747,0.0281108021736145,0.0550140142440796,0.112485229969025,0.108297884464264,0.108639299869537,0.0245582461357117,0.0510274767875671,0.05478835105896,0.0791322588920593,0.052212655544281,0.129802107810974,0.117864489555359,0.101151347160339,0.059282124042511,0.0871747732162476,0.0233229398727417,0.0746079087257385,0.0344735383987427,0.0774303674697876,0.100765526294708,0.0784764289855957,0.0657755732536316,0.0714361071586609,0.0946561098098755,0.13936585187912,0.0772406458854675,0.0744156241416931,0.10977840423584,0.105746865272522,0.0463228821754456,0.0780888199806213,0.11568695306778,0.0427916646003723,0.112921178340912,0.101641893386841,0.093630850315094,0.126941502094269,0.09113609790802,0.131837904453278,0.0653238892555237,0.0576489567756653,0.110205054283142,0.125274300575256,0.126088261604309,0.0507793426513672,0.103763520717621,0.112587213516235,0.122426271438599,0.084608256816864,0.133558094501495,0.132516622543335,0.140645563602448,0.133278250694275,0.113247215747833,0.162146270275116
"22083037",0.00623977184295654,0,0.0341927409172058,0.0277630090713501,0.0112152695655823,0.0382905602455139,0.0403019785881042,0.0497280955314636,0.0386701822280884,0.00824767351150513,0.00510489940643311,0.0352517366409302,0.0615007281303406,0.0434709191322327,0.01899653673172,0.0523842573165894,0.0274125337600708,0.0416595935821533,0.0218194127082825,0.0365568995475769,0.0770797729492188,0.0425837635993958,0.0196760892868042,0.0638527870178223,0.0158215165138245,0.0713880062103271,0.0596277117729187,0.0260152220726013,0.00283873081207275,0.0617418885231018,0.0717965960502625,0.0329673886299133,0.0350663065910339,0.00273913145065308,0.0410761833190918,0.0311983227729797,0.0385710000991821,0.0280138850212097,0.0822911858558655,0.0592469573020935,0.0550525784492493,0.0406351089477539,0.0413601994514465,0.0103666186332703,0.0577384233474731,0.0816487669944763,0.0343362092971802,0.0650862455368042,0.069269597530365,0.0144780874252319,0.00900846719741821,0.0576522350311279,0.0916770696640015,0.0896018147468567,0.011824369430542,0.036562442779541,0.0402865409851074,0.0715914368629456,0.108030140399933,0.0887115001678467,0.0941250324249268,0.058305561542511,0.0216422080993652,0.0782179832458496,0.0711080431938171,0.120530903339386,0.055292546749115,0.088650107383728,0.0935710072517395,0.0799395442008972,0.0669167041778564,0.0758947134017944,0.0651153326034546,0.0304714441299438,0.0169579982757568,0.124971330165863,0.0758486390113831,0.0226024389266968,0.0267341136932373,0.11543881893158,0.112174510955811,0.0896556377410889,0.128284513950348,0.123335242271423,0.143650949001312,0.0687134861946106,0.127544522285461,0.123613297939301,0.131542682647705,0.123834013938904,0.0999802350997925,0.0904030799865723,0.131948590278625,0.122870326042175,0.116863071918488,0.0767769813537598,0.104072511196136,0.141680181026459,0.132185399532318,0.081652045249939,0.105295956134796,0.0397188663482666,0.02580726146698,0.0669339895248413,0.045758843421936,0.0998381376266479,0.0730411410331726,0.0691225528717041,0.0568727850914001,0.0873913764953613,0.0140371918678284,0.0477482080459595,0.00684839487075806,0.0307063460350037,0.0698284506797791,0.0572447776794434,0.0683818459510803,0.0361306667327881,0.066459596157074,0.0652121901512146,0.0740875601768494,0.0854183435440063,0.0861839056015015,0.0263515114784241,0.0731203556060791,0.0844208598136902,0.0621070861816406,0.0576543211936951,0.0812125205993652,0.0619935393333435,0.0716221928596497,0.0735597014427185,0.0890716314315796,0.084082305431366,0.0310158133506775,0.000224649906158447,0.0939615964889526,0.0583572387695312,0.034350574016571,0.0612537860870361,0.118725001811981,0.11453765630722,0.114879071712494,0.0307980179786682,0.0572672486305237,0.0610281229019165,0.0853720307350159,0.0584524273872375,0.136041879653931,0.124104261398315,0.107391119003296,0.0655218958854675,0.0934145450592041,0.0295627117156982,0.0808476805686951,0.0407133102416992,0.0836701393127441,0.107005298137665,0.0847162008285522,0.0720153450965881,0.0776758790016174,0.100895881652832,0.145605623722076,0.0834804177284241,0.0806553959846497,0.116018176078796,0.111986637115479,0.0525626540184021,0.0843285918235779,0.121926724910736,0.0490314364433289,0.119160950183868,0.107881665229797,0.0998706221580505,0.133181273937225,0.0973758697509766,0.138077676296234,0.0715636610984802,0.0638887286186218,0.116444826126099,0.131514072418213,0.132328033447266,0.0570191144943237,0.110003292560577,0.118826985359192,0.128666043281555,0.0908480286598206,0.139797866344452,0.138756394386292,0.146885335445404,0.139518022537231,0.11948698759079,0.168386042118073
"22083039",0.0279529690742493,0.0341927409172058,0,0.0619557499885559,0.0229774713516235,0.00409781932830811,0.00610923767089844,0.0155353546142578,0.00447744131088257,0.0259450674057007,0.0392976403236389,0.069444477558136,0.0273079872131348,0.0776636600494385,0.0151962041854858,0.0181915163993835,0.00678020715713501,0.00746685266494751,0.0123733282089233,0.00236415863037109,0.111272513866425,0.00839102268218994,0.0145166516304016,0.0296600461006165,0.0500142574310303,0.0371952652931213,0.0254349708557129,0.00817751884460449,0.0370314717292786,0.027549147605896,0.0376038551330566,0.00122535228729248,0.000873565673828125,0.0314536094665527,0.00688344240188599,0.00299441814422607,0.00437825918197632,0.00617885589599609,0.0480984449386597,0.0250542163848877,0.0208598375320435,0.0064423680305481,0.00716745853424072,0.0238261222839355,0.0235456824302673,0.0474560260772705,0.000143468379974365,0.0308935046195984,0.0350768566131592,0.0197146534919739,0.043201208114624,0.0234594941139221,0.0574843287467957,0.0554090738296509,0.0223683714866638,0.00236970186233521,0.00609380006790161,0.0373986959457397,0.0738373994827271,0.0545187592506409,0.0599322915077209,0.0241128206253052,0.0125505328178406,0.0440252423286438,0.0369153022766113,0.0863381624221802,0.0210998058319092,0.0544573664665222,0.0593782663345337,0.0457468032836914,0.0327239632606506,0.0417019724845886,0.0309225916862488,0.00372129678726196,0.0511507391929626,0.0907785892486572,0.0416558980941772,0.011590301990509,0.00745862722396851,0.0812460780143738,0.0779817700386047,0.0554628968238831,0.0940917730331421,0.0891425013542175,0.109458208084106,0.0345207452774048,0.0933517813682556,0.0894205570220947,0.0973499417304993,0.089641273021698,0.0657874941825867,0.0562103390693665,0.0977558493614197,0.0886775851249695,0.0826703310012817,0.042584240436554,0.0698797702789307,0.107487440109253,0.0979926586151123,0.0474593043327332,0.0711032152175903,0.00552612543106079,0.00838547945022583,0.0327412486076355,0.0115661025047302,0.0656453967094421,0.0388484001159668,0.0349298119544983,0.0226800441741943,0.0531986355781555,0.0201555490493774,0.0135554671287537,0.0273443460464478,0.00348639488220215,0.0356357097625732,0.0230520367622375,0.0341891050338745,0.0703234076499939,0.0322668552398682,0.0310194492340088,0.0398948192596436,0.0512256026268005,0.0519911646842957,0.00784122943878174,0.0389276146888733,0.0502281188964844,0.0279143452644348,0.0234615802764893,0.0470197796821594,0.0278007984161377,0.0374294519424438,0.0393669605255127,0.0548788905143738,0.0498895645141602,0.00317692756652832,0.0344173908233643,0.0597688555717468,0.0241644978523254,0.000157833099365234,0.0270610451698303,0.0845322608947754,0.0803449153900146,0.0806863307952881,0.0033947229385376,0.0230745077133179,0.0268353819847107,0.0511792898178101,0.0242596864700317,0.101849138736725,0.0899115204811096,0.0731983780860901,0.0313291549682617,0.0592218041419983,0.00463002920150757,0.0466549396514893,0.00652056932449341,0.0494773983955383,0.072812557220459,0.0505234599113464,0.0378226041793823,0.0434831380844116,0.0667031407356262,0.111412882804871,0.0492876768112183,0.0464626550674438,0.0818254351615906,0.0777938961982727,0.0183699131011963,0.0501358509063721,0.0877339839935303,0.014838695526123,0.0849682092666626,0.0736889243125916,0.0656778812408447,0.0989885330200195,0.0631831288337708,0.103884935379028,0.0373709201812744,0.029695987701416,0.0822520852088928,0.0973213315010071,0.0981352925300598,0.0228263735771179,0.0758105516433716,0.0846342444419861,0.0944733023643494,0.0566552877426147,0.105605125427246,0.104563653469086,0.112692594528198,0.105325281620026,0.085294246673584,0.134193301200867
"22083040",0.0340027809143066,0.0277630090713501,0.0619557499885559,0,0.0389782786369324,0.066053569316864,0.0680649876594543,0.0774911046028137,0.0664331912994385,0.0360106825828552,0.022658109664917,0.00748872756958008,0.0892637372016907,0.0157079100608826,0.0467595458030701,0.0801472663879395,0.0551755428314209,0.0694226026535034,0.0495824217796326,0.064319908618927,0.0493167638778687,0.0703467726707458,0.0474390983581543,0.0916157960891724,0.0119414925575256,0.0991510152816772,0.0873907208442688,0.0537782311439514,0.0249242782592773,0.0895048975944519,0.0995596051216125,0.0607303977012634,0.062829315662384,0.0305021405220032,0.0688391923904419,0.0589613318443298,0.0663340091705322,0.0557768940925598,0.110054194927216,0.0870099663734436,0.0828155875205994,0.068398118019104,0.0691232085227966,0.0381296277046204,0.0855014324188232,0.109411776065826,0.0620992183685303,0.0928492546081543,0.0970326066017151,0.042241096496582,0.0187545418739319,0.085415244102478,0.119440078735352,0.117364823818207,0.0395873785018921,0.0643254518508911,0.0680495500564575,0.0993544459342957,0.135793149471283,0.116474509239197,0.121888041496277,0.0860685706138611,0.0494052171707153,0.1059809923172,0.0988710522651672,0.148293912410736,0.0830555558204651,0.116413116455078,0.12133401632309,0.107702553272247,0.0946797132492065,0.103657722473145,0.0928783416748047,0.0582344532012939,0.0108050107955933,0.152734339237213,0.103611648082733,0.0503654479980469,0.0544971227645874,0.14320182800293,0.139937520027161,0.117418646812439,0.156047523021698,0.151098251342773,0.171413958072662,0.0964764952659607,0.155307531356812,0.151376307010651,0.159305691719055,0.151597023010254,0.127743244171143,0.118166089057922,0.159711599349976,0.150633335113525,0.144626080989838,0.10453999042511,0.131835520267487,0.169443190097809,0.159948408603668,0.109415054321289,0.133058965206146,0.0674818754196167,0.0535702705383301,0.0946969985961914,0.0735218524932861,0.127601146697998,0.100804150104523,0.0968855619430542,0.0846357941627502,0.115154385566711,0.0418002009391785,0.0755112171173096,0.0346114039421082,0.0584693551063538,0.0975914597511292,0.0850077867507935,0.0961448550224304,0.00836765766143799,0.0942226052284241,0.0929751992225647,0.101850569248199,0.113181352615356,0.113946914672852,0.0541145205497742,0.100883364677429,0.11218386888504,0.0898700952529907,0.0854173302650452,0.108975529670715,0.0897565484046936,0.0993852019309998,0.101322710514069,0.11683464050293,0.111845314502716,0.0587788224220276,0.0275383591651917,0.121724605560303,0.0861202478408813,0.0621135830879211,0.0890167951583862,0.146488010883331,0.142300665378571,0.142642080783844,0.0585610270500183,0.0850302577018738,0.0887911319732666,0.113135039806366,0.0862154364585876,0.163804888725281,0.151867270469666,0.135154128074646,0.0932849049568176,0.121177554130554,0.0573257207870483,0.108610689640045,0.0684763193130493,0.111433148384094,0.134768307209015,0.112479209899902,0.0997783541679382,0.105438888072968,0.128658890724182,0.173368632793427,0.111243426799774,0.108418405056,0.143781185150146,0.139749646186829,0.0803256630897522,0.112091600894928,0.149689733982086,0.076794445514679,0.146923959255219,0.135644674301147,0.127633631229401,0.160944283008575,0.125138878822327,0.165840685367584,0.0993266701698303,0.0916517376899719,0.144207835197449,0.159277081489563,0.160091042518616,0.0847821235656738,0.137766301631927,0.146589994430542,0.156429052352905,0.118611037731171,0.167560875415802,0.166519403457642,0.174648344516754,0.167281031608582,0.14724999666214,0.196149051189423
"22083041",0.00497549772262573,0.0112152695655823,0.0229774713516235,0.0389782786369324,0,0.0270752906799316,0.029086709022522,0.0385128259658813,0.0274549126625061,0.00296759605407715,0.0163201689720154,0.0464670062065125,0.0502854585647583,0.0546861886978149,0.0077812671661377,0.0411689877510071,0.0161972641944885,0.030444324016571,0.0106041431427002,0.0253416299819946,0.088295042514801,0.0313684940338135,0.00846081972122192,0.05263751745224,0.0270367860794067,0.0601727366447449,0.0484124422073364,0.014799952507019,0.014054000377655,0.0505266189575195,0.0605813264846802,0.0217521190643311,0.0238510370254517,0.0084761381149292,0.0298609137535095,0.0199830532073975,0.0273557305335999,0.0167986154556274,0.0710759162902832,0.0480316877365112,0.043837308883667,0.0294198393821716,0.0301449298858643,0.000848650932312012,0.0465231537818909,0.070433497428894,0.0231209397315979,0.0538709759712219,0.0580543279647827,0.00326281785964966,0.0202237367630005,0.0464369654655457,0.0804618000984192,0.0783865451812744,0.000609099864959717,0.0253471732139587,0.0290712714195251,0.0603761672973633,0.0968148708343506,0.0774962306022644,0.0829097628593445,0.0470902919769287,0.010426938533783,0.0670027136802673,0.0598927736282349,0.109315633773804,0.0440772771835327,0.0774348378181458,0.0823557376861572,0.0687242746353149,0.0557014346122742,0.0646794438362122,0.0539000630378723,0.0192561745643616,0.0281732678413391,0.113756060600281,0.0646333694458008,0.0113871693611145,0.015518844127655,0.104223549365997,0.100959241390228,0.0784403681755066,0.117069244384766,0.112119972705841,0.13243567943573,0.0574982166290283,0.116329252719879,0.112398028373718,0.120327413082123,0.112618744373322,0.0887649655342102,0.07918781042099,0.120733320713043,0.111655056476593,0.105647802352905,0.0655617117881775,0.0928572416305542,0.130464911460876,0.120970129966736,0.0704367756843567,0.0940806865692139,0.0285035967826843,0.0145919919013977,0.055718719959259,0.0345435738563538,0.0886228680610657,0.0618258714675903,0.0579072833061218,0.0456575155258179,0.0761761069297791,0.00282192230224609,0.0365329384803772,0.00436687469482422,0.0194910764694214,0.0586131811141968,0.0460295081138611,0.057166576385498,0.0473459362983704,0.0552443265914917,0.0539969205856323,0.0628722906112671,0.0742030739784241,0.0749686360359192,0.0151362419128418,0.0619050860404968,0.0732055902481079,0.0508918166160583,0.0464390516281128,0.069997251033783,0.0507782697677612,0.0604069232940674,0.0623444318771362,0.0778563618659973,0.0728670358657837,0.0198005437850952,0.0114399194717407,0.0827463269233704,0.047141969203949,0.0231353044509888,0.0500385165214539,0.107509732246399,0.103322386741638,0.103663802146912,0.0195827484130859,0.0460519790649414,0.0498128533363342,0.0741567611694336,0.0472371578216553,0.124826610088348,0.112888991832733,0.0961758494377136,0.0543066263198853,0.0821992754936218,0.018347442150116,0.0696324110031128,0.0294980406761169,0.0724548697471619,0.0957900285720825,0.07350093126297,0.0608000755310059,0.0664606094360352,0.0896806120872498,0.134390354156494,0.0722651481628418,0.0694401264190674,0.104802906513214,0.100771367549896,0.0413473844528198,0.0731133222579956,0.110711455345154,0.0378161668777466,0.107945680618286,0.0966663956642151,0.0886553525924683,0.121966004371643,0.0861606001853943,0.126862406730652,0.0603483915328979,0.0526734590530396,0.105229556560516,0.120298802852631,0.121112763881683,0.0458038449287415,0.0987880229949951,0.10761171579361,0.117450773715973,0.0796327590942383,0.12858259677887,0.127541124820709,0.135670065879822,0.128302752971649,0.108271718025208,0.15717077255249
"22083042",0.0320507884025574,0.0382905602455139,0.00409781932830811,0.066053569316864,0.0270752906799316,0,0.00201141834259033,0.0114375352859497,0.000379621982574463,0.0300428867340088,0.043395459651947,0.0735422968864441,0.0232101678848267,0.0817614793777466,0.0192940235137939,0.0140936970710754,0.0108780264854431,0.0033690333366394,0.0164711475372314,0.00173366069793701,0.115370333194733,0.00429320335388184,0.0186144709587097,0.0255622267723083,0.0541120767593384,0.0330974459648132,0.0213371515274048,0.0122753381729126,0.0411292910575867,0.0234513282775879,0.0335060358047485,0.00532317161560059,0.00322425365447998,0.0355514287948608,0.00278562307357788,0.00709223747253418,0.000280439853668213,0.0102766752243042,0.0440006256103516,0.0209563970565796,0.0167620182037354,0.00234454870223999,0.00306963920593262,0.0279239416122437,0.0194478631019592,0.0433582067489624,0.00395435094833374,0.0267956852912903,0.0309790372848511,0.023812472820282,0.0472990274429321,0.019361674785614,0.0533865094184875,0.0513112545013428,0.0264661908149719,0.0017281174659729,0.00199598073959351,0.0333008766174316,0.0697395801544189,0.0504209399223328,0.0558344721794128,0.0200150012969971,0.0166483521461487,0.0399274230003357,0.0328174829483032,0.0822403430938721,0.0170019865036011,0.0503595471382141,0.0552804470062256,0.0416489839553833,0.0286261439323425,0.0376041531562805,0.0268247723579407,0.00781911611557007,0.0552485585212708,0.0866807699203491,0.0375580787658691,0.0156881213188171,0.0115564465522766,0.0771482586860657,0.0738839507102966,0.051365077495575,0.089993953704834,0.0850446820259094,0.105360388755798,0.0304229259490967,0.0892539620399475,0.0853227376937866,0.0932521224021912,0.0855434536933899,0.0616896748542786,0.0521125197410583,0.0936580300331116,0.0845797657966614,0.0785725116729736,0.0384864211082458,0.0657819509506226,0.103389620780945,0.0938948392868042,0.043361485004425,0.0670053958892822,0.00142830610275269,0.0124832987785339,0.0286434292793274,0.00746828317642212,0.061547577381134,0.0347505807876587,0.0308319926261902,0.0185822248458862,0.0491008162498474,0.0242533683776855,0.00945764780044556,0.0314421653747559,0.00758421421051025,0.0315378904342651,0.0189542174339294,0.0300912857055664,0.074421226978302,0.0281690359115601,0.0269216299057007,0.0357969999313354,0.0471277832984924,0.0478933453559875,0.0119390487670898,0.0348297953605652,0.0461302995681763,0.0238165259361267,0.0193637609481812,0.0429219603538513,0.0237029790878296,0.0333316326141357,0.0352691411972046,0.0507810711860657,0.0457917451858521,0.00727474689483643,0.0385152101516724,0.0556710362434387,0.0200666785240173,0.00393998622894287,0.0229632258415222,0.0804344415664673,0.0762470960617065,0.07658851146698,0.0074925422668457,0.0189766883850098,0.0227375626564026,0.047081470489502,0.0201618671417236,0.0977513194084167,0.0858137011528015,0.069100558757782,0.0272313356399536,0.0551239848136902,0.00872784852981567,0.0425571203231812,0.0024227499961853,0.0453795790672302,0.0687147378921509,0.0464256405830383,0.0337247848510742,0.0393853187561035,0.0626053214073181,0.107315063476562,0.0451898574829102,0.0423648357391357,0.0777276158332825,0.0736960768699646,0.0142720937728882,0.046038031578064,0.0836361646652222,0.0107408761978149,0.0808703899383545,0.0695911049842834,0.0615800619125366,0.0948907136917114,0.0590853095054626,0.0997871160507202,0.0332731008529663,0.0255981683731079,0.0781542658805847,0.093223512172699,0.0940374732017517,0.0187285542488098,0.0717127323150635,0.080536425113678,0.0903754830360413,0.0525574684143066,0.101507306098938,0.100465834140778,0.10859477519989,0.101227462291718,0.0811964273452759,0.130095481872559
"22084029",0.0340622067451477,0.0403019785881042,0.00610923767089844,0.0680649876594543,0.029086709022522,0.00201141834259033,0,0.00942611694335938,0.00163179636001587,0.0320543050765991,0.0454068779945374,0.0755537152290344,0.0211987495422363,0.0837728977203369,0.0213054418563843,0.0120822787284851,0.0128894448280334,0.00135761499404907,0.0184825658798218,0.00374507904052734,0.117381751537323,0.0022817850112915,0.0206258893013,0.023550808429718,0.0561234951019287,0.0310860276222229,0.0193257331848145,0.0142867565155029,0.043140709400177,0.0214399099349976,0.0314946174621582,0.00733458995819092,0.00523567199707031,0.0375628471374512,0.000774204730987549,0.00910365581512451,0.00173097848892212,0.0122880935668945,0.0419892072677612,0.0189449787139893,0.014750599861145,0.000333130359649658,0.00105822086334229,0.029935359954834,0.0174364447593689,0.0413467884063721,0.00596576929092407,0.0247842669487,0.0289676189422607,0.0258238911628723,0.0493104457855225,0.0173502564430237,0.0513750910758972,0.0492998361587524,0.0284776091575623,0.00373953580856323,1.54376029968262e-05,0.0312894582748413,0.0677281618118286,0.0484095215797424,0.0538230538368225,0.0180035829544067,0.018659770488739,0.0379160046577454,0.0308060646057129,0.0802289247512817,0.0149905681610107,0.0483481287956238,0.0532690286636353,0.039637565612793,0.0266147255897522,0.0355927348136902,0.0248133540153503,0.0098305344581604,0.0572599768638611,0.0846693515777588,0.0355466604232788,0.0176995396614075,0.0135678648948669,0.0751368403434753,0.0718725323677063,0.0493536591529846,0.0879825353622437,0.0830332636833191,0.103348970413208,0.0284115076065063,0.0872425436973572,0.0833113193511963,0.0912407040596008,0.0835320353507996,0.0596782565116882,0.050101101398468,0.0916466116905212,0.082568347454071,0.0765610933303833,0.0364750027656555,0.0637705326080322,0.101378202438354,0.0918834209442139,0.0413500666618347,0.0649939775466919,0.000583112239837646,0.0144947171211243,0.0266320109367371,0.00545686483383179,0.0595361590385437,0.0327391624450684,0.0288205742835999,0.0165708065032959,0.0470893979072571,0.0262647867202759,0.00744622945785522,0.0334535837173462,0.00959563255310059,0.0295264720916748,0.0169427990913391,0.0280798673629761,0.0764326453208923,0.0261576175689697,0.0249102115631104,0.0337855815887451,0.0451163649559021,0.0458819270133972,0.0139504671096802,0.0328183770179749,0.0441188812255859,0.0218051075935364,0.0173523426055908,0.040910542011261,0.0216915607452393,0.0313202142715454,0.0332577228546143,0.0487696528434753,0.0437803268432617,0.00928616523742676,0.0405266284942627,0.0536596179008484,0.018055260181427,0.0059514045715332,0.0209518074989319,0.078423023223877,0.0742356777191162,0.0745770931243896,0.00950396060943604,0.0169652700424194,0.0207261443138123,0.0450700521469116,0.0181504487991333,0.0957399010658264,0.0838022828102112,0.0670891404151917,0.0252199172973633,0.0531125664710999,0.010739266872406,0.0405457019805908,0.000411331653594971,0.0433681607246399,0.0667033195495605,0.044414222240448,0.0317133665084839,0.0373739004135132,0.0605939030647278,0.105303645133972,0.0431784391403198,0.0403534173965454,0.0757161974906921,0.0716846585273743,0.0122606754302979,0.0440266132354736,0.0816247463226318,0.00872945785522461,0.0788589715957642,0.0675796866416931,0.0595686435699463,0.0928792953491211,0.0570738911628723,0.0977756977081299,0.031261682510376,0.0235867500305176,0.0761428475379944,0.0912120938301086,0.0920260548591614,0.0167171359062195,0.0697013139724731,0.0785250067710876,0.0883640646934509,0.0505460500717163,0.0994958877563477,0.0984544157981873,0.1065833568573,0.0992160439491272,0.0791850090026855,0.128084063529968
"22084030",0.0434883236885071,0.0497280955314636,0.0155353546142578,0.0774911046028137,0.0385128259658813,0.0114375352859497,0.00942611694335938,0,0.0110579133033752,0.0414804220199585,0.0548329949378967,0.0849798321723938,0.011772632598877,0.0931990146636963,0.0307315587997437,0.00265616178512573,0.0223155617713928,0.0080685019493103,0.0279086828231812,0.0131711959838867,0.126807868480682,0.00714433193206787,0.0300520062446594,0.0141246914863586,0.0655496120452881,0.0216599106788635,0.00989961624145508,0.0237128734588623,0.0525668263435364,0.0120137929916382,0.0220685005187988,0.0167607069015503,0.0146617889404297,0.0469889640808105,0.00865191221237183,0.0185297727584839,0.0111570954322815,0.0217142105102539,0.0325630903244019,0.00951886177062988,0.00532448291778564,0.00909298658370972,0.00836789608001709,0.0393614768981934,0.00801032781600952,0.0319206714630127,0.0153918862342834,0.0153581500053406,0.0195415019989014,0.0352500081062317,0.0587365627288818,0.00792413949966431,0.0419489741325378,0.0398737192153931,0.0379037261009216,0.0131656527519226,0.0094415545463562,0.0218633413314819,0.0583020448684692,0.0389834046363831,0.0443969368934631,0.00857746601104736,0.0280858874320984,0.028489887714386,0.0213799476623535,0.0708028078079224,0.00556445121765137,0.0389220118522644,0.0438429117202759,0.0302114486694336,0.0171886086463928,0.0261666178703308,0.015387237071991,0.0192566514015198,0.0666860938072205,0.0752432346343994,0.0261205434799194,0.0271256566047668,0.0229939818382263,0.065710723400116,0.0624464154243469,0.0399275422096252,0.0785564184188843,0.0736071467399597,0.0939228534698486,0.018985390663147,0.0778164267539978,0.0738852024078369,0.0818145871162415,0.0741059184074402,0.0502521395683289,0.0406749844551086,0.0822204947471619,0.0731422305107117,0.0671349763870239,0.0270488858222961,0.0543444156646729,0.0919520854949951,0.0824573040008545,0.0319239497184753,0.0555678606033325,0.010009229183197,0.0239208340644836,0.0172058939933777,0.00396925210952759,0.0501100420951843,0.023313045501709,0.0193944573402405,0.00714468955993652,0.0376632809638977,0.0356909036636353,0.00197988748550415,0.0428797006607056,0.01902174949646,0.0201003551483154,0.00751668214797974,0.0186537504196167,0.0858587622642517,0.0167315006256104,0.015484094619751,0.0243594646453857,0.0356902480125427,0.0364558100700378,0.0233765840530396,0.0233922600746155,0.0346927642822266,0.012378990650177,0.00792622566223145,0.0314844250679016,0.0122654438018799,0.021894097328186,0.0238316059112549,0.039343535900116,0.0343542098999023,0.0187122821807861,0.0499527454376221,0.044233500957489,0.00862914323806763,0.0153775215148926,0.0115256905555725,0.0689969062805176,0.0648095607757568,0.0651509761810303,0.0189300775527954,0.00753915309906006,0.0113000273704529,0.0356439352035522,0.00872433185577393,0.086313784122467,0.0743761658668518,0.0576630234718323,0.0157938003540039,0.0436864495277405,0.0201653838157654,0.0311195850372314,0.0090147852897644,0.0339420437812805,0.0572772026062012,0.0349881052970886,0.0222872495651245,0.0279477834701538,0.0511677861213684,0.0958775281906128,0.0337523221969604,0.030927300453186,0.0662900805473328,0.0622585415840149,0.00283455848693848,0.0346004962921143,0.0721986293792725,0.000696659088134766,0.0694328546524048,0.0581535696983337,0.0501425266265869,0.0834531784057617,0.0476477742195129,0.0883495807647705,0.0218355655670166,0.0141606330871582,0.066716730594635,0.0817859768867493,0.082599937915802,0.00729101896286011,0.0602751970291138,0.0690988898277283,0.0789379477500916,0.0411199331283569,0.0900697708129883,0.0890282988548279,0.0971572399139404,0.0897899270057678,0.0697588920593262,0.118657946586609
"22084031",0.0324304103851318,0.0386701822280884,0.00447744131088257,0.0664331912994385,0.0274549126625061,0.000379621982574463,0.00163179636001587,0.0110579133033752,0,0.0304225087165833,0.0437750816345215,0.0739219188690186,0.0228305459022522,0.082141101360321,0.0196736454963684,0.013714075088501,0.0112576484680176,0.00298941135406494,0.0168507695198059,0.00211328268051147,0.115749955177307,0.00391358137130737,0.0189940929412842,0.0251826047897339,0.0544916987419128,0.0327178239822388,0.0209575295448303,0.0126549601554871,0.0415089130401611,0.0230717062950134,0.0331264138221741,0.00570279359817505,0.00360387563705444,0.0359310507774353,0.00240600109100342,0.00747185945510864,9.918212890625e-05,0.0106562972068787,0.0436210036277771,0.0205767750740051,0.0163823962211609,0.00196492671966553,0.00269001722335815,0.0283035635948181,0.0190682411193848,0.0429785847663879,0.0043339729309082,0.0264160633087158,0.0305994153022766,0.0241920948028564,0.0476786494255066,0.0189820528030396,0.0530068874359131,0.0509316325187683,0.0268458127975464,0.00210773944854736,0.00161635875701904,0.0329212546348572,0.0693599581718445,0.0500413179397583,0.0554548501968384,0.0196353793144226,0.0170279741287231,0.0395478010177612,0.0324378609657288,0.0818607211112976,0.0166223645210266,0.0499799251556396,0.0549008250236511,0.0412693619728088,0.0282465219497681,0.0372245311737061,0.0264451503753662,0.00819873809814453,0.0556281805038452,0.0863011479377747,0.0371784567832947,0.0160677433013916,0.0119360685348511,0.0767686367034912,0.0735043287277222,0.0509854555130005,0.0896143317222595,0.084665060043335,0.104980766773224,0.0300433039665222,0.088874340057373,0.0849431157112122,0.0928725004196167,0.0851638317108154,0.0613100528717041,0.0517328977584839,0.0932784080505371,0.0842001438140869,0.0781928896903992,0.0381067991256714,0.0654023289680481,0.10300999879837,0.0935152173042297,0.0429818630218506,0.0666257739067078,0.00104868412017822,0.0128629207611084,0.0282638072967529,0.00708866119384766,0.0611679553985596,0.0343709588050842,0.0304523706436157,0.0182026028633118,0.0487211942672729,0.02463299036026,0.00907802581787109,0.0318217873573303,0.00796383619308472,0.0311582684516907,0.018574595451355,0.0297116637229919,0.0748008489608765,0.0277894139289856,0.0265420079231262,0.035417377948761,0.046748161315918,0.0475137233734131,0.0123186707496643,0.0344501733779907,0.0457506775856018,0.0234369039535522,0.0189841389656067,0.0425423383712769,0.0233233571052551,0.0329520106315613,0.0348895192146301,0.0504014492034912,0.0454121232032776,0.00765436887741089,0.0388948321342468,0.0552914142608643,0.0196870565414429,0.00431960821151733,0.0225836038589478,0.0800548195838928,0.0758674740791321,0.0762088894844055,0.00787216424942017,0.0185970664024353,0.0223579406738281,0.0467018485069275,0.0197822451591492,0.0973716974258423,0.0854340791702271,0.0687209367752075,0.0268517136573792,0.0547443628311157,0.00910747051239014,0.0421774983406067,0.00204312801361084,0.0449999570846558,0.0683351159095764,0.0460460186004639,0.0333451628684998,0.0390056967735291,0.0622256994247437,0.106935441493988,0.0448102355003357,0.0419852137565613,0.077347993850708,0.0733164548873901,0.0138924717903137,0.0456584095954895,0.0832565426826477,0.0103612542152405,0.08049076795578,0.069211483001709,0.0612004399299622,0.094511091709137,0.0587056875228882,0.0994074940681458,0.0328934788703918,0.0252185463905334,0.0777746438980103,0.0928438901901245,0.0936578512191772,0.0183489322662354,0.071333110332489,0.0801568031311035,0.0899958610534668,0.0521778464317322,0.101127684116364,0.100086212158203,0.108215153217316,0.100847840309143,0.0808168053627014,0.129715859889984
"22084034",0.00200790166854858,0.00824767351150513,0.0259450674057007,0.0360106825828552,0.00296759605407715,0.0300428867340088,0.0320543050765991,0.0414804220199585,0.0304225087165833,0,0.0133525729179382,0.0434994101524353,0.0532530546188354,0.0517185926437378,0.0107488632202148,0.0441365838050842,0.0191648602485657,0.0334119200706482,0.0135717391967773,0.0283092260360718,0.0853274464607239,0.0343360900878906,0.0114284157752991,0.0556051135063171,0.0240691900253296,0.063140332698822,0.0513800382614136,0.0177675485610962,0.0110864043235779,0.0534942150115967,0.0635489225387573,0.0247197151184082,0.0268186330795288,0.00550854206085205,0.0328285098075867,0.0229506492614746,0.030323326587677,0.0197662115097046,0.0740435123443604,0.0509992837905884,0.0468049049377441,0.0323874354362488,0.0331125259399414,0.00211894512176514,0.049490749835968,0.0734010934829712,0.026088535785675,0.0568385720252991,0.0610219240188599,0.00623041391372681,0.0172561407089233,0.0494045615196228,0.0834293961524963,0.0813541412353516,0.00357669591903687,0.0283147692680359,0.0320388674736023,0.0633437633514404,0.0997824668884277,0.0804638266563416,0.0858773589134216,0.0500578880310059,0.0133945345878601,0.0699703097343445,0.062860369682312,0.112283229827881,0.0470448732376099,0.0804024338722229,0.0853233337402344,0.0716918706893921,0.0586690306663513,0.0676470398902893,0.0568676590919495,0.0222237706184387,0.025205671787262,0.116723656654358,0.0676009654998779,0.0143547654151917,0.0184864401817322,0.107191145420074,0.103926837444305,0.0814079642295837,0.120036840438843,0.115087568759918,0.135403275489807,0.0604658126831055,0.119296848773956,0.115365624427795,0.1232950091362,0.115586340427399,0.0917325615882874,0.0821554064750671,0.12370091676712,0.11462265253067,0.108615398406982,0.0685293078422546,0.0958248376846313,0.133432507514954,0.123937726020813,0.0734043717384338,0.097048282623291,0.0314711928367615,0.0175595879554749,0.0586863160133362,0.0375111699104309,0.0915904641151428,0.0647934675216675,0.060874879360199,0.048625111579895,0.0791437029838562,0.00578951835632324,0.0395005345344543,0.00139927864074707,0.0224586725234985,0.0615807771682739,0.0489971041679382,0.0601341724395752,0.0443783402442932,0.0582119226455688,0.0569645166397095,0.0658398866653442,0.0771706700325012,0.0779362320899963,0.0181038379669189,0.064872682094574,0.0761731863021851,0.0538594126701355,0.0494066476821899,0.0729648470878601,0.0537458658218384,0.0633745193481445,0.0653120279312134,0.0808239579200745,0.0758346319198608,0.0227681398391724,0.00847232341766357,0.0857139229774475,0.0501095652580261,0.0261029005050659,0.053006112575531,0.110477328300476,0.106289982795715,0.106631398200989,0.0225503444671631,0.0490195751190186,0.0527804493904114,0.0771243572235107,0.0502047538757324,0.127794206142426,0.11585658788681,0.0991434454917908,0.0572742223739624,0.085166871547699,0.0213150382041931,0.0726000070571899,0.0324656367301941,0.075422465801239,0.0987576246261597,0.0764685273170471,0.063767671585083,0.0694282054901123,0.0926482081413269,0.137357950210571,0.0752327442169189,0.0724077224731445,0.107770502567291,0.103738963603973,0.044314980506897,0.0760809183120728,0.113679051399231,0.0407837629318237,0.110913276672363,0.0996339917182922,0.0916229486465454,0.12493360042572,0.0891281962394714,0.129830002784729,0.0633159875869751,0.0556410551071167,0.108197152614594,0.123266398906708,0.12408035993576,0.0487714409828186,0.101755619049072,0.110579311847687,0.12041836977005,0.0826003551483154,0.131550192832947,0.130508720874786,0.138637661933899,0.131270349025726,0.111239314079285,0.160138368606567
"22084035",0.0113446712493896,0.00510489940643311,0.0392976403236389,0.022658109664917,0.0163201689720154,0.043395459651947,0.0454068779945374,0.0548329949378967,0.0437750816345215,0.0133525729179382,0,0.0301468372344971,0.0666056275367737,0.0383660197257996,0.0241014361381531,0.0574891567230225,0.0325174331665039,0.0467644929885864,0.0269243121147156,0.04166179895401,0.0719748735427856,0.0476886630058289,0.0247809886932373,0.0689576864242554,0.0107166171073914,0.0764929056167603,0.0647326111793518,0.0311201214790344,0.00226616859436035,0.0668467879295349,0.0769014954566956,0.0380722880363464,0.040171205997467,0.00784403085708618,0.0461810827255249,0.0363032221794128,0.0436758995056152,0.0331187844276428,0.0873960852622986,0.0643518567085266,0.0601574778556824,0.045740008354187,0.0464650988578796,0.0154715180397034,0.0628433227539062,0.0867536664009094,0.0394411087036133,0.0701911449432373,0.0743744969367981,0.019582986831665,0.00390356779098511,0.062757134437561,0.0967819690704346,0.0947067141532898,0.0169292688369751,0.0416673421859741,0.0453914403915405,0.0766963362693787,0.113135039806366,0.0938163995742798,0.0992299318313599,0.0634104609489441,0.0267471075057983,0.0833228826522827,0.0762129426002502,0.125635802745819,0.0603974461555481,0.0937550067901611,0.0986759066581726,0.0850444436073303,0.0720216035842896,0.0809996128082275,0.0702202320098877,0.035576343536377,0.0118530988693237,0.130076229572296,0.0809535384178162,0.0277073383331299,0.0318390130996704,0.120543718338013,0.117279410362244,0.094760537147522,0.133389413356781,0.128440141677856,0.148755848407745,0.0738183856010437,0.132649421691895,0.128718197345734,0.136647582054138,0.128938913345337,0.105085134506226,0.0955079793930054,0.137053489685059,0.127975225448608,0.121967971324921,0.0818818807601929,0.10917741060257,0.146785080432892,0.137290298938751,0.0867569446563721,0.110400855541229,0.0448237657546997,0.0309121608734131,0.0720388889312744,0.0508637428283691,0.104943037033081,0.0781460404396057,0.0742274522781372,0.0619776844978333,0.0924962759017944,0.0191420912742615,0.0528531074523926,0.0119532942771912,0.0358112454414368,0.0749333500862122,0.0623496770858765,0.0734867453575134,0.031025767326355,0.0715644955635071,0.0703170895576477,0.0791924595832825,0.0905232429504395,0.0912888050079346,0.0314564108848572,0.0782252550125122,0.0895257592201233,0.0672119855880737,0.0627592206001282,0.0863174200057983,0.0670984387397766,0.0767270922660828,0.0786646008491516,0.0941765308380127,0.0891872048377991,0.0361207127571106,0.00488024950027466,0.0990664958953857,0.0634621381759644,0.0394554734230042,0.0663586854934692,0.123829901218414,0.119642555713654,0.119983971118927,0.0359029173851013,0.0623721480369568,0.0661330223083496,0.090476930141449,0.0635573267936707,0.141146779060364,0.129209160804749,0.112496018409729,0.0706267952919006,0.0985194444656372,0.0346676111221313,0.0859525799751282,0.0458182096481323,0.0887750387191772,0.112110197544098,0.0898211002349854,0.0771202445030212,0.0827807784080505,0.106000781059265,0.15071052312851,0.0885853171348572,0.0857602953910828,0.121123075485229,0.117091536521912,0.0576675534248352,0.089433491230011,0.127031624317169,0.054136335849762,0.124265849590302,0.11298656463623,0.104975521564484,0.138286173343658,0.10248076915741,0.143182575702667,0.0766685605049133,0.0689936280250549,0.121549725532532,0.136618971824646,0.137432932853699,0.0621240139007568,0.11510819196701,0.123931884765625,0.133770942687988,0.0959529280662537,0.144902765750885,0.143861293792725,0.151990234851837,0.144622921943665,0.124591886997223,0.173490941524506
"22084036",0.0414915084838867,0.0352517366409302,0.069444477558136,0.00748872756958008,0.0464670062065125,0.0735422968864441,0.0755537152290344,0.0849798321723938,0.0739219188690186,0.0434994101524353,0.0301468372344971,0,0.0967524647712708,0.00821918249130249,0.0542482733726501,0.0876359939575195,0.062664270401001,0.0769113302230835,0.0570711493492126,0.0718086361885071,0.0418280363082886,0.0778355002403259,0.0549278259277344,0.0991045236587524,0.0194302201271057,0.106639742851257,0.0948794484138489,0.0612669587135315,0.0324130058288574,0.096993625164032,0.107048332691193,0.0682191252708435,0.0703180432319641,0.0379908680915833,0.076327919960022,0.0664500594139099,0.0738227367401123,0.0632656216621399,0.117542922496796,0.0944986939430237,0.0903043150901794,0.0758868455886841,0.0766119360923767,0.0456183552742004,0.0929901599884033,0.116900503635406,0.0695879459381104,0.100337982177734,0.104521334171295,0.0497298240661621,0.026243269443512,0.0929039716720581,0.126928806304932,0.124853551387787,0.0470761060714722,0.0718141794204712,0.0755382776260376,0.106843173503876,0.143281877040863,0.123963236808777,0.129376769065857,0.0935572981834412,0.0568939447402954,0.11346971988678,0.106359779834747,0.155782639980316,0.0905442833900452,0.123901844024658,0.12882274389267,0.115191280841827,0.102168440818787,0.111146450042725,0.100367069244385,0.065723180770874,0.0182937383651733,0.160223066806793,0.111100375652313,0.057854175567627,0.0619858503341675,0.15069055557251,0.147426247596741,0.124907374382019,0.163536250591278,0.158586978912354,0.178902685642242,0.103965222835541,0.162796258926392,0.158865034580231,0.166794419288635,0.159085750579834,0.135231971740723,0.125654816627502,0.167200326919556,0.158122062683105,0.152114808559418,0.11202871799469,0.139324247837067,0.176931917667389,0.167437136173248,0.116903781890869,0.140547692775726,0.0749706029891968,0.0610589981079102,0.102185726165771,0.0810105800628662,0.135089874267578,0.108292877674103,0.104374289512634,0.0921245217323303,0.122643113136292,0.0492889285087585,0.0829999446868896,0.0421001315116882,0.0659580826759338,0.105080187320709,0.0924965143203735,0.10363358259201,0.00087893009185791,0.101711332798004,0.100463926792145,0.10933929681778,0.120670080184937,0.121435642242432,0.0616032481193542,0.108372092247009,0.11967259645462,0.0973588228225708,0.0929060578346252,0.116464257240295,0.0972452759742737,0.10687392950058,0.108811438083649,0.12432336807251,0.119334042072296,0.0662675499916077,0.0350270867347717,0.129213333129883,0.0936089754104614,0.0696023106575012,0.0965055227279663,0.153976738452911,0.149789392948151,0.150130808353424,0.0660497546195984,0.0925189852714539,0.0962798595428467,0.120623767375946,0.0937041640281677,0.171293616294861,0.159355998039246,0.142642855644226,0.100773632526398,0.128666281700134,0.0648144483566284,0.116099417209625,0.0759650468826294,0.118921875953674,0.142257034778595,0.119967937469482,0.107267081737518,0.112927615642548,0.136147618293762,0.180857360363007,0.118732154369354,0.11590713262558,0.151269912719727,0.147238373756409,0.0878143906593323,0.119580328464508,0.157178461551666,0.084283173084259,0.154412686824799,0.143133401870728,0.135122358798981,0.168433010578156,0.132627606391907,0.173329412937164,0.10681539773941,0.099140465259552,0.151696562767029,0.166765809059143,0.167579770088196,0.0922708511352539,0.145255029201508,0.154078722000122,0.163917779922485,0.126099765300751,0.175049602985382,0.174008131027222,0.182137072086334,0.174769759178162,0.15473872423172,0.203637778759003
"22084037",0.055260956287384,0.0615007281303406,0.0273079872131348,0.0892637372016907,0.0502854585647583,0.0232101678848267,0.0211987495422363,0.011772632598877,0.0228305459022522,0.0532530546188354,0.0666056275367737,0.0967524647712708,0,0.104971647262573,0.0425041913986206,0.00911647081375122,0.0340881943702698,0.0198411345481873,0.0396813154220581,0.0249438285827637,0.138580501079559,0.0189169645309448,0.0418246388435364,0.00235205888748169,0.077322244644165,0.00988727807998657,0.00187301635742188,0.0354855060577393,0.0643394589424133,0.00024116039276123,0.0102958679199219,0.0285333395004272,0.0264344215393066,0.0587615966796875,0.0204245448112488,0.0303024053573608,0.0229297280311584,0.0334868431091309,0.0207904577255249,0.00225377082824707,0.00644814968109131,0.0208656191825867,0.020140528678894,0.0511341094970703,0.00376230478286743,0.0201480388641357,0.0271645188331604,0.00358551740646362,0.00776886940002441,0.0470226407051086,0.0705091953277588,0.00384849309921265,0.0301763415336609,0.0281010866165161,0.0496763586997986,0.0249382853507996,0.0212141871452332,0.010090708732605,0.0465294122695923,0.0272107720375061,0.0326243042945862,0.00319516658782959,0.0398585200309753,0.016717255115509,0.00960731506347656,0.0590301752090454,0.00620818138122559,0.0271493792533875,0.0320702791213989,0.0184388160705566,0.00541597604751587,0.0143939852714539,0.00361460447311401,0.0310292840003967,0.0784587264060974,0.0634706020355225,0.0143479108810425,0.0388982892036438,0.0347666144371033,0.053938090801239,0.05067378282547,0.0281549096107483,0.0667837858200073,0.0618345141410828,0.0821502208709717,0.00721275806427002,0.0660437941551208,0.06211256980896,0.0700419545173645,0.0623332858085632,0.0384795069694519,0.0289023518562317,0.0704478621482849,0.0613695979118347,0.055362343788147,0.0152762532234192,0.0425717830657959,0.0801794528961182,0.0706846714019775,0.0201513171195984,0.0437952280044556,0.021781861782074,0.0356934666633606,0.00543326139450073,0.0157418847084045,0.0383374094963074,0.011540412902832,0.00762182474136353,0.00462794303894043,0.0258906483650208,0.0474635362625122,0.0137525200843811,0.0546523332595825,0.0307943820953369,0.00832772254943848,0.00425595045089722,0.00688111782073975,0.0976313948631287,0.0049588680267334,0.00371146202087402,0.0125868320465088,0.0239176154136658,0.0246831774711609,0.0351492166519165,0.0116196274757385,0.0229201316833496,0.000606358051300049,0.00384640693664551,0.0197117924690247,0.00049281120300293,0.0101214647293091,0.0120589733123779,0.027570903301239,0.0225815773010254,0.0304849147796631,0.061725378036499,0.0324608683586121,0.00314348936080933,0.0271501541137695,0.000246942043304443,0.0572242736816406,0.0530369281768799,0.0533783435821533,0.0307027101516724,0.00423347949981689,0.000472605228424072,0.0238713026046753,0.00304830074310303,0.0745411515235901,0.0626035332679749,0.0458903908729553,0.00402116775512695,0.0319138169288635,0.0319380164146423,0.0193469524383545,0.0207874178886414,0.0221694111824036,0.0455045700073242,0.0232154726982117,0.0105146169662476,0.0161751508712769,0.0393951535224915,0.0841048955917358,0.0219796895980835,0.0191546678543091,0.0545174479484558,0.0504859089851379,0.00893807411193848,0.0228278636932373,0.0604259967803955,0.0124692916870117,0.0576602220535278,0.0463809370994568,0.03836989402771,0.0716805458068848,0.035875141620636,0.0765769481658936,0.0100629329681396,0.00238800048828125,0.0549440979957581,0.0700133442878723,0.070827305316925,0.00448161363601685,0.0485025644302368,0.0573262572288513,0.0671653151512146,0.02934730052948,0.0782971382141113,0.0772556662559509,0.0853846073150635,0.0780172944068909,0.0579862594604492,0.106885313987732
"22084039",0.0497106909751892,0.0434709191322327,0.0776636600494385,0.0157079100608826,0.0546861886978149,0.0817614793777466,0.0837728977203369,0.0931990146636963,0.082141101360321,0.0517185926437378,0.0383660197257996,0.00821918249130249,0.104971647262573,0,0.0624674558639526,0.095855176448822,0.0708834528923035,0.085130512714386,0.0652903318405151,0.0800278186798096,0.0336088538169861,0.0860546827316284,0.0631470084190369,0.107323706150055,0.0276494026184082,0.11485892534256,0.103098630905151,0.069486141204834,0.0406321883201599,0.105212807655334,0.115267515182495,0.076438307762146,0.0785372257232666,0.0462100505828857,0.0845471024513245,0.0746692419052124,0.0820419192314148,0.0714848041534424,0.125762104988098,0.102717876434326,0.0985234975814819,0.0841060280799866,0.0848311185836792,0.0538375377655029,0.101209342479706,0.125119686126709,0.0778071284294128,0.108557164669037,0.112740516662598,0.0579490065574646,0.0344624519348145,0.101123154163361,0.135147988796234,0.133072733879089,0.0552952885627747,0.0800333619117737,0.0837574601173401,0.115062355995178,0.151501059532166,0.132182419300079,0.137595951557159,0.101776480674744,0.0651131272315979,0.121688902378082,0.11457896232605,0.164001822471619,0.0987634658813477,0.132121026515961,0.137041926383972,0.12341046333313,0.110387623310089,0.119365632534027,0.108586251735687,0.0739423632621765,0.0265129208564758,0.168442249298096,0.119319558143616,0.0660733580589294,0.07020503282547,0.158909738063812,0.155645430088043,0.133126556873322,0.171755433082581,0.166806161403656,0.187121868133545,0.112184405326843,0.171015441417694,0.167084217071533,0.175013601779938,0.167304933071136,0.143451154232025,0.133873999118805,0.175419509410858,0.166341245174408,0.16033399105072,0.120247900485992,0.147543430328369,0.185151100158691,0.175656318664551,0.125122964382172,0.148766875267029,0.0831897854804993,0.0692781805992126,0.110404908657074,0.0892297625541687,0.143309056758881,0.116512060165405,0.112593472003937,0.100343704223633,0.130862295627594,0.057508111000061,0.0912191271781921,0.0503193140029907,0.0741772651672363,0.113299369812012,0.100715696811676,0.111852765083313,0.00734025239944458,0.109930515289307,0.108683109283447,0.117558479309082,0.128889262676239,0.129654824733734,0.0698224306106567,0.116591274738312,0.127891778945923,0.105578005313873,0.101125240325928,0.124683439731598,0.105464458465576,0.115093111991882,0.117030620574951,0.132542550563812,0.127553224563599,0.0744867324829102,0.0432462692260742,0.137432515621185,0.101828157901764,0.0778214931488037,0.104724705219269,0.162195920944214,0.158008575439453,0.158349990844727,0.0742689371109009,0.100738167762756,0.104499042034149,0.128842949867249,0.10192334651947,0.179512798786163,0.167575180530548,0.150862038135529,0.1089928150177,0.136885464191437,0.0730336308479309,0.124318599700928,0.0841842293739319,0.127141058444977,0.150476217269897,0.128187119960785,0.115486264228821,0.12114679813385,0.144366800785065,0.189076542854309,0.126951336860657,0.124126315116882,0.159489095211029,0.155457556247711,0.0960335731506348,0.127799510955811,0.165397644042969,0.0925023555755615,0.162631869316101,0.15135258436203,0.143341541290283,0.176652193069458,0.140846788883209,0.181548595428467,0.115034580230713,0.107359647750854,0.159915745258331,0.174984991550446,0.175798952579498,0.100490033626556,0.15347421169281,0.162297904491425,0.172136962413788,0.134318947792053,0.183268785476685,0.182227313518524,0.190356254577637,0.182988941669464,0.162957906723022,0.211856961250305
"22084041",0.0127567648887634,0.01899653673172,0.0151962041854858,0.0467595458030701,0.0077812671661377,0.0192940235137939,0.0213054418563843,0.0307315587997437,0.0196736454963684,0.0107488632202148,0.0241014361381531,0.0542482733726501,0.0425041913986206,0.0624674558639526,0,0.0333877205848694,0.00841599702835083,0.0226630568504333,0.0028228759765625,0.0175603628158569,0.0960763096809387,0.0235872268676758,0.000679552555084229,0.0448562502861023,0.0348180532455444,0.0523914694786072,0.0406311750411987,0.00701868534088135,0.0218352675437927,0.0427453517913818,0.0528000593185425,0.0139708518981934,0.016069769859314,0.0162574052810669,0.0220796465873718,0.0122017860412598,0.0195744633674622,0.00901734828948975,0.0632946491241455,0.0402504205703735,0.0360560417175293,0.0216385722160339,0.0223636627197266,0.00862991809844971,0.0387418866157532,0.0626522302627563,0.0153396725654602,0.0460897088050842,0.050273060798645,0.00451844930648804,0.0280050039291382,0.038655698299408,0.0726805329322815,0.0706052780151367,0.00717216730117798,0.017565906047821,0.0212900042533875,0.0525949001312256,0.0890336036682129,0.0697149634361267,0.0751284956932068,0.039309024810791,0.00264567136764526,0.0592214465141296,0.0521115064620972,0.101534366607666,0.036296010017395,0.0696535706520081,0.0745744705200195,0.0609430074691772,0.0479201674461365,0.0568981766700745,0.0461187958717346,0.0114749073982239,0.0359545350074768,0.105974793434143,0.0568521022796631,0.00360590219497681,0.00773757696151733,0.0964422821998596,0.0931779742240906,0.0706591010093689,0.109287977218628,0.104338705539703,0.124654412269592,0.0497169494628906,0.108547985553741,0.104616761207581,0.112546145915985,0.104837477207184,0.0809836983680725,0.0714065432548523,0.112952053546906,0.103873789310455,0.0978665351867676,0.0577804446220398,0.0850759744644165,0.122683644294739,0.113188862800598,0.062655508518219,0.0862994194030762,0.0207223296165466,0.00681072473526001,0.0479374527931213,0.0267623066902161,0.080841600894928,0.0540446043014526,0.0501260161399841,0.0378762483596802,0.0683948397636414,0.0049593448638916,0.0287516713142395,0.0121481418609619,0.0117098093032837,0.0508319139480591,0.0382482409477234,0.0493853092193604,0.0551272034645081,0.047463059425354,0.0462156534194946,0.0550910234451294,0.0664218068122864,0.0671873688697815,0.0073549747467041,0.0541238188743591,0.0654243230819702,0.0431105494499207,0.0386577844619751,0.0622159838676453,0.0429970026016235,0.0526256561279297,0.0545631647109985,0.0700750946998596,0.065085768699646,0.0120192766189575,0.0192211866378784,0.0749650597572327,0.0393607020378113,0.0153540372848511,0.0422572493553162,0.0997284650802612,0.0955411195755005,0.0958825349807739,0.0118014812469482,0.0382707118988037,0.0420315861701965,0.0663754940032959,0.0394558906555176,0.117045342922211,0.105107724666595,0.0883945822715759,0.0465253591537476,0.0744180083274841,0.0105661749839783,0.0618511438369751,0.0217167735099792,0.0646736025810242,0.0880087614059448,0.0657196640968323,0.0530188083648682,0.0586793422698975,0.0818993449211121,0.126609086990356,0.0644838809967041,0.0616588592529297,0.0970216393470764,0.0929901003837585,0.0335661172866821,0.0653320550918579,0.102930188179016,0.0300348997116089,0.100164413452148,0.0888851284980774,0.0808740854263306,0.114184737205505,0.0783793330192566,0.119081139564514,0.0525671243667603,0.0448921918869019,0.0974482893943787,0.112517535686493,0.113331496715546,0.0380225777626038,0.0910067558288574,0.0998304486274719,0.109669506549835,0.0718514919281006,0.120801329612732,0.119759857654572,0.127888798713684,0.120521485805511,0.10049045085907,0.149389505386353
"22085028",0.0461444854736328,0.0523842573165894,0.0181915163993835,0.0801472663879395,0.0411689877510071,0.0140936970710754,0.0120822787284851,0.00265616178512573,0.013714075088501,0.0441365838050842,0.0574891567230225,0.0876359939575195,0.00911647081375122,0.095855176448822,0.0333877205848694,0,0.0249717235565186,0.010724663734436,0.0305648446083069,0.0158273577690125,0.129464030265808,0.0098004937171936,0.0327081680297852,0.0114685297012329,0.0682057738304138,0.0190037488937378,0.00724345445632935,0.026369035243988,0.0552229881286621,0.00935763120651245,0.0194123387336731,0.019416868686676,0.0173179507255554,0.0496451258659363,0.0113080739974976,0.0211859345436096,0.0138132572174072,0.0243703722953796,0.0299069285392761,0.00686269998550415,0.00266832113265991,0.0117491483688354,0.0110240578651428,0.0420176386833191,0.00535416603088379,0.029264509677887,0.0180480480194092,0.0127019882202148,0.0168853402137756,0.0379061698913574,0.0613927245140076,0.00526797771453857,0.0392928123474121,0.0372175574302673,0.0405598878860474,0.0158218145370483,0.0120977163314819,0.0192071795463562,0.0556458830833435,0.0363272428512573,0.0417407751083374,0.00592130422592163,0.0307420492172241,0.0258337259292603,0.0187237858772278,0.0681466460227966,0.00290828943252563,0.0362658500671387,0.0411867499351501,0.0275552868843079,0.0145324468612671,0.0235104560852051,0.0127310752868652,0.0219128131866455,0.0693422555923462,0.0725870728492737,0.0234643816947937,0.0297818183898926,0.0256501436233521,0.0630545616149902,0.0597902536392212,0.0372713804244995,0.0759002566337585,0.070950984954834,0.0912666916847229,0.0163292288780212,0.0751602649688721,0.0712290406227112,0.0791584253311157,0.0714497566223145,0.0475959777832031,0.0380188226699829,0.0795643329620361,0.0704860687255859,0.0644788146018982,0.0243927240371704,0.0516882538795471,0.0892959237098694,0.0798011422157288,0.0292677879333496,0.0529116988182068,0.0126653909683228,0.0265769958496094,0.014549732208252,0.00662541389465332,0.0474538803100586,0.0206568837165833,0.0167382955551147,0.00448852777481079,0.035007119178772,0.038347065448761,0.00463604927062988,0.0455358624458313,0.0216779112815857,0.0174441933631897,0.004860520362854,0.015997588634491,0.0885149240493774,0.0140753388404846,0.0128279328346252,0.02170330286026,0.033034086227417,0.0337996482849121,0.0260327458381653,0.0207360982894897,0.0320366024971008,0.00972282886505127,0.00527006387710571,0.0288282632827759,0.00960928201675415,0.0192379355430603,0.0211754441261292,0.0366873741149902,0.0316980481147766,0.0213684439659119,0.0526089072227478,0.0415773391723633,0.00597298145294189,0.0180336833000183,0.00886952877044678,0.0663407444953918,0.0621533989906311,0.0624948143959045,0.0215862393379211,0.00488299131393433,0.00864386558532715,0.0329877734184265,0.00606817007064819,0.0836576223373413,0.0717200040817261,0.0550068616867065,0.0131376385688782,0.0410302877426147,0.0228215456008911,0.0284634232521057,0.0116709470748901,0.0312858819961548,0.0546210408210754,0.0323319435119629,0.0196310877799988,0.0252916216850281,0.0485116243362427,0.0932213664054871,0.0310961604118347,0.0282711386680603,0.063633918762207,0.0596023797988892,0.000178396701812744,0.0319443345069885,0.0695424675941467,0.0033528208732605,0.0667766928672791,0.055497407913208,0.0474863648414612,0.080797016620636,0.0449916124343872,0.0856934189796448,0.0191794037818909,0.0115044713020325,0.0640605688095093,0.0791298151016235,0.0799437761306763,0.00463485717773438,0.057619035243988,0.0664427280426025,0.0762817859649658,0.0384637713432312,0.0874136090278625,0.0863721370697021,0.0945010781288147,0.0871337652206421,0.0671027302742004,0.116001784801483
"22085033",0.0211727619171143,0.0274125337600708,0.00678020715713501,0.0551755428314209,0.0161972641944885,0.0108780264854431,0.0128894448280334,0.0223155617713928,0.0112576484680176,0.0191648602485657,0.0325174331665039,0.062664270401001,0.0340881943702698,0.0708834528923035,0.00841599702835083,0.0249717235565186,0,0.0142470598220825,0.00559312105178833,0.0091443657875061,0.10449230670929,0.015171229839325,0.0077364444732666,0.0364402532577515,0.0432340502738953,0.0439754724502563,0.0322151780128479,0.00139731168746948,0.0302512645721436,0.034329354763031,0.0443840622901917,0.00555485486984253,0.00765377283096313,0.0246734023094177,0.013663649559021,0.00378578901290894,0.0111584663391113,0.000601351261138916,0.0548786520957947,0.0318344235420227,0.0276400446891785,0.0132225751876831,0.0139476656913757,0.0170459151268005,0.0303258895874023,0.0542362332344055,0.00692367553710938,0.0376737117767334,0.0418570637702942,0.0129344463348389,0.036421000957489,0.0302397012710571,0.0642645359039307,0.0621892809867859,0.0155881643295288,0.00914990901947021,0.0128740072250366,0.0441789031028748,0.0806176066398621,0.0612989664077759,0.066712498664856,0.0308930277824402,0.00577032566070557,0.0508054494857788,0.0436955094337463,0.0931183695793152,0.0278800129890442,0.0612375736236572,0.0661584734916687,0.0525270104408264,0.0395041704177856,0.0484821796417236,0.0377027988433838,0.00305891036987305,0.0443705320358276,0.0975587964057922,0.0484361052513123,0.00481009483337402,0.000678420066833496,0.0880262851715088,0.0847619771957397,0.0622431039810181,0.100871980190277,0.0959227085113525,0.116238415241241,0.0413009524345398,0.100131988525391,0.0962007641792297,0.104130148887634,0.096421480178833,0.0725677013397217,0.0629905462265015,0.104536056518555,0.0954577922821045,0.0894505381584167,0.049364447593689,0.0766599774360657,0.114267647266388,0.104772865772247,0.0542395114898682,0.0778834223747253,0.0123063325881958,0.00160527229309082,0.0395214557647705,0.0183463096618652,0.0724256038665771,0.0456286072731018,0.0417100191116333,0.0294602513313293,0.0599788427352905,0.0133753418922424,0.0203356742858887,0.0205641388893127,0.00329381227493286,0.0424159169197083,0.0298322439193726,0.0409693121910095,0.0635432004928589,0.0390470623970032,0.0377996563911438,0.0466750264167786,0.0580058097839355,0.0587713718414307,0.00106102228164673,0.0457078218460083,0.0570083260536194,0.0346945524215698,0.0302417874336243,0.0537999868392944,0.0345810055732727,0.0442096590995789,0.0461471676826477,0.0616590976715088,0.0566697716712952,0.00360327959060669,0.0276371836662292,0.0665490627288818,0.0309447050094604,0.00693804025650024,0.0338412523269653,0.0913124680519104,0.0871251225471497,0.0874665379524231,0.00338548421859741,0.0298547148704529,0.0336155891418457,0.0579594969749451,0.0310398936271667,0.10862934589386,0.0966917276382446,0.0799785852432251,0.0381093621253967,0.0660020112991333,0.00215017795562744,0.0534351468086243,0.0133007764816284,0.0562576055526733,0.079592764377594,0.0573036670684814,0.0446028113365173,0.0502633452415466,0.0734833478927612,0.118193089962006,0.0560678839683533,0.0532428622245789,0.0886056423187256,0.0845741033554077,0.0251501202583313,0.0569160580635071,0.0945141911506653,0.0216189026832581,0.0917484164237976,0.0804691314697266,0.0724580883979797,0.105768740177155,0.0699633359909058,0.110665142536163,0.0441511273384094,0.036476194858551,0.0890322923660278,0.104101538658142,0.104915499687195,0.0296065807342529,0.0825907588005066,0.0914144515991211,0.101253509521484,0.0634354948997498,0.112385332584381,0.111343860626221,0.119472801685333,0.112105488777161,0.092074453830719,0.140973508358002
"22085034",0.0354198217391968,0.0416595935821533,0.00746685266494751,0.0694226026535034,0.030444324016571,0.0033690333366394,0.00135761499404907,0.0080685019493103,0.00298941135406494,0.0334119200706482,0.0467644929885864,0.0769113302230835,0.0198411345481873,0.085130512714386,0.0226630568504333,0.010724663734436,0.0142470598220825,0,0.0198401808738708,0.00510269403457642,0.118739366531372,0.000924170017242432,0.0219835042953491,0.0221931934356689,0.0574811100959778,0.0297284126281738,0.0179681181907654,0.015644371509552,0.0444983243942261,0.0200822949409485,0.0301370024681091,0.00869220495223999,0.00659328699111938,0.0389204621315002,0.000583410263061523,0.0104612708091736,0.00308859348297119,0.0136457085609436,0.0406315922737122,0.0175873637199402,0.0133929848670959,0.00102448463439941,0.000299394130706787,0.0312929749488831,0.0160788297653198,0.039989173412323,0.00732338428497314,0.0234266519546509,0.0276100039482117,0.0271815061569214,0.0506680607795715,0.0159926414489746,0.0500174760818481,0.0479422211647034,0.0298352241516113,0.0050971508026123,0.0013730525970459,0.0299318432807922,0.0663705468177795,0.0470519065856934,0.0524654388427734,0.0166459679603577,0.0200173854827881,0.0365583896636963,0.0294484496116638,0.0788713097572327,0.0136329531669617,0.0469905138015747,0.0519114136695862,0.0382799506187439,0.0252571105957031,0.0342351198196411,0.0234557390213013,0.0111881494522095,0.0586175918579102,0.0833117365837097,0.0341890454292297,0.0190571546554565,0.014925479888916,0.0737792253494263,0.0705149173736572,0.0479960441589355,0.0866249203681946,0.08167564868927,0.101991355419159,0.0270538926124573,0.0858849287033081,0.0819537043571472,0.0898830890655518,0.0821744203567505,0.0583206415176392,0.0487434864044189,0.0902889966964722,0.081210732460022,0.0752034783363342,0.0351173877716064,0.0624129176139832,0.100020587444305,0.0905258059501648,0.0399924516677856,0.0636363625526428,0.00194072723388672,0.0158523321151733,0.025274395942688,0.00409924983978271,0.0581785440444946,0.0313815474510193,0.0274629592895508,0.0152131915092468,0.045731782913208,0.027622401714325,0.00608861446380615,0.0348111987113953,0.0109532475471497,0.0281688570976257,0.01558518409729,0.026722252368927,0.0777902603149414,0.0248000025749207,0.0235525965690613,0.032427966594696,0.043758749961853,0.0445243120193481,0.0153080821037292,0.0314607620239258,0.0427612662315369,0.0204474925994873,0.0159947276115417,0.0395529270172119,0.0203339457511902,0.0299625992774963,0.0319001078605652,0.0474120378494263,0.0424227118492126,0.0106437802314758,0.0418842434883118,0.0523020029067993,0.0166976451873779,0.00730901956558228,0.0195941925048828,0.0770654082298279,0.0728780627250671,0.0732194781303406,0.0108615756034851,0.0156076550483704,0.0193685293197632,0.0437124371528625,0.0167928338050842,0.0943822860717773,0.0824446678161621,0.0657315254211426,0.0238623023033142,0.0517549514770508,0.0120968818664551,0.0391880869865417,0.000946283340454102,0.0420105457305908,0.0653457045555115,0.0430566072463989,0.0303557515144348,0.0360162854194641,0.0592362880706787,0.103946030139923,0.0418208241462708,0.0389958024024963,0.0743585824966431,0.0703270435333252,0.0109030604362488,0.0426689982414246,0.0802671313285828,0.00737184286117554,0.0775013566017151,0.066222071647644,0.0582110285758972,0.091521680355072,0.0557162761688232,0.0964180827140808,0.0299040675163269,0.0222291350364685,0.0747852325439453,0.0898544788360596,0.0906684398651123,0.0153595209121704,0.0683436989784241,0.0771673917770386,0.0870064496994019,0.0491884350776672,0.0981382727622986,0.0970968008041382,0.105225741863251,0.0978584289550781,0.0778273940086365,0.126726448535919
"22085035",0.0155796408653259,0.0218194127082825,0.0123733282089233,0.0495824217796326,0.0106041431427002,0.0164711475372314,0.0184825658798218,0.0279086828231812,0.0168507695198059,0.0135717391967773,0.0269243121147156,0.0570711493492126,0.0396813154220581,0.0652903318405151,0.0028228759765625,0.0305648446083069,0.00559312105178833,0.0198401808738708,0,0.0147374868392944,0.0988991856575012,0.0207643508911133,0.00214332342147827,0.0420333743095398,0.0376409292221069,0.0495685935020447,0.0378082990646362,0.00419580936431885,0.0246581435203552,0.0399224758148193,0.04997718334198,0.0111479759216309,0.0132468938827515,0.0190802812576294,0.0192567706108093,0.00937891006469727,0.0167515873908997,0.00619447231292725,0.060471773147583,0.037427544593811,0.0332331657409668,0.0188156962394714,0.0195407867431641,0.0114527940750122,0.0359190106391907,0.0598293542861938,0.0125167965888977,0.0432668328285217,0.0474501848220825,0.00734132528305054,0.0308278799057007,0.0358328223228455,0.069857656955719,0.0677824020385742,0.00999504327774048,0.0147430300712585,0.018467128276825,0.0497720241546631,0.0862107276916504,0.0668920874595642,0.0723056197166443,0.0364861488342285,0.000177204608917236,0.0563985705375671,0.0492886304855347,0.0987114906311035,0.0334731340408325,0.0668306946754456,0.071751594543457,0.0581201314926147,0.045097291469574,0.054075300693512,0.0432959198951721,0.00865203142166138,0.0387774109840393,0.103151917457581,0.0540292263031006,0.000783026218414307,0.00491470098495483,0.0936194062232971,0.0903550982475281,0.0678362250328064,0.106465101242065,0.101515829563141,0.12183153629303,0.0468940734863281,0.105725109577179,0.101793885231018,0.109723269939423,0.102014601230621,0.07816082239151,0.0685836672782898,0.110129177570343,0.101050913333893,0.0950436592102051,0.0549575686454773,0.082253098487854,0.119860768318176,0.110365986824036,0.0598326325416565,0.0834765434265137,0.0178994536399841,0.00398784875869751,0.0451145768165588,0.0239394307136536,0.0780187249183655,0.0512217283248901,0.0473031401634216,0.0350533723831177,0.0655719637870789,0.0077822208404541,0.025928795337677,0.0149710178375244,0.00888693332672119,0.0480090379714966,0.0354253649711609,0.0465624332427979,0.0579500794410706,0.0446401834487915,0.0433927774429321,0.0522681474685669,0.0635989308357239,0.064364492893219,0.0045320987701416,0.0513009428977966,0.0626014471054077,0.0402876734733582,0.0358349084854126,0.0593931078910828,0.040174126625061,0.0498027801513672,0.051740288734436,0.0672522187232971,0.0622628927230835,0.00919640064239502,0.0220440626144409,0.0721421837806702,0.0365378260612488,0.0125311613082886,0.0394343733787537,0.0969055891036987,0.092718243598938,0.0930596590042114,0.00897860527038574,0.0354478359222412,0.039208710193634,0.0635526180267334,0.0366330146789551,0.114222466945648,0.102284848690033,0.0855717062950134,0.0437024831771851,0.0715951323509216,0.00774329900741577,0.0590282678604126,0.0188938975334167,0.0618507266044617,0.0851858854293823,0.0628967881202698,0.0501959323883057,0.055856466293335,0.0790764689445496,0.123786211013794,0.0616610050201416,0.0588359832763672,0.0941987633705139,0.090167224407196,0.0307432413101196,0.0625091791152954,0.100107312202454,0.0272120237350464,0.0973415374755859,0.0860622525215149,0.0780512094497681,0.111361861228943,0.0755564570426941,0.116258263587952,0.0497442483901978,0.0420693159103394,0.0946254134178162,0.10969465970993,0.110508620738983,0.0351997017860413,0.0881838798522949,0.0970075726509094,0.106846630573273,0.0690286159515381,0.117978453636169,0.116936981678009,0.125065922737122,0.117698609828949,0.0976675748825073,0.14656662940979
"22085037",0.0303171277046204,0.0365568995475769,0.00236415863037109,0.064319908618927,0.0253416299819946,0.00173366069793701,0.00374507904052734,0.0131711959838867,0.00211328268051147,0.0283092260360718,0.04166179895401,0.0718086361885071,0.0249438285827637,0.0800278186798096,0.0175603628158569,0.0158273577690125,0.0091443657875061,0.00510269403457642,0.0147374868392944,0,0.113636672496796,0.00602686405181885,0.0168808102607727,0.0272958874702454,0.0523784160614014,0.0348311066627502,0.0230708122253418,0.0105416774749756,0.0393956303596497,0.0251849889755249,0.0352396965026855,0.00358951091766357,0.00149059295654297,0.0338177680969238,0.00451928377151489,0.00535857677459717,0.00201410055160522,0.00854301452636719,0.0457342863082886,0.0226900577545166,0.0184956789016724,0.004078209400177,0.00480329990386963,0.0261902809143066,0.0211815237998962,0.0450918674468994,0.00222069025039673,0.0285293459892273,0.0327126979827881,0.022078812122345,0.0455653667449951,0.021095335483551,0.0551201701164246,0.0530449151992798,0.0247325301170349,5.54323196411133e-06,0.00372964143753052,0.0350345373153687,0.071473240852356,0.0521546006202698,0.0575681328773499,0.0217486619949341,0.0149146914482117,0.0416610836982727,0.0345511436462402,0.0839740037918091,0.0187356472015381,0.0520932078361511,0.0570141077041626,0.0433826446533203,0.0303598046302795,0.0393378138542175,0.0285584330558777,0.00608545541763306,0.0535148978233337,0.0884144306182861,0.0392917394638062,0.0139544606208801,0.0098227858543396,0.0788819193840027,0.0756176114082336,0.053098738193512,0.091727614402771,0.0867783427238464,0.107094049453735,0.0321565866470337,0.0909876227378845,0.0870563983917236,0.0949857831001282,0.0872771143913269,0.0634233355522156,0.0538461804389954,0.0953916907310486,0.0863134264945984,0.0803061723709106,0.0402200818061829,0.0675156116485596,0.105123281478882,0.0956284999847412,0.0450951457023621,0.0687390565872192,0.0031619668006897,0.0107496380805969,0.0303770899772644,0.00920194387435913,0.063281238079071,0.0364842414855957,0.0325656533241272,0.0203158855438232,0.0508344769477844,0.0225197076797485,0.0111913084983826,0.0297085046768188,0.00585055351257324,0.0332715511322021,0.0206878781318665,0.0318249464035034,0.072687566280365,0.0299026966094971,0.0286552906036377,0.0375306606292725,0.0488614439964294,0.0496270060539246,0.0102053880691528,0.0365634560585022,0.0478639602661133,0.0255501866340637,0.0210974216461182,0.0446556210517883,0.0254366397857666,0.0350652933120728,0.0370028018951416,0.0525147318840027,0.0475254058837891,0.00554108619689941,0.0367815494537354,0.0574046969413757,0.0218003392219543,0.00220632553100586,0.0246968865394592,0.0821681022644043,0.0779807567596436,0.078322172164917,0.00575888156890869,0.0207103490829468,0.0244712233543396,0.048815131187439,0.0218955278396606,0.0994849801063538,0.0875473618507385,0.070834219455719,0.0289649963378906,0.0568576455116272,0.00699418783187866,0.0442907810211182,0.00415641069412231,0.0471132397651672,0.0704483985900879,0.0481593012809753,0.0354584455490112,0.0411189794540405,0.0643389821052551,0.1090487241745,0.0469235181808472,0.0440984964370728,0.0794612765312195,0.0754297375679016,0.0160057544708252,0.047771692276001,0.0853698253631592,0.012474536895752,0.0826040506362915,0.0713247656822205,0.0633137226104736,0.0966243743896484,0.0608189702033997,0.101520776748657,0.0350067615509033,0.0273318290710449,0.0798879265785217,0.094957172870636,0.0957711338996887,0.0204622149467468,0.0734463930130005,0.082270085811615,0.0921091437339783,0.0542911291122437,0.103240966796875,0.102199494838715,0.110328435897827,0.102961122989655,0.0829300880432129,0.131829142570496
"22085039",0.0833195447921753,0.0770797729492188,0.111272513866425,0.0493167638778687,0.088295042514801,0.115370333194733,0.117381751537323,0.126807868480682,0.115749955177307,0.0853274464607239,0.0719748735427856,0.0418280363082886,0.138580501079559,0.0336088538169861,0.0960763096809387,0.129464030265808,0.10449230670929,0.118739366531372,0.0988991856575012,0.113636672496796,0,0.119663536548615,0.0967558622360229,0.140932559967041,0.0612582564353943,0.148467779159546,0.136707484722137,0.10309499502182,0.074241042137146,0.138821661472321,0.148876368999481,0.110047161579132,0.112146079540253,0.0798189043998718,0.118155956268311,0.108278095722198,0.115650773048401,0.105093657970428,0.159370958805084,0.136326730251312,0.132132351398468,0.117714881896973,0.118439972400665,0.087446391582489,0.134818196296692,0.158728539943695,0.111415982246399,0.142166018486023,0.146349370479584,0.0915578603744507,0.0680713057518005,0.134732007980347,0.16875684261322,0.166681587696075,0.0889041423797607,0.11364221572876,0.117366313934326,0.148671209812164,0.185109913349152,0.165791273117065,0.171204805374146,0.13538533449173,0.098721981048584,0.155297756195068,0.148187816143036,0.197610676288605,0.132372319698334,0.165729880332947,0.170650780200958,0.157019317150116,0.143996477127075,0.152974486351013,0.142195105552673,0.107551217079163,0.0601217746734619,0.202051103115082,0.152928411960602,0.0996822118759155,0.103813886642456,0.192518591880798,0.189254283905029,0.166735410690308,0.205364286899567,0.200415015220642,0.220730721950531,0.145793259143829,0.20462429523468,0.200693070888519,0.208622455596924,0.200913786888123,0.177060008049011,0.167482852935791,0.209028363227844,0.199950098991394,0.193942844867706,0.153856754302979,0.181152284145355,0.218759953975677,0.209265172481537,0.158731818199158,0.182375729084015,0.116798639297485,0.102887034416199,0.14401376247406,0.122838616371155,0.176917910575867,0.150120913982391,0.146202325820923,0.133952558040619,0.16447114944458,0.0911169648170471,0.124827980995178,0.0839281678199768,0.107786118984222,0.146908223628998,0.134324550628662,0.145461618900299,0.0409491062164307,0.143539369106293,0.142291963100433,0.151167333126068,0.162498116493225,0.16326367855072,0.103431284427643,0.150200128555298,0.161500632762909,0.139186859130859,0.134734094142914,0.158292293548584,0.139073312282562,0.148701965808868,0.150639474391937,0.166151404380798,0.161162078380585,0.108095586299896,0.0768551230430603,0.171041369438171,0.13543701171875,0.11143034696579,0.138333559036255,0.1958047747612,0.191617429256439,0.191958844661713,0.107877790927887,0.134347021579742,0.138107895851135,0.162451803684235,0.135532200336456,0.213121652603149,0.201184034347534,0.184470891952515,0.142601668834686,0.170494318008423,0.106642484664917,0.157927453517914,0.117793083190918,0.160749912261963,0.184085071086884,0.161795973777771,0.149095118045807,0.154755651950836,0.177975654602051,0.222685396671295,0.160560190677643,0.157735168933868,0.193097949028015,0.189066410064697,0.129642426967621,0.161408364772797,0.199006497859955,0.126111209392548,0.196240723133087,0.184961438179016,0.176950395107269,0.210261046886444,0.174455642700195,0.215157449245453,0.148643434047699,0.140968501567841,0.193524599075317,0.208593845367432,0.209407806396484,0.134098887443542,0.187083065509796,0.195906758308411,0.205745816230774,0.167927801609039,0.216877639293671,0.21583616733551,0.223965108394623,0.21659779548645,0.196566760540009,0.245465815067291
"22085041",0.0363439917564392,0.0425837635993958,0.00839102268218994,0.0703467726707458,0.0313684940338135,0.00429320335388184,0.0022817850112915,0.00714433193206787,0.00391358137130737,0.0343360900878906,0.0476886630058289,0.0778355002403259,0.0189169645309448,0.0860546827316284,0.0235872268676758,0.0098004937171936,0.015171229839325,0.000924170017242432,0.0207643508911133,0.00602686405181885,0.119663536548615,0,0.0229076743125916,0.0212690234184265,0.0584052801132202,0.0288042426109314,0.0170439481735229,0.0165685415267944,0.0454224944114685,0.0191581249237061,0.0292128324508667,0.00961637496948242,0.00751745700836182,0.0398446321487427,0.00150758028030396,0.011385440826416,0.00401276350021362,0.014569878578186,0.0397074222564697,0.0166631937026978,0.0124688148498535,0.00194865465164185,0.00122356414794922,0.0322171449661255,0.0151546597480774,0.0390650033950806,0.00824755430221558,0.0225024819374084,0.0266858339309692,0.0281056761741638,0.051592230796814,0.0150684714317322,0.0490933060646057,0.0470180511474609,0.0307593941688538,0.00602132081985474,0.00229722261428833,0.0290076732635498,0.0654463768005371,0.0461277365684509,0.051541268825531,0.0157217979431152,0.0209415555000305,0.0356342196464539,0.0285242795944214,0.0779471397399902,0.0127087831497192,0.0460663437843323,0.0509872436523438,0.0373557806015015,0.0243329405784607,0.0333109498023987,0.0225315690040588,0.0121123194694519,0.0595417618751526,0.0823875665664673,0.0332648754119873,0.019981324672699,0.0158496499061584,0.0728550553321838,0.0695907473564148,0.0470718741416931,0.0857007503509521,0.0807514786720276,0.101067185401917,0.0261297225952148,0.0849607586860657,0.0810295343399048,0.0889589190483093,0.0812502503395081,0.0573964715003967,0.0478193163871765,0.0893648266792297,0.0802865624427795,0.0742793083190918,0.034193217754364,0.0614887475967407,0.099096417427063,0.0896016359329224,0.0390682816505432,0.0627121925354004,0.00286489725112915,0.0167765021324158,0.0243502259254456,0.00317507982254028,0.0572543740272522,0.0304573774337769,0.0265387892723083,0.0142890214920044,0.0448076128959656,0.0285465717315674,0.00516444444656372,0.0357353687286377,0.0118774175643921,0.0272446870803833,0.0146610140800476,0.0257980823516846,0.0787144303321838,0.0238758325576782,0.0226284265518188,0.0315037965774536,0.0428345799446106,0.0436001420021057,0.0162322521209717,0.0305365920066833,0.0418370962142944,0.0195233225822449,0.0150705575942993,0.0386287569999695,0.0194097757339478,0.0290384292602539,0.0309759378433228,0.0464878678321838,0.0414985418319702,0.0115679502487183,0.0428084135055542,0.0513778328895569,0.0157734751701355,0.00823318958282471,0.0186700224876404,0.0761412382125854,0.0719538927078247,0.0722953081130981,0.0117857456207275,0.0146834850311279,0.0184443593025208,0.0427882671356201,0.0158686637878418,0.0934581160545349,0.0815204977989197,0.0648073554039001,0.0229381322860718,0.0508307814598083,0.0130210518836975,0.0382639169692993,0.00187045335769653,0.0410863757133484,0.064421534538269,0.0421324372291565,0.0294315814971924,0.0350921154022217,0.0583121180534363,0.103021860122681,0.0408966541290283,0.0380716323852539,0.0734344124794006,0.0694028735160828,0.00997889041900635,0.0417448282241821,0.0793429613113403,0.00644767284393311,0.0765771865844727,0.0652979016304016,0.0572868585586548,0.0905975103378296,0.0547921061515808,0.0954939126968384,0.0289798974990845,0.0213049650192261,0.0738610625267029,0.0889303088188171,0.0897442698478699,0.014435350894928,0.0674195289611816,0.0762432217597961,0.0860822796821594,0.0482642650604248,0.0972141027450562,0.0961726307868958,0.104301571846008,0.0969342589378357,0.076903223991394,0.125802278518677
"22085042",0.0134363174438477,0.0196760892868042,0.0145166516304016,0.0474390983581543,0.00846081972122192,0.0186144709587097,0.0206258893013,0.0300520062446594,0.0189940929412842,0.0114284157752991,0.0247809886932373,0.0549278259277344,0.0418246388435364,0.0631470084190369,0.000679552555084229,0.0327081680297852,0.0077364444732666,0.0219835042953491,0.00214332342147827,0.0168808102607727,0.0967558622360229,0.0229076743125916,0,0.0441766977310181,0.0354976058006287,0.0517119169235229,0.0399516224861145,0.00633913278579712,0.022514820098877,0.0420657992362976,0.0521205067634583,0.0132912993431091,0.0153902173042297,0.0169369578361511,0.0214000940322876,0.0115222334861755,0.0188949108123779,0.00833779573440552,0.0626150965690613,0.0395708680152893,0.0353764891624451,0.0209590196609497,0.0216841101646423,0.00930947065353394,0.0380623340606689,0.0619726777076721,0.014660120010376,0.04541015625,0.0495935082435608,0.00519800186157227,0.0286845564842224,0.0379761457443237,0.0720009803771973,0.0699257254600525,0.00785171985626221,0.0168863534927368,0.0206104516983032,0.0519153475761414,0.0883540511131287,0.0690354108810425,0.0744489431381226,0.0386294722557068,0.00196611881256104,0.0585418939590454,0.0514319539070129,0.100854814052582,0.0356164574623108,0.0689740180969238,0.0738949179649353,0.060263454914093,0.0472406148910522,0.0562186241149902,0.0454392433166504,0.0107953548431396,0.036634087562561,0.105295240879059,0.0561725497245789,0.00292634963989258,0.00705802440643311,0.0957627296447754,0.0924984216690063,0.0699795484542847,0.108608424663544,0.103659152984619,0.123974859714508,0.0490373969078064,0.107868432998657,0.103937208652496,0.111866593360901,0.1041579246521,0.0803041458129883,0.0707269906997681,0.112272500991821,0.103194236755371,0.0971869826316833,0.0571008920669556,0.0843964219093323,0.122004091739655,0.112509310245514,0.0619759559631348,0.0856198668479919,0.0200427770614624,0.00613117218017578,0.0472579002380371,0.0260827541351318,0.0801620483398438,0.0533650517463684,0.0494464635848999,0.0371966958045959,0.0677152872085571,0.00563889741897583,0.0280721187591553,0.0128276944160461,0.0110302567481995,0.0501523613929749,0.0375686883926392,0.0487057566642761,0.0558067560195923,0.0467835068702698,0.0455361008644104,0.0544114708900452,0.0657422542572021,0.0665078163146973,0.00667542219161987,0.0534442663192749,0.064744770526886,0.0424309968948364,0.0379782319068909,0.061536431312561,0.0423174500465393,0.0519461035728455,0.0538836121559143,0.0693955421447754,0.0644062161445618,0.0113397240638733,0.0199007391929626,0.0742855072021484,0.0386811494827271,0.0146744847297668,0.0415776968002319,0.099048912525177,0.0948615670204163,0.0952029824256897,0.011121928691864,0.0375911593437195,0.0413520336151123,0.0656959414482117,0.0387763381004333,0.116365790367126,0.104428172111511,0.0877150297164917,0.0458458065986633,0.0737384557723999,0.00988662242889404,0.0611715912818909,0.021037220954895,0.0639940500259399,0.0873292088508606,0.065040111541748,0.0523392558097839,0.0579997897148132,0.0812197923660278,0.125929534435272,0.0638043284416199,0.0609793066978455,0.0963420867919922,0.0923105478286743,0.0328865647315979,0.0646525025367737,0.102250635623932,0.0293553471565247,0.0994848608970642,0.0882055759429932,0.0801945328712463,0.113505184650421,0.0776997804641724,0.11840158700943,0.051887571811676,0.0442126393318176,0.0967687368392944,0.111837983131409,0.112651944160461,0.0373430252075195,0.0903272032737732,0.0991508960723877,0.108989953994751,0.0711719393730164,0.120121777057648,0.119080305099487,0.1272092461586,0.119841933250427,0.0998108983039856,0.148709952831268
"22086032",0.0576130151748657,0.0638527870178223,0.0296600461006165,0.0916157960891724,0.05263751745224,0.0255622267723083,0.023550808429718,0.0141246914863586,0.0251826047897339,0.0556051135063171,0.0689576864242554,0.0991045236587524,0.00235205888748169,0.107323706150055,0.0448562502861023,0.0114685297012329,0.0364402532577515,0.0221931934356689,0.0420333743095398,0.0272958874702454,0.140932559967041,0.0212690234184265,0.0441766977310181,0,0.0796743035316467,0.00753521919250488,0.00422507524490356,0.0378375649452209,0.066691517829895,0.00211089849472046,0.00794380903244019,0.0308853983879089,0.0287864804267883,0.0611136555671692,0.0227766036987305,0.0326544642448425,0.0252817869186401,0.0358389019966125,0.0184383988380432,0.00460582971572876,0.008800208568573,0.0232176780700684,0.0224925875663757,0.053486168384552,0.00611436367034912,0.0177959799766541,0.0295165777206421,0.00123345851898193,0.00541681051254272,0.0493746995925903,0.0728612542152405,0.00620055198669434,0.0278242826461792,0.0257490277290344,0.0520284175872803,0.0272903442382812,0.0235662460327148,0.00773864984512329,0.0441773533821106,0.0248587131500244,0.0302722454071045,0.00554722547531128,0.042210578918457,0.0143651962280273,0.00725525617599487,0.0566781163215637,0.00856024026870728,0.0247973203659058,0.0297182202339172,0.016086757183075,0.00306391716003418,0.0120419263839722,0.00126254558563232,0.0333813428878784,0.0808107852935791,0.0611185431480408,0.0119958519935608,0.0412503480911255,0.037118673324585,0.0515860319137573,0.0483217239379883,0.0258028507232666,0.0644317269325256,0.0594824552536011,0.07979816198349,0.00486069917678833,0.0636917352676392,0.0597605109214783,0.0676898956298828,0.0599812269210815,0.0361274480819702,0.02655029296875,0.0680958032608032,0.059017539024353,0.0530102849006653,0.0129241943359375,0.0402197241783142,0.0778273940086365,0.0683326125144958,0.0177992582321167,0.0414431691169739,0.0241339206695557,0.0380455255508423,0.00308120250701904,0.0180939435958862,0.0359853506088257,0.00918835401535034,0.00526976585388184,0.00698000192642212,0.0235385894775391,0.0498155951499939,0.0161045789718628,0.0570043921470642,0.0331464409828186,0.00597566366195679,0.00660800933837891,0.00452905893325806,0.0999834537506104,0.00260680913925171,0.00135940313339233,0.0102347731590271,0.0215655565261841,0.0223311185836792,0.0375012755393982,0.00926756858825684,0.0205680727958679,0.00174570083618164,0.0061984658241272,0.017359733581543,0.00185924768447876,0.00776940584182739,0.00970691442489624,0.0252188444137573,0.0202295184135437,0.0328369736671448,0.0640774369239807,0.0301088094711304,0.00549554824829102,0.0295022130012512,0.00259900093078613,0.0548722147941589,0.0506848692893982,0.0510262846946716,0.0330547690391541,0.00658553838729858,0.00282466411590576,0.0215192437171936,0.00540035963058472,0.0721890926361084,0.0602514743804932,0.0435383319854736,0.00166910886764526,0.0295617580413818,0.034290075302124,0.0169948935508728,0.023139476776123,0.0198173522949219,0.0431525111198425,0.02086341381073,0.00816255807876587,0.0138230919837952,0.0370430946350098,0.0817528367042542,0.0196276307106018,0.0168026089668274,0.0521653890609741,0.0481338500976562,0.0112901329994202,0.0204758048057556,0.0580739378929138,0.0148213505744934,0.0553081631660461,0.0440288782119751,0.0360178351402283,0.0693284869194031,0.0335230827331543,0.0742248892784119,0.00771087408065796,3.59416007995605e-05,0.0525920391082764,0.0676612854003906,0.0684752464294434,0.00683367252349854,0.0461505055427551,0.0549741983413696,0.0648132562637329,0.0269952416419983,0.0759450793266296,0.0749036073684692,0.0830325484275818,0.0756652355194092,0.0556342005729675,0.10453325510025
"22086034",0.022061288356781,0.0158215165138245,0.0500142574310303,0.0119414925575256,0.0270367860794067,0.0541120767593384,0.0561234951019287,0.0655496120452881,0.0544916987419128,0.0240691900253296,0.0107166171073914,0.0194302201271057,0.077322244644165,0.0276494026184082,0.0348180532455444,0.0682057738304138,0.0432340502738953,0.0574811100959778,0.0376409292221069,0.0523784160614014,0.0612582564353943,0.0584052801132202,0.0354976058006287,0.0796743035316467,0,0.0872095227241516,0.0754492282867432,0.0418367385864258,0.0129827857017517,0.0775634050369263,0.0876181125640869,0.0487889051437378,0.0508878231048584,0.0185606479644775,0.0568976998329163,0.0470198392868042,0.0543925166130066,0.0438354015350342,0.0981127023696899,0.075068473815918,0.0708740949630737,0.0564566254615784,0.057181715965271,0.0261881351470947,0.0735599398612976,0.0974702835083008,0.0501577258110046,0.0809077620506287,0.0850911140441895,0.0302996039390564,0.00681304931640625,0.0734737515449524,0.107498586177826,0.105423331260681,0.0276458859443665,0.0523839592933655,0.0561080574989319,0.08741295337677,0.123851656913757,0.104533016681671,0.109946548938751,0.0741270780563354,0.0374637246131897,0.0940394997596741,0.0869295597076416,0.13635241985321,0.0711140632629395,0.104471623897552,0.109392523765564,0.0957610607147217,0.0827382206916809,0.0917162299156189,0.0809368491172791,0.0462929606437683,0.00113648176193237,0.140792846679688,0.0916701555252075,0.0384239554405212,0.0425556302070618,0.131260335445404,0.127996027469635,0.105477154254913,0.144106030464172,0.139156758785248,0.159472465515137,0.0845350027084351,0.143366038799286,0.139434814453125,0.14736419916153,0.139655530452728,0.115801751613617,0.106224596500397,0.14777010679245,0.138691842556,0.132684588432312,0.0925984978675842,0.119894027709961,0.157501697540283,0.148006916046143,0.0974735617637634,0.121117472648621,0.0555403828620911,0.0416287779808044,0.0827555060386658,0.0615803599357605,0.115659654140472,0.0888626575469971,0.0849440693855286,0.0726943016052246,0.103212893009186,0.0298587083816528,0.0635697245597839,0.0226699113845825,0.0465278625488281,0.0856499671936035,0.0730662941932678,0.0842033624649048,0.0203091502189636,0.0822811126708984,0.0810337066650391,0.0899090766906738,0.101239860057831,0.102005422115326,0.0421730279922485,0.0889418721199036,0.100242376327515,0.0779286026954651,0.0734758377075195,0.0970340371131897,0.077815055847168,0.0874437093734741,0.089381217956543,0.104893147945404,0.0999038219451904,0.046837329864502,0.015596866607666,0.109783113002777,0.0741787552833557,0.0501720905303955,0.0770753026008606,0.134546518325806,0.130359172821045,0.130700588226318,0.0466195344924927,0.0730887651443481,0.076849639415741,0.10119354724884,0.074273943901062,0.151863396167755,0.13992577791214,0.12321263551712,0.081343412399292,0.109236061573029,0.0453842282295227,0.0966691970825195,0.0565348267555237,0.0994916558265686,0.122826814651489,0.100537717342377,0.0878368616104126,0.0934973955154419,0.116717398166656,0.161427140235901,0.0993019342422485,0.0964769124984741,0.131839692592621,0.127808153629303,0.0683841705322266,0.100150108337402,0.137748241424561,0.0648529529571533,0.134982466697693,0.123703181743622,0.115692138671875,0.14900279045105,0.113197386264801,0.153899192810059,0.0873851776123047,0.0797102451324463,0.132266342639923,0.147335588932037,0.14814954996109,0.0728406310081482,0.125824809074402,0.134648501873016,0.14448755979538,0.106669545173645,0.155619382858276,0.154577910900116,0.162706851959229,0.155339539051056,0.135308504104614,0.184207558631897
"22086037",0.0651482343673706,0.0713880062103271,0.0371952652931213,0.0991510152816772,0.0601727366447449,0.0330974459648132,0.0310860276222229,0.0216599106788635,0.0327178239822388,0.063140332698822,0.0764929056167603,0.106639742851257,0.00988727807998657,0.11485892534256,0.0523914694786072,0.0190037488937378,0.0439754724502563,0.0297284126281738,0.0495685935020447,0.0348311066627502,0.148467779159546,0.0288042426109314,0.0517119169235229,0.00753521919250488,0.0872095227241516,0,0.0117602944374084,0.0453727841377258,0.0742267370223999,0.00964611768722534,0.000408589839935303,0.0384206175804138,0.0363216996192932,0.0686488747596741,0.0303118228912354,0.0401896834373474,0.032817006111145,0.0433741211891174,0.0109031796455383,0.0121410489082336,0.0163354277610779,0.0307528972625732,0.0300278067588806,0.0610213875770569,0.013649582862854,0.0102607607841492,0.037051796913147,0.00630176067352295,0.00211840867996216,0.0569099187850952,0.0803964734077454,0.0137357711791992,0.0202890634536743,0.0182138085365295,0.0595636367797852,0.0348255634307861,0.0311014652252197,0.000203430652618408,0.0366421341896057,0.0173234939575195,0.0227370262145996,0.0130824446678162,0.0497457981109619,0.00682997703552246,0.00027996301651001,0.0491428971290588,0.0160954594612122,0.0172621011734009,0.0221830010414124,0.00855153799057007,0.0044713020324707,0.00450670719146729,0.00627267360687256,0.0409165620803833,0.088346004486084,0.0535833239555359,0.00446063280105591,0.0487855672836304,0.0446538925170898,0.0440508127212524,0.0407865047454834,0.0182676315307617,0.0568965077400208,0.0519472360610962,0.0722629427909851,0.00267452001571655,0.0561565160751343,0.0522252917289734,0.0601546764373779,0.0524460077285767,0.0285922288894653,0.0190150737762451,0.0605605840682983,0.0514823198318481,0.0454750657081604,0.00538897514343262,0.0326845049858093,0.0702921748161316,0.060797393321991,0.0102640390396118,0.033907949924469,0.0316691398620605,0.0455807447433472,0.00445401668548584,0.0256291627883911,0.0284501314163208,0.00165313482284546,0.00226545333862305,0.014515221118927,0.0160033702850342,0.0573508143424988,0.0236397981643677,0.0645396113395691,0.0406816601753235,0.0015595555305481,0.0141432285308838,0.00300616025924683,0.107518672943115,0.00492841005325317,0.00617581605911255,0.00269955396652222,0.0140303373336792,0.0147958993911743,0.0450364947319031,0.00173234939575195,0.013032853603363,0.00928092002868652,0.0137336850166321,0.00982451438903809,0.00939446687698364,0.00023418664932251,0.00217169523239136,0.0176836252212524,0.0126942992210388,0.0403721928596497,0.0716126561164856,0.0225735902786255,0.0130307674407959,0.0370374321937561,0.010134220123291,0.0473369956016541,0.0431496500968933,0.0434910655021667,0.0405899882316589,0.0141207575798035,0.0103598833084106,0.0139840245246887,0.0129355788230896,0.0646538734436035,0.0527162551879883,0.0360031127929688,0.00586611032485962,0.022026538848877,0.0418252944946289,0.00945967435836792,0.0306746959686279,0.012282133102417,0.0356172919273376,0.0133281946182251,0.000627338886260986,0.00628787279129028,0.0295078754425049,0.0742176175117493,0.0120924115180969,0.00926738977432251,0.0446301698684692,0.0405986309051514,0.018825352191925,0.0129405856132507,0.0505387187004089,0.0223565697669983,0.0477729439735413,0.0364936590194702,0.0284826159477234,0.0617932677268982,0.0259878635406494,0.066689670085907,0.000175654888153076,0.00749927759170532,0.0450568199157715,0.0601260662078857,0.0609400272369385,0.0143688917160034,0.0386152863502502,0.0474389791488647,0.057278037071228,0.0194600224494934,0.0684098601341248,0.0673683881759644,0.0754973292350769,0.0681300163269043,0.0480989813804626,0.0969980359077454
"22087029",0.0533879399299622,0.0596277117729187,0.0254349708557129,0.0873907208442688,0.0484124422073364,0.0213371515274048,0.0193257331848145,0.00989961624145508,0.0209575295448303,0.0513800382614136,0.0647326111793518,0.0948794484138489,0.00187301635742188,0.103098630905151,0.0406311750411987,0.00724345445632935,0.0322151780128479,0.0179681181907654,0.0378082990646362,0.0230708122253418,0.136707484722137,0.0170439481735229,0.0399516224861145,0.00422507524490356,0.0754492282867432,0.0117602944374084,0,0.0336124897003174,0.0624664425849915,0.00211417675018311,0.0121688842773438,0.0266603231430054,0.0245614051818848,0.0568885803222656,0.0185515284538269,0.028429388999939,0.0210567116737366,0.031613826751709,0.0226634740829468,0.000380754470825195,0.00457513332366943,0.0189926028251648,0.0182675123214722,0.0492610931396484,0.00188928842544556,0.0220210552215576,0.0252915024757385,0.0054585337638855,0.00964188575744629,0.0451496243476868,0.0686361789703369,0.00197547674179077,0.0320493578910828,0.029974102973938,0.0478033423423767,0.0230652689933777,0.0193411707878113,0.0119637250900269,0.0484024286270142,0.029083788394928,0.0344973206520081,0.00132215023040771,0.0379855036735535,0.0185902714729309,0.0114803314208984,0.0609031915664673,0.00433516502380371,0.0290223956108093,0.0339432954788208,0.0203118324279785,0.00728899240493774,0.0162670016288757,0.00548762083053589,0.0291562676429749,0.0765857100486755,0.0653436183929443,0.0162209272384644,0.0370252728462219,0.0328935980796814,0.0558111071586609,0.0525467991828918,0.0300279259681702,0.0686568021774292,0.0637075304985046,0.0840232372283936,0.00908577442169189,0.0679168105125427,0.0639855861663818,0.0719149708747864,0.0642063021659851,0.0403525233268738,0.0307753682136536,0.0723208785057068,0.0632426142692566,0.0572353601455688,0.0171492695808411,0.0444447994232178,0.08205246925354,0.0725576877593994,0.0220243334770203,0.0456682443618774,0.0199088454246521,0.0338204503059387,0.00730627775192261,0.0138688683509827,0.0402104258537292,0.0134134292602539,0.0094948410987854,0.00275492668151855,0.0277636647224426,0.0455905199050903,0.0118795037269592,0.0527793169021606,0.028921365737915,0.0102007389068604,0.00238293409347534,0.00875413417816162,0.0957583785057068,0.00683188438415527,0.0055844783782959,0.0144598484039307,0.0257906317710876,0.0265561938285828,0.0332762002944946,0.0134926438331604,0.0247931480407715,0.00247937440872192,0.00197339057922363,0.0215848088264465,0.0023658275604248,0.011994481086731,0.0139319896697998,0.0294439196586609,0.0244545936584473,0.0286118984222412,0.0598523616790771,0.0343338847160339,0.00127047300338745,0.0252771377563477,0.00162607431411743,0.0590972900390625,0.0549099445343018,0.0552513599395752,0.0288296937942505,0.00236046314239502,0.0014004111289978,0.0257443189620972,0.00117528438568115,0.076414167881012,0.0644765496253967,0.0477634072303772,0.00589418411254883,0.0337868332862854,0.0300650000572205,0.0212199687957764,0.0189144015312195,0.0240424275398254,0.0473775863647461,0.0250884890556335,0.0123876333236694,0.0180481672286987,0.0412681698799133,0.0859779119491577,0.0238527059555054,0.021027684211731,0.0563904643058777,0.0523589253425598,0.0070650577545166,0.0247008800506592,0.0622990131378174,0.0105962753295898,0.0595332384109497,0.0482539534568787,0.0402429103851318,0.0735535621643066,0.0377481579780579,0.0784499645233154,0.0119359493255615,0.00426101684570312,0.0568171143531799,0.0718863606452942,0.0727003216743469,0.00260859727859497,0.0503755807876587,0.0591992735862732,0.0690383315086365,0.0312203168869019,0.0801701545715332,0.0791286826133728,0.0872576236724854,0.0798903107643127,0.0598592758178711,0.108758330345154
"22087030",0.0197754502296448,0.0260152220726013,0.00817751884460449,0.0537782311439514,0.014799952507019,0.0122753381729126,0.0142867565155029,0.0237128734588623,0.0126549601554871,0.0177675485610962,0.0311201214790344,0.0612669587135315,0.0354855060577393,0.069486141204834,0.00701868534088135,0.026369035243988,0.00139731168746948,0.015644371509552,0.00419580936431885,0.0105416774749756,0.10309499502182,0.0165685415267944,0.00633913278579712,0.0378375649452209,0.0418367385864258,0.0453727841377258,0.0336124897003174,0,0.0288539528846741,0.0357266664505005,0.0457813739776611,0.00695216655731201,0.00905108451843262,0.0232760906219482,0.0150609612464905,0.00518310070037842,0.0125557780265808,0.0019986629486084,0.0562759637832642,0.0332317352294922,0.0290373563766479,0.0146198868751526,0.0153449773788452,0.0156486034393311,0.0317232012748718,0.055633544921875,0.00832098722457886,0.0390710234642029,0.0432543754577637,0.0115371346473694,0.0350236892700195,0.0316370129585266,0.0656618475914001,0.0635865926742554,0.0141908526420593,0.0105472207069397,0.0142713189125061,0.0455762147903442,0.0820149183273315,0.0626962780952454,0.0681098103523254,0.0322903394699097,0.00437301397323608,0.0522027611732483,0.0450928211212158,0.0945156812667847,0.0292773246765137,0.0626348853111267,0.0675557851791382,0.0539243221282959,0.0409014821052551,0.0498794913291931,0.0391001105308533,0.00445622205734253,0.0429732203483582,0.0989561080932617,0.0498334169387817,0.00341278314590454,0.000718891620635986,0.0894235968589783,0.0861592888832092,0.0636404156684875,0.102269291877747,0.097320020198822,0.117635726928711,0.0426982641220093,0.10152930021286,0.0975980758666992,0.105527460575104,0.0978187918663025,0.0739650130271912,0.0643878579139709,0.105933368206024,0.096855103969574,0.0908478498458862,0.0507617592811584,0.0780572891235352,0.115664958953857,0.106170177459717,0.0556368231773376,0.0792807340621948,0.0137036442756653,0.000207960605621338,0.04091876745224,0.0197436213493347,0.0738229155540466,0.0470259189605713,0.0431073307991028,0.0308575630187988,0.06137615442276,0.0119780302047729,0.0217329859733582,0.0191668272018433,0.00469112396240234,0.0438132286071777,0.031229555606842,0.042366623878479,0.0621458888053894,0.0404443740844727,0.0391969680786133,0.048072338104248,0.059403121471405,0.0601686835289001,0.000336289405822754,0.0471051335334778,0.0584056377410889,0.0360918641090393,0.0316390991210938,0.0551972985267639,0.0359783172607422,0.0456069707870483,0.0475444793701172,0.0630564093589783,0.0580670833587646,0.00500059127807617,0.0262398719787598,0.0679463744163513,0.0323420166969299,0.00833535194396973,0.0352385640144348,0.0927097797393799,0.0885224342346191,0.0888638496398926,0.00478279590606689,0.0312520265579224,0.0350129008293152,0.0593568086624146,0.0324372053146362,0.110026657581329,0.0980890393257141,0.0813758969306946,0.0395066738128662,0.0673993229866028,0.00354748964309692,0.0548324584960938,0.0146980881690979,0.0576549172401428,0.0809900760650635,0.0587009787559509,0.0460001230239868,0.0516606569290161,0.0748806595802307,0.119590401649475,0.0574651956558228,0.0546401739120483,0.0900029540061951,0.0859714150428772,0.0265474319458008,0.0583133697509766,0.0959115028381348,0.0230162143707275,0.0931457281112671,0.081866443157196,0.0738554000854492,0.107166051864624,0.0713606476783752,0.112062454223633,0.0455484390258789,0.0378735065460205,0.0904296040534973,0.105498850345612,0.106312811374664,0.0310038924217224,0.0839880704879761,0.0928117632865906,0.102650821208954,0.0648328065872192,0.113782644271851,0.11274117231369,0.120870113372803,0.11350280046463,0.0934717655181885,0.142370820045471
"22087032",0.0090785026550293,0.00283873081207275,0.0370314717292786,0.0249242782592773,0.014054000377655,0.0411292910575867,0.043140709400177,0.0525668263435364,0.0415089130401611,0.0110864043235779,0.00226616859436035,0.0324130058288574,0.0643394589424133,0.0406321883201599,0.0218352675437927,0.0552229881286621,0.0302512645721436,0.0444983243942261,0.0246581435203552,0.0393956303596497,0.074241042137146,0.0454224944114685,0.022514820098877,0.066691517829895,0.0129827857017517,0.0742267370223999,0.0624664425849915,0.0288539528846741,0,0.0645806193351746,0.0746353268623352,0.0358061194419861,0.0379050374031067,0.00557786226272583,0.0439149141311646,0.0340370535850525,0.0414097309112549,0.0308526158332825,0.0851299166679382,0.0620856881141663,0.057891309261322,0.0434738397598267,0.0441989302635193,0.013205349445343,0.0605771541595459,0.0844874978065491,0.0371749401092529,0.067924976348877,0.0721083283424377,0.0173168182373047,0.00616973638534546,0.0604909658432007,0.0945158004760742,0.0924405455589294,0.0146631002426147,0.0394011735916138,0.0431252717971802,0.0744301676750183,0.110868871212006,0.0915502309799194,0.0969637632369995,0.0611442923545837,0.024480938911438,0.0810567140579224,0.0739467740058899,0.123369634151459,0.0581312775611877,0.0914888381958008,0.0964097380638123,0.08277827501297,0.0697554349899292,0.0787334442138672,0.0679540634155273,0.0333101749420166,0.0141192674636841,0.127810060977936,0.0786873698234558,0.0254411697387695,0.0295728445053101,0.118277549743652,0.115013241767883,0.0924943685531616,0.131123244762421,0.126173973083496,0.146489679813385,0.0715522170066833,0.130383253097534,0.126452028751373,0.134381413459778,0.126672744750977,0.102818965911865,0.093241810798645,0.134787321090698,0.125709056854248,0.11970180273056,0.0796157121658325,0.106911242008209,0.144518911838531,0.135024130344391,0.0844907760620117,0.108134686946869,0.0425575971603394,0.0286459922790527,0.0697727203369141,0.0485975742340088,0.102676868438721,0.0758798718452454,0.0719612836837769,0.0597115159034729,0.0902301073074341,0.0168759226799011,0.0505869388580322,0.00968712568283081,0.0335450768470764,0.0726671814918518,0.0600835084915161,0.0712205767631531,0.0332919359207153,0.0692983269691467,0.0680509209632874,0.0769262909889221,0.0882570743560791,0.0890226364135742,0.0291902422904968,0.0759590864181519,0.0872595906257629,0.0649458169937134,0.0604930520057678,0.084051251411438,0.0648322701454163,0.0744609236717224,0.0763984322547913,0.0919103622436523,0.0869210362434387,0.0338545441627502,0.00261408090591431,0.0968003273010254,0.061195969581604,0.0371893048286438,0.0640925168991089,0.121563732624054,0.117376387119293,0.117717802524567,0.033636748790741,0.0601059794425964,0.0638668537139893,0.0882107615470886,0.0612911581993103,0.138880610466003,0.126942992210388,0.110229849815369,0.0683606266975403,0.0962532758712769,0.032401442527771,0.0836864113807678,0.043552041053772,0.0865088701248169,0.109844028949738,0.087554931640625,0.0748540759086609,0.0805146098136902,0.103734612464905,0.148444354534149,0.0863191485404968,0.0834941267967224,0.118856906890869,0.114825367927551,0.0554013848304749,0.0871673226356506,0.124765455722809,0.0518701672554016,0.121999680995941,0.11072039604187,0.102709352970123,0.136020004749298,0.100214600563049,0.140916407108307,0.074402391910553,0.0667274594306946,0.119283556938171,0.134352803230286,0.135166764259338,0.0598578453063965,0.11284202337265,0.121665716171265,0.131504774093628,0.0936867594718933,0.142636597156525,0.141595125198364,0.149724066257477,0.142356753349304,0.122325718402863,0.171224772930145
"22087033",0.0555021166801453,0.0617418885231018,0.027549147605896,0.0895048975944519,0.0505266189575195,0.0234513282775879,0.0214399099349976,0.0120137929916382,0.0230717062950134,0.0534942150115967,0.0668467879295349,0.096993625164032,0.00024116039276123,0.105212807655334,0.0427453517913818,0.00935763120651245,0.034329354763031,0.0200822949409485,0.0399224758148193,0.0251849889755249,0.138821661472321,0.0191581249237061,0.0420657992362976,0.00211089849472046,0.0775634050369263,0.00964611768722534,0.00211417675018311,0.0357266664505005,0.0645806193351746,0,0.0100547075271606,0.0287744998931885,0.0266755819320679,0.0590027570724487,0.02066570520401,0.0305435657501221,0.0231708884239197,0.0337280035018921,0.0205492973327637,0.0024949312210083,0.00668931007385254,0.0211067795753479,0.0203816890716553,0.0513752698898315,0.00400346517562866,0.0199068784713745,0.0274056792259216,0.00334435701370239,0.00752770900726318,0.0472638010978699,0.07075035572052,0.00408965349197388,0.0299351811408997,0.0278599262237549,0.0499175190925598,0.0251794457435608,0.0214553475379944,0.00984954833984375,0.0462882518768311,0.0269696116447449,0.032383143901825,0.00343632698059082,0.0400996804237366,0.0164760947227478,0.00936615467071533,0.0587890148162842,0.00644934177398682,0.0269082188606262,0.0318291187286377,0.0181976556777954,0.00517481565475464,0.0141528248786926,0.00337344408035278,0.031270444393158,0.0786998867988586,0.0632294416427612,0.0141067504882812,0.039139449596405,0.0350077748298645,0.0536969304084778,0.0504326224327087,0.0279137492179871,0.0665426254272461,0.0615933537483215,0.0819090604782104,0.00697159767150879,0.0658026337623596,0.0618714094161987,0.0698007941246033,0.062092125415802,0.0382383465766907,0.0286611914634705,0.0702067017555237,0.0611284375190735,0.0551211833953857,0.015035092830658,0.0423306226730347,0.0799382925033569,0.0704435110092163,0.0199101567268372,0.0435540676116943,0.0220230221748352,0.0359346270561218,0.0051921010017395,0.0159830451011658,0.0380962491035461,0.0112992525100708,0.00738066434860229,0.00486910343170166,0.0256494879722595,0.0477046966552734,0.0139936804771423,0.0548934936523438,0.0310355424880981,0.00808656215667725,0.00449711084365845,0.00663995742797852,0.0978725552558899,0.00471770763397217,0.00347030162811279,0.0123456716537476,0.0236764550209045,0.0244420170783997,0.0353903770446777,0.0113784670829773,0.0226789712905884,0.000365197658538818,0.00408756732940674,0.0194706320762634,0.000251650810241699,0.00988030433654785,0.0118178129196167,0.0273297429084778,0.0223404169082642,0.0307260751724243,0.0619665384292603,0.0322197079658508,0.00338464975357056,0.0273913145065308,0.000488102436065674,0.0569831132888794,0.0527957677841187,0.0531371831893921,0.0309438705444336,0.00447463989257812,0.000713765621185303,0.0236301422119141,0.00328946113586426,0.0742999911308289,0.0623623728752136,0.0456492304801941,0.00378000736236572,0.0316726565361023,0.0321791768074036,0.0191057920455933,0.0210285782814026,0.0219282507896423,0.045263409614563,0.0229743123054504,0.0102734565734863,0.0159339904785156,0.0391539931297302,0.0838637351989746,0.0217385292053223,0.0189135074615479,0.0542762875556946,0.0502447485923767,0.00917923450469971,0.0225867033004761,0.0601848363876343,0.0127104520797729,0.0574190616607666,0.0461397767066956,0.0381287336349487,0.0714393854141235,0.0356339812278748,0.0763357877731323,0.00982177257537842,0.00214684009552002,0.0547029376029968,0.0697721838951111,0.0705861449241638,0.00472277402877808,0.0482614040374756,0.0570850968360901,0.0669241547584534,0.0291061401367188,0.0780559778213501,0.0770145058631897,0.0851434469223022,0.0777761340141296,0.057745099067688,0.106644153594971
"22087034",0.0655568242073059,0.0717965960502625,0.0376038551330566,0.0995596051216125,0.0605813264846802,0.0335060358047485,0.0314946174621582,0.0220685005187988,0.0331264138221741,0.0635489225387573,0.0769014954566956,0.107048332691193,0.0102958679199219,0.115267515182495,0.0528000593185425,0.0194123387336731,0.0443840622901917,0.0301370024681091,0.04997718334198,0.0352396965026855,0.148876368999481,0.0292128324508667,0.0521205067634583,0.00794380903244019,0.0876181125640869,0.000408589839935303,0.0121688842773438,0.0457813739776611,0.0746353268623352,0.0100547075271606,0,0.0388292074203491,0.0367302894592285,0.0690574645996094,0.0307204127311707,0.0405982732772827,0.0332255959510803,0.0437827110290527,0.010494589805603,0.0125496387481689,0.0167440176010132,0.0311614871025085,0.0304363965988159,0.0614299774169922,0.0140581727027893,0.00985217094421387,0.0374603867530823,0.00671035051345825,0.00252699851989746,0.0573185086250305,0.0808050632476807,0.0141443610191345,0.019880473613739,0.0178052186965942,0.0599722266197205,0.0352341532707214,0.031510055065155,0.000205159187316895,0.0362335443496704,0.0169149041175842,0.0223284363746643,0.0134910345077515,0.0501543879508972,0.00642138719558716,0.000688552856445312,0.0487343072891235,0.0165040493011475,0.0168535113334656,0.0217744112014771,0.00814294815063477,0.00487989187240601,0.00409811735153198,0.00668126344680786,0.0413251519203186,0.0887545943260193,0.0531747341156006,0.00405204296112061,0.0491941571235657,0.0450624823570251,0.0436422228813171,0.0403779149055481,0.0178590416908264,0.0564879179000854,0.0515386462211609,0.0718543529510498,0.00308310985565186,0.055747926235199,0.0518167018890381,0.0597460865974426,0.0520374178886414,0.02818363904953,0.0186064839363098,0.060151994228363,0.0510737299919128,0.0450664758682251,0.00498038530349731,0.032275915145874,0.0698835849761963,0.0603888034820557,0.00985544919967651,0.0334993600845337,0.0320777297019958,0.0459893345832825,0.00486260652542114,0.0260377526283264,0.0280415415763855,0.00124454498291016,0.00267404317855835,0.0149238109588623,0.0155947804450989,0.0577594041824341,0.024048388004303,0.0649482011795044,0.0410902500152588,0.0019681453704834,0.0145518183708191,0.00341475009918213,0.107927262783051,0.00533699989318848,0.00658440589904785,0.00229096412658691,0.0136217474937439,0.014387309551239,0.0454450845718384,0.00132375955581665,0.0126242637634277,0.00968950986862183,0.0141422748565674,0.00941592454910278,0.00980305671691895,0.000174403190612793,0.00176310539245605,0.0172750353813171,0.0122857093811035,0.040780782699585,0.0720212459564209,0.0221650004386902,0.0134393572807312,0.0374460220336914,0.0105428099632263,0.0469284057617188,0.042741060256958,0.0430824756622314,0.0409985780715942,0.0145293474197388,0.0107684731483459,0.0135754346847534,0.0133441686630249,0.0642452836036682,0.052307665348053,0.0355945229530334,0.00627470016479492,0.0216179490089417,0.0422338843345642,0.00905108451843262,0.0310832858085632,0.0118735432624817,0.0352087020874023,0.0129196047782898,0.000218749046325684,0.00587928295135498,0.0290992856025696,0.073809027671814,0.0116838216781616,0.00885879993438721,0.0442215800285339,0.0401900410652161,0.0192339420318604,0.0125319957733154,0.0501301288604736,0.0227651596069336,0.047364354133606,0.0360850691795349,0.0280740261077881,0.0613846778869629,0.0255792737007141,0.0662810802459717,0.000232934951782227,0.00790786743164062,0.0446482300758362,0.0597174763679504,0.0605314373970032,0.0147774815559387,0.0382066965103149,0.0470303893089294,0.0568694472312927,0.0190514326095581,0.0680012702941895,0.0669597983360291,0.0750887393951416,0.067721426486969,0.0476903915405273,0.0965894460678101
"22087036",0.0267276167869568,0.0329673886299133,0.00122535228729248,0.0607303977012634,0.0217521190643311,0.00532317161560059,0.00733458995819092,0.0167607069015503,0.00570279359817505,0.0247197151184082,0.0380722880363464,0.0682191252708435,0.0285333395004272,0.076438307762146,0.0139708518981934,0.019416868686676,0.00555485486984253,0.00869220495223999,0.0111479759216309,0.00358951091766357,0.110047161579132,0.00961637496948242,0.0132912993431091,0.0308853983879089,0.0487889051437378,0.0384206175804138,0.0266603231430054,0.00695216655731201,0.0358061194419861,0.0287744998931885,0.0388292074203491,0,0.00209891796112061,0.0302282571792603,0.00810879468917847,0.00176906585693359,0.0056036114692688,0.00495350360870361,0.0493237972259521,0.0262795686721802,0.0220851898193359,0.00766772031784058,0.0083928108215332,0.0226007699966431,0.0247710347175598,0.048681378364563,0.00136882066726685,0.0321188569068909,0.0363022089004517,0.0184893012046814,0.0419758558273315,0.0246848464012146,0.0587096810340881,0.0566344261169434,0.0211430191993713,0.00359505414962769,0.00731915235519409,0.0386240482330322,0.0750627517700195,0.0557441115379333,0.0611576437950134,0.0253381729125977,0.0113251805305481,0.0452505946159363,0.0381406545639038,0.0875635147094727,0.0223251581192017,0.0556827187538147,0.0606036186218262,0.0469721555709839,0.0339493155479431,0.0429273247718811,0.0321479439735413,0.00249594449996948,0.0499253869056702,0.0920039415359497,0.0428812503814697,0.0103649497032166,0.00623327493667603,0.0824714303016663,0.0792071223258972,0.0566882491111755,0.0953171253204346,0.09036785364151,0.110683560371399,0.0357460975646973,0.0945771336555481,0.0906459093093872,0.0985752940177917,0.0908666253089905,0.0670128464698792,0.0574356913566589,0.0989812016487122,0.089902937412262,0.0838956832885742,0.0438095927238464,0.0711051225662231,0.108712792396545,0.0992180109024048,0.0486846566200256,0.0723285675048828,0.00675147771835327,0.00716012716293335,0.033966600894928,0.0127914547920227,0.0668707489967346,0.0400737524032593,0.0361551642417908,0.0239053964614868,0.054423987865448,0.018930196762085,0.0147808194160461,0.0261189937591553,0.00226104259490967,0.0368610620498657,0.02427738904953,0.035414457321167,0.0690980553627014,0.0334922075271606,0.0322448015213013,0.041120171546936,0.052450954914093,0.0532165169715881,0.00661587715148926,0.0401529669761658,0.0514534711837769,0.0291396975517273,0.0246869325637817,0.0482451319694519,0.0290261507034302,0.0386548042297363,0.0405923128128052,0.0561042428016663,0.0511149168014526,0.00195157527923584,0.0331920385360718,0.0609942078590393,0.0253898501396179,0.00138318538665771,0.0282863974571228,0.0857576131820679,0.0815702676773071,0.0819116830825806,0.00216937065124512,0.0242998600006104,0.0280607342720032,0.0524046421051025,0.0254850387573242,0.103074491024017,0.0911368727684021,0.0744237303733826,0.0325545072555542,0.0604471564292908,0.00340467691421509,0.0478802919387817,0.00774592161178589,0.0507027506828308,0.0740379095077515,0.0517488121986389,0.0390479564666748,0.0447084903717041,0.0679284930229187,0.112638235092163,0.0505130290985107,0.0476880073547363,0.0830507874488831,0.0790192484855652,0.0195952653884888,0.0513612031936646,0.0889593362808228,0.0160640478134155,0.0861935615539551,0.074914276599884,0.0669032335281372,0.100213885307312,0.0644084811210632,0.105110287666321,0.0385962724685669,0.0309213399887085,0.0834774374961853,0.0985466837882996,0.0993606448173523,0.0240517258644104,0.0770359039306641,0.0858595967292786,0.0956986546516418,0.0578806400299072,0.106830477714539,0.105789005756378,0.113917946815491,0.106550633907318,0.0865195989608765,0.135418653488159
"22087039",0.0288265347480774,0.0350663065910339,0.000873565673828125,0.062829315662384,0.0238510370254517,0.00322425365447998,0.00523567199707031,0.0146617889404297,0.00360387563705444,0.0268186330795288,0.040171205997467,0.0703180432319641,0.0264344215393066,0.0785372257232666,0.016069769859314,0.0173179507255554,0.00765377283096313,0.00659328699111938,0.0132468938827515,0.00149059295654297,0.112146079540253,0.00751745700836182,0.0153902173042297,0.0287864804267883,0.0508878231048584,0.0363216996192932,0.0245614051818848,0.00905108451843262,0.0379050374031067,0.0266755819320679,0.0367302894592285,0.00209891796112061,0,0.0323271751403809,0.00600987672805786,0.0038679838180542,0.00350469350814819,0.00705242156982422,0.0472248792648315,0.0241806507110596,0.0199862718582153,0.00556880235671997,0.0062938928604126,0.0246996879577637,0.0226721167564392,0.0465824604034424,0.00073009729385376,0.0300199389457703,0.0342032909393311,0.020588219165802,0.0440747737884521,0.022585928440094,0.0566107630729675,0.0545355081558228,0.0232419371604919,0.00149613618850708,0.00522023439407349,0.0365251302719116,0.0729638338088989,0.0536451935768127,0.0590587258338928,0.0232392549514771,0.0134240984916687,0.0431516766548157,0.0360417366027832,0.0854645967483521,0.0202262401580811,0.0535838007926941,0.0585047006607056,0.0448732376098633,0.0318503975868225,0.0408284068107605,0.0300490260124207,0.00459486246109009,0.0520243048667908,0.0899050235748291,0.0407823324203491,0.0124638676643372,0.00833219289779663,0.0803725123405457,0.0771082043647766,0.0545893311500549,0.093218207359314,0.0882689356803894,0.108584642410278,0.0336471796035767,0.0924782156944275,0.0885469913482666,0.0964763760566711,0.0887677073478699,0.0649139285087585,0.0553367733955383,0.0968822836875916,0.0878040194511414,0.0817967653274536,0.0417106747627258,0.0690062046051025,0.106613874435425,0.0971190929412842,0.046585738658905,0.0702296495437622,0.00465255975723267,0.00925904512405396,0.0318676829338074,0.0106925368309021,0.064771831035614,0.0379748344421387,0.0340562462806702,0.0218064785003662,0.0523250699043274,0.0210291147232056,0.0126819014549255,0.0282179117202759,0.00435996055603027,0.0347621440887451,0.0221784710884094,0.0333155393600464,0.071196973323822,0.03139328956604,0.0301458835601807,0.0390212535858154,0.0503520369529724,0.0511175990104675,0.00871479511260986,0.0380540490150452,0.0493545532226562,0.0270407795906067,0.0225880146026611,0.0461462140083313,0.0269272327423096,0.0365558862686157,0.0384933948516846,0.0540053248405457,0.049015998840332,0.00405049324035645,0.0352909564971924,0.0588952898979187,0.0232909321784973,0.000715732574462891,0.0261874794960022,0.0836586952209473,0.0794713497161865,0.07981276512146,0.00426828861236572,0.0222009420394897,0.0259618163108826,0.0503057241439819,0.0233861207962036,0.100975573062897,0.0890379548072815,0.072324812412262,0.0304555892944336,0.0583482384681702,0.00550359487533569,0.0457813739776611,0.00564700365066528,0.0486038327217102,0.0719389915466309,0.0496498942375183,0.0369490385055542,0.0426095724105835,0.0658295750617981,0.110539317131042,0.0484141111373901,0.0455890893936157,0.0809518694877625,0.0769203305244446,0.0174963474273682,0.0492622852325439,0.0868604183197021,0.0139651298522949,0.0840946435928345,0.0728153586387634,0.0648043155670166,0.0981149673461914,0.0623095631599426,0.1030113697052,0.0364973545074463,0.0288224220275879,0.0813785195350647,0.096447765827179,0.0972617268562317,0.0219528079032898,0.0749369859695435,0.083760678768158,0.0935997366905212,0.0557817220687866,0.104731559753418,0.103690087795258,0.11181902885437,0.104451715946198,0.0844206809997559,0.133319735527039
"22088029",0.00350064039230347,0.00273913145065308,0.0314536094665527,0.0305021405220032,0.0084761381149292,0.0355514287948608,0.0375628471374512,0.0469889640808105,0.0359310507774353,0.00550854206085205,0.00784403085708618,0.0379908680915833,0.0587615966796875,0.0462100505828857,0.0162574052810669,0.0496451258659363,0.0246734023094177,0.0389204621315002,0.0190802812576294,0.0338177680969238,0.0798189043998718,0.0398446321487427,0.0169369578361511,0.0611136555671692,0.0185606479644775,0.0686488747596741,0.0568885803222656,0.0232760906219482,0.00557786226272583,0.0590027570724487,0.0690574645996094,0.0302282571792603,0.0323271751403809,0,0.0383370518684387,0.0284591913223267,0.0358318686485291,0.0252747535705566,0.0795520544052124,0.0565078258514404,0.0523134469985962,0.0378959774971008,0.0386210680007935,0.00762748718261719,0.0549992918968201,0.0789096355438232,0.0315970778465271,0.0623471140861511,0.0665304660797119,0.0117389559745789,0.0117475986480713,0.0549131035804749,0.0889379382133484,0.0868626832962036,0.00908523797988892,0.0338233113288879,0.0375474095344543,0.0688523054122925,0.10529100894928,0.0859723687171936,0.0913859009742737,0.0555664300918579,0.0189030766487122,0.0754788517951965,0.0683689117431641,0.117791771888733,0.0525534152984619,0.085910975933075,0.0908318758010864,0.0772004127502441,0.0641775727272034,0.0731555819511414,0.0623762011528015,0.0277323126792908,0.0196971297264099,0.12223219871521,0.07310950756073,0.0198633074760437,0.0239949822425842,0.112699687480927,0.109435379505157,0.0869165062904358,0.125545382499695,0.12059611082077,0.140911817550659,0.0659743547439575,0.124805390834808,0.120874166488647,0.128803551197052,0.121094882488251,0.0972411036491394,0.0876639485359192,0.129209458827972,0.120131194591522,0.114123940467834,0.0740378499031067,0.101333379745483,0.138941049575806,0.129446268081665,0.0789129137992859,0.102556824684143,0.0369797348976135,0.0230681300163269,0.0641948580741882,0.043019711971283,0.0970990061759949,0.0703020095825195,0.066383421421051,0.0541336536407471,0.0846522450447083,0.0112980604171753,0.0450090765953064,0.00410926342010498,0.0279672145843506,0.067089319229126,0.0545056462287903,0.0656427145004272,0.0388697981834412,0.0637204647064209,0.0624730587005615,0.0713484287261963,0.0826792120933533,0.0834447741508484,0.023612380027771,0.070381224155426,0.0816817283630371,0.0593679547309875,0.054915189743042,0.0784733891487122,0.0592544078826904,0.0688830614089966,0.0708205699920654,0.0863324999809265,0.0813431739807129,0.0282766819000244,0.00296378135681152,0.0912224650382996,0.0556181073188782,0.031611442565918,0.0585146546363831,0.115985870361328,0.111798524856567,0.112139940261841,0.0280588865280151,0.0545281171798706,0.0582889914512634,0.0826328992843628,0.0557132959365845,0.133302748203278,0.121365129947662,0.104651987552643,0.0627827644348145,0.090675413608551,0.0268235802650452,0.078108549118042,0.0379741787910461,0.0809310078620911,0.104266166687012,0.0819770693778992,0.0692762136459351,0.0749367475509644,0.098156750202179,0.142866492271423,0.080741286277771,0.0779162645339966,0.113279044628143,0.109247505664825,0.049823522567749,0.0815894603729248,0.119187593460083,0.0462923049926758,0.116421818733215,0.105142533779144,0.0971314907073975,0.130442142486572,0.0946367383003235,0.135338544845581,0.0688245296478271,0.0611495971679688,0.113705694675446,0.12877494096756,0.129588901996613,0.0542799830436707,0.107264161109924,0.116087853908539,0.125926911830902,0.0881088972091675,0.137058734893799,0.136017262935638,0.144146203994751,0.136778891086578,0.116747856140137,0.165646910667419
"22088030",0.0348364114761353,0.0410761833190918,0.00688344240188599,0.0688391923904419,0.0298609137535095,0.00278562307357788,0.000774204730987549,0.00865191221237183,0.00240600109100342,0.0328285098075867,0.0461810827255249,0.076327919960022,0.0204245448112488,0.0845471024513245,0.0220796465873718,0.0113080739974976,0.013663649559021,0.000583410263061523,0.0192567706108093,0.00451928377151489,0.118155956268311,0.00150758028030396,0.0214000940322876,0.0227766036987305,0.0568976998329163,0.0303118228912354,0.0185515284538269,0.0150609612464905,0.0439149141311646,0.02066570520401,0.0307204127311707,0.00810879468917847,0.00600987672805786,0.0383370518684387,0,0.00987786054611206,0.00250518321990967,0.0130622982978821,0.0412150025367737,0.0181707739830017,0.0139763951301575,0.000441074371337891,0.000284016132354736,0.0307095646858215,0.0166622400283813,0.0405725836753845,0.00673997402191162,0.0240100622177124,0.0281934142112732,0.0265980958938599,0.05008465051651,0.0165760517120361,0.0506008863449097,0.0485256314277649,0.0292518138885498,0.00451374053955078,0.000789642333984375,0.0305152535438538,0.0669539570808411,0.0476353168487549,0.053048849105835,0.0172293782234192,0.0194339752197266,0.0371417999267578,0.0300318598747253,0.0794547200202942,0.0142163634300232,0.0475739240646362,0.0524948239326477,0.0388633608818054,0.0258405208587646,0.0348185300827026,0.0240391492843628,0.0106047391891479,0.0580341815948486,0.0838951468467712,0.0347724556922913,0.018473744392395,0.0143420696258545,0.0743626356124878,0.0710983276367188,0.0485794544219971,0.0872083306312561,0.0822590589523315,0.10257476568222,0.0276373028755188,0.0864683389663696,0.0825371146202087,0.0904664993286133,0.082757830619812,0.0589040517807007,0.0493268966674805,0.0908724069595337,0.0817941427230835,0.0757868885993958,0.035700798034668,0.0629963278770447,0.100603997707367,0.0911092162132263,0.0405758619308472,0.0642197728157043,0.0013573169708252,0.0152689218521118,0.0258578062057495,0.00468266010284424,0.0587619543075562,0.0319649577140808,0.0280463695526123,0.0157966017723083,0.0463151931762695,0.0270389914512634,0.00667202472686768,0.0342277884483337,0.0103698372840881,0.0287522673606873,0.0161685943603516,0.0273056626319885,0.0772068500518799,0.0253834128379822,0.0241360068321228,0.0330113768577576,0.0443421602249146,0.0451077222824097,0.0147246718406677,0.0320441722869873,0.0433446764945984,0.0210309028625488,0.0165781378746033,0.0401363372802734,0.0209173560142517,0.0305460095405579,0.0324835181236267,0.0479954481124878,0.0430061221122742,0.0100603699684143,0.0413008332252502,0.0528854131698608,0.0172810554504395,0.00672560930252075,0.0201776027679443,0.0776488184928894,0.0734614729881287,0.0738028883934021,0.0102781653404236,0.0161910653114319,0.0199519395828247,0.0442958474159241,0.0173762440681458,0.0949656963348389,0.0830280780792236,0.0663149356842041,0.0244457125663757,0.0523383617401123,0.0115134716033936,0.0397714972496033,0.000362873077392578,0.0425939559936523,0.065929114818573,0.0436400175094604,0.0309391617774963,0.0365996956825256,0.0598196983337402,0.104529440402985,0.0424042344093323,0.0395792126655579,0.0749419927597046,0.0709104537963867,0.0114864706993103,0.0432524085044861,0.0808505415916443,0.00795525312423706,0.0780847668647766,0.0668054819107056,0.0587944388389587,0.0921050906181335,0.0562996864318848,0.0970014929771423,0.0304874777793884,0.02281254529953,0.0753686428070068,0.0904378890991211,0.0912518501281738,0.0159429311752319,0.0689271092414856,0.0777508020401001,0.0875898599624634,0.0497718453407288,0.0987216830253601,0.0976802110671997,0.105809152126312,0.0984418392181396,0.078410804271698,0.127309858798981
"22088032",0.0249585509300232,0.0311983227729797,0.00299441814422607,0.0589613318443298,0.0199830532073975,0.00709223747253418,0.00910365581512451,0.0185297727584839,0.00747185945510864,0.0229506492614746,0.0363032221794128,0.0664500594139099,0.0303024053573608,0.0746692419052124,0.0122017860412598,0.0211859345436096,0.00378578901290894,0.0104612708091736,0.00937891006469727,0.00535857677459717,0.108278095722198,0.011385440826416,0.0115222334861755,0.0326544642448425,0.0470198392868042,0.0401896834373474,0.028429388999939,0.00518310070037842,0.0340370535850525,0.0305435657501221,0.0405982732772827,0.00176906585693359,0.0038679838180542,0.0284591913223267,0.00987786054611206,0,0.00737267732620239,0.00318443775177002,0.0510928630828857,0.0280486345291138,0.0238542556762695,0.00943678617477417,0.0101618766784668,0.0208317041397095,0.0265401005744934,0.0504504442214966,0.00313788652420044,0.0338879227638245,0.0380712747573853,0.0167202353477478,0.0402067899703979,0.0264539122581482,0.0604787468910217,0.058403491973877,0.0193739533424377,0.00536412000656128,0.00908821821212769,0.0403931140899658,0.0768318176269531,0.0575131773948669,0.062926709651947,0.0271072387695312,0.0095561146736145,0.0470196604728699,0.0399097204208374,0.0893325805664062,0.0240942239761353,0.0574517846107483,0.0623726844787598,0.0487412214279175,0.0357183814048767,0.0446963906288147,0.0339170098304749,0.000726878643035889,0.0481563210487366,0.0937730073928833,0.0446503162384033,0.00859588384628296,0.00446420907974243,0.0842404961585999,0.0809761881828308,0.0584573149681091,0.0970861911773682,0.0921369194984436,0.112452626228333,0.0375151634216309,0.0963461995124817,0.0924149751663208,0.100344359874725,0.0926356911659241,0.0687819123268127,0.0592047572135925,0.100750267505646,0.0916720032691956,0.0856647491455078,0.04557865858078,0.0728741884231567,0.110481858253479,0.100987076759338,0.0504537224769592,0.0740976333618164,0.00852054357528687,0.00539106130599976,0.0357356667518616,0.0145605206489563,0.0686398148536682,0.0418428182601929,0.0379242300987244,0.0256744623184204,0.0561930537223816,0.0171611309051514,0.0165498852729797,0.0243499279022217,0.000491976737976074,0.0386301279067993,0.0260464549064636,0.0371835231781006,0.0673289895057678,0.0352612733840942,0.0340138673782349,0.0428892374038696,0.0542200207710266,0.0549855828285217,0.00484681129455566,0.0419220328330994,0.0532225370407104,0.0309087634086609,0.0264559984207153,0.0500141978263855,0.0307952165603638,0.0404238700866699,0.0423613786697388,0.0578733086585999,0.0528839826583862,0.000182509422302246,0.0314229726791382,0.0627632737159729,0.0271589159965515,0.00315225124359131,0.0300554633140564,0.0875266790390015,0.0833393335342407,0.0836807489395142,0.000400304794311523,0.0260689258575439,0.0298298001289368,0.0541737079620361,0.0272541046142578,0.104843556880951,0.0929059386253357,0.0761927962303162,0.0343235731124878,0.0622162222862244,0.00163561105728149,0.0496493577957153,0.00951498746871948,0.0524718165397644,0.0758069753646851,0.0535178780555725,0.0408170223236084,0.0464775562286377,0.0696975588798523,0.114407300949097,0.0522820949554443,0.0494570732116699,0.0848198533058167,0.0807883143424988,0.0213643312454224,0.0531302690505981,0.0907284021377563,0.0178331136703491,0.0879626274108887,0.0766833424568176,0.0686722993850708,0.101982951164246,0.0661775469779968,0.106879353523254,0.0403653383255005,0.0326904058456421,0.0852465033531189,0.100315749645233,0.101129710674286,0.025820791721344,0.0788049697875977,0.0876286625862122,0.0974677205085754,0.0596497058868408,0.108599543571472,0.107558071613312,0.115687012672424,0.108319699764252,0.0882886648178101,0.137187719345093
"22088033",0.0323312282562256,0.0385710000991821,0.00437825918197632,0.0663340091705322,0.0273557305335999,0.000280439853668213,0.00173097848892212,0.0111570954322815,9.918212890625e-05,0.030323326587677,0.0436758995056152,0.0738227367401123,0.0229297280311584,0.0820419192314148,0.0195744633674622,0.0138132572174072,0.0111584663391113,0.00308859348297119,0.0167515873908997,0.00201410055160522,0.115650773048401,0.00401276350021362,0.0188949108123779,0.0252817869186401,0.0543925166130066,0.032817006111145,0.0210567116737366,0.0125557780265808,0.0414097309112549,0.0231708884239197,0.0332255959510803,0.0056036114692688,0.00350469350814819,0.0358318686485291,0.00250518321990967,0.00737267732620239,0,0.0105571150779724,0.0437201857566833,0.0206759572029114,0.0164815783500671,0.00206410884857178,0.0027891993522644,0.0282043814659119,0.019167423248291,0.0430777668952942,0.00423479080200195,0.0265152454376221,0.0306985974311829,0.0240929126739502,0.0475794672966003,0.0190812349319458,0.0531060695648193,0.0510308146476746,0.0267466306686401,0.00200855731964111,0.00171554088592529,0.0330204367637634,0.0694591403007507,0.0501405000686646,0.0555540323257446,0.0197345614433289,0.0169287919998169,0.0396469831466675,0.032537043094635,0.0819599032402039,0.0167215466499329,0.0500791072845459,0.0550000071525574,0.0413685441017151,0.0283457040786743,0.0373237133026123,0.0265443325042725,0.00809955596923828,0.055528998374939,0.0864003300666809,0.0372776389122009,0.0159685611724854,0.0118368864059448,0.0768678188323975,0.0736035108566284,0.0510846376419067,0.0897135138511658,0.0847642421722412,0.10507994890213,0.0301424860954285,0.0889735221862793,0.0850422978401184,0.0929716825485229,0.0852630138397217,0.0614092350006104,0.0518320798873901,0.0933775901794434,0.0842993259429932,0.0782920718193054,0.0382059812545776,0.0655015110969543,0.103109180927277,0.093614399433136,0.0430810451507568,0.066724956035614,0.00114786624908447,0.0127637386322021,0.0283629894256592,0.00718784332275391,0.0612671375274658,0.0344701409339905,0.030551552772522,0.018301784992218,0.0488203763961792,0.0245338082313538,0.00917720794677734,0.0317226052284241,0.00786465406417847,0.0312574505805969,0.0186737775802612,0.0298108458518982,0.0747016668319702,0.0278885960578918,0.0266411900520325,0.0355165600776672,0.0468473434448242,0.0476129055023193,0.0122194886207581,0.034549355506897,0.0458498597145081,0.0235360860824585,0.0190833210945129,0.0426415205001831,0.0234225392341614,0.0330511927604675,0.0349887013435364,0.0505006313323975,0.0455113053321838,0.00755518674850464,0.0387956500053406,0.0553905963897705,0.0197862386703491,0.00422042608261108,0.022682785987854,0.0801540017127991,0.0759666562080383,0.0763080716133118,0.00777298212051392,0.0186962485313416,0.0224571228027344,0.0468010306358337,0.0198814272880554,0.0974708795547485,0.0855332612991333,0.0688201189041138,0.0269508957862854,0.054843544960022,0.00900828838348389,0.0422766804695129,0.00214231014251709,0.045099139213562,0.0684342980384827,0.0461452007293701,0.033444344997406,0.0391048789024353,0.0623248815536499,0.107034623622894,0.0449094176292419,0.0420843958854675,0.0774471759796143,0.0734156370162964,0.01399165391922,0.0457575917243958,0.083355724811554,0.0104604363441467,0.0805899500846863,0.0693106651306152,0.0612996220588684,0.0946102738380432,0.0588048696517944,0.099506676197052,0.0329926609992981,0.0253177285194397,0.0778738260269165,0.0929430723190308,0.0937570333480835,0.0184481143951416,0.0714322924613953,0.0802559852600098,0.090095043182373,0.0522770285606384,0.10122686624527,0.100185394287109,0.108314335346222,0.100947022438049,0.0809159874916077,0.12981504201889
"22088034",0.0217741131782532,0.0280138850212097,0.00617885589599609,0.0557768940925598,0.0167986154556274,0.0102766752243042,0.0122880935668945,0.0217142105102539,0.0106562972068787,0.0197662115097046,0.0331187844276428,0.0632656216621399,0.0334868431091309,0.0714848041534424,0.00901734828948975,0.0243703722953796,0.000601351261138916,0.0136457085609436,0.00619447231292725,0.00854301452636719,0.105093657970428,0.014569878578186,0.00833779573440552,0.0358389019966125,0.0438354015350342,0.0433741211891174,0.031613826751709,0.0019986629486084,0.0308526158332825,0.0337280035018921,0.0437827110290527,0.00495350360870361,0.00705242156982422,0.0252747535705566,0.0130622982978821,0.00318443775177002,0.0105571150779724,0,0.0542773008346558,0.0312330722808838,0.0270386934280396,0.0126212239265442,0.0133463144302368,0.0176472663879395,0.0297245383262634,0.0536348819732666,0.00632232427597046,0.0370723605155945,0.0412557125091553,0.0135357975959778,0.0370223522186279,0.0296383500099182,0.0636631846427917,0.061587929725647,0.0161895155906677,0.0085485577583313,0.0122726559638977,0.0435775518417358,0.0800162553787231,0.060697615146637,0.066111147403717,0.0302916765213013,0.00637167692184448,0.0502040982246399,0.0430941581726074,0.0925170183181763,0.0272786617279053,0.0606362223625183,0.0655571222305298,0.0519256591796875,0.0389028191566467,0.0478808283805847,0.0371014475822449,0.00245755910873413,0.0449718832969666,0.0969574451446533,0.0478347539901733,0.00541144609451294,0.00127977132797241,0.0874249339103699,0.0841606259346008,0.0616417527198792,0.100270628929138,0.0953213572502136,0.115637063980103,0.0406996011734009,0.0995306372642517,0.0955994129180908,0.103528797626495,0.0958201289176941,0.0719663500785828,0.0623891949653625,0.103934705257416,0.0948564410209656,0.0888491868972778,0.04876309633255,0.0760586261749268,0.113666296005249,0.104171514511108,0.0536381602287292,0.0772820711135864,0.0117049813270569,0.00220662355422974,0.0389201045036316,0.0177449584007263,0.0718242526054382,0.0450272560119629,0.0411086678504944,0.0288589000701904,0.0593774914741516,0.0139766931533813,0.0197343230247498,0.0211654901504517,0.00269246101379395,0.0418145656585693,0.0292308926582336,0.0403679609298706,0.0641445517539978,0.0384457111358643,0.0371983051300049,0.0460736751556396,0.0574044585227966,0.0581700205802917,0.00166237354278564,0.0451064705848694,0.0564069747924805,0.0340932011604309,0.0296404361724854,0.0531986355781555,0.0339796543121338,0.0436083078384399,0.0455458164215088,0.0610577464103699,0.0560684204101562,0.00300192832946777,0.0282385349273682,0.0659477114677429,0.0303433537483215,0.00633668899536133,0.0332399010658264,0.0907111167907715,0.0865237712860107,0.0868651866912842,0.0027841329574585,0.029253363609314,0.0330142378807068,0.0573581457138062,0.0304385423660278,0.108027994632721,0.0960903763771057,0.0793772339820862,0.0375080108642578,0.0654006600379944,0.00154882669448853,0.0528337955474854,0.0126994252204895,0.0556562542915344,0.0789914131164551,0.0567023158073425,0.0440014600753784,0.0496619939804077,0.0728819966316223,0.117591738700867,0.0554665327072144,0.0526415109634399,0.0880042910575867,0.0839727520942688,0.0245487689971924,0.0563147068023682,0.0939128398895264,0.0210175514221191,0.0911470651626587,0.0798677802085876,0.0718567371368408,0.105167388916016,0.0693619847297668,0.110063791275024,0.0435497760772705,0.0358748435974121,0.0884309411048889,0.103500187397003,0.104314148426056,0.029005229473114,0.0819894075393677,0.0908131003379822,0.100652158260345,0.0628341436386108,0.111783981323242,0.110742509365082,0.118871450424194,0.111504137516022,0.0914731025695801,0.140372157096863
"22088036",0.0760514140129089,0.0822911858558655,0.0480984449386597,0.110054194927216,0.0710759162902832,0.0440006256103516,0.0419892072677612,0.0325630903244019,0.0436210036277771,0.0740435123443604,0.0873960852622986,0.117542922496796,0.0207904577255249,0.125762104988098,0.0632946491241455,0.0299069285392761,0.0548786520957947,0.0406315922737122,0.060471773147583,0.0457342863082886,0.159370958805084,0.0397074222564697,0.0626150965690613,0.0184383988380432,0.0981127023696899,0.0109031796455383,0.0226634740829468,0.0562759637832642,0.0851299166679382,0.0205492973327637,0.010494589805603,0.0493237972259521,0.0472248792648315,0.0795520544052124,0.0412150025367737,0.0510928630828857,0.0437201857566833,0.0542773008346558,0,0.023044228553772,0.0272386074066162,0.0416560769081116,0.0409309864044189,0.0719245672225952,0.0245527625083923,0.00064241886138916,0.0479549765586853,0.0172049403190613,0.0130215883255005,0.0678130984306335,0.0912996530532837,0.0246389508247375,0.00938588380813599,0.00731062889099121,0.0704668164253235,0.0457287430763245,0.0420046448707581,0.0106997489929199,0.0257389545440674,0.0064203143119812,0.0118338465690613,0.0239856243133545,0.0606489777565002,0.00407320261001587,0.0111831426620483,0.0382397174835205,0.0269986391067505,0.00635892152786255,0.011279821395874,0.00235164165496826,0.015374481678009,0.00639647245407104,0.0171758532524109,0.0518197417259216,0.0992491841316223,0.0426801443099976,0.00644254684448242,0.0596887469291687,0.0555570721626282,0.0331476330757141,0.0298833250999451,0.00736445188522339,0.0459933280944824,0.0410440564155579,0.0613597631454468,0.0135776996612549,0.0452533364295959,0.0413221120834351,0.0492514967918396,0.0415428280830383,0.017689049243927,0.00811189413070679,0.04965740442276,0.0405791401863098,0.0345718860626221,0.00551420450210571,0.021781325340271,0.0593889951705933,0.0498942136764526,0.000639140605926514,0.0230047702789307,0.0425723195075989,0.0564839243888855,0.0153571963310242,0.0365323424339294,0.0175469517707825,0.00925004482269287,0.0131686329841614,0.0254184007644653,0.00510019063949585,0.0682539939880371,0.034542977809906,0.0754427909851074,0.0515848398208618,0.0124627351760864,0.0250464081764221,0.0139093399047852,0.118421852588654,0.0158315896987915,0.0170789957046509,0.00820362567901611,0.00312715768814087,0.00389271974563599,0.0559396743774414,0.00917083024978638,0.00212967395782471,0.0201840996742249,0.0246368646621704,0.00107866525650024,0.020297646522522,0.0106689929962158,0.00873148441314697,0.00678044557571411,0.00179111957550049,0.051275372505188,0.0825158357620239,0.0116704106330872,0.0239339470863342,0.0479406118392944,0.0210373997688293,0.0364338159561157,0.032246470451355,0.0325878858566284,0.0514931678771973,0.0250239372253418,0.021263062953949,0.00308084487915039,0.0238387584686279,0.0537506937980652,0.04181307554245,0.0250999331474304,0.0167692899703979,0.0111233592033386,0.0527284741401672,0.00144350528717041,0.0415778756141663,0.00137895345687866,0.0247141122817993,0.00242501497268677,0.0102758407592773,0.00461530685424805,0.0186046957969666,0.0633144378662109,0.00118923187255859,0.00163578987121582,0.0337269902229309,0.029695451259613,0.0297285318374634,0.0020374059677124,0.0396355390548706,0.0332597494125366,0.0368697643280029,0.0255904793739319,0.0175794363021851,0.0508900880813599,0.0150846838951111,0.0557864904403687,0.0107275247573853,0.0184024572372437,0.0341536402702332,0.0492228865623474,0.0500368475914001,0.0252720713615417,0.0277121067047119,0.0365357995033264,0.0463748574256897,0.00855684280395508,0.0575066804885864,0.056465208530426,0.0645941495895386,0.057226836681366,0.0371958017349243,0.086094856262207
"22088039",0.053007185459137,0.0592469573020935,0.0250542163848877,0.0870099663734436,0.0480316877365112,0.0209563970565796,0.0189449787139893,0.00951886177062988,0.0205767750740051,0.0509992837905884,0.0643518567085266,0.0944986939430237,0.00225377082824707,0.102717876434326,0.0402504205703735,0.00686269998550415,0.0318344235420227,0.0175873637199402,0.037427544593811,0.0226900577545166,0.136326730251312,0.0166631937026978,0.0395708680152893,0.00460582971572876,0.075068473815918,0.0121410489082336,0.000380754470825195,0.0332317352294922,0.0620856881141663,0.0024949312210083,0.0125496387481689,0.0262795686721802,0.0241806507110596,0.0565078258514404,0.0181707739830017,0.0280486345291138,0.0206759572029114,0.0312330722808838,0.023044228553772,0,0.00419437885284424,0.0186118483543396,0.017886757850647,0.0488803386688232,0.00150853395462036,0.0224018096923828,0.0249107480049133,0.00583928823471069,0.0100226402282715,0.0447688698768616,0.0682554244995117,0.00159472227096558,0.032430112361908,0.0303548574447632,0.0474225878715515,0.0226845145225525,0.0189604163169861,0.0123444795608521,0.0487831830978394,0.0294645428657532,0.0348780751228333,0.00094139575958252,0.0376047492027283,0.0189710259437561,0.0118610858917236,0.0612839460372925,0.00395441055297852,0.0294031500816345,0.034324049949646,0.0206925868988037,0.00766974687576294,0.0166477560997009,0.00586837530136108,0.0287755131721497,0.0762049555778503,0.0657243728637695,0.0166016817092896,0.0366445183753967,0.0325128436088562,0.0561918616294861,0.052927553653717,0.0304086804389954,0.0690375566482544,0.0640882849693298,0.0844039916992188,0.00946652889251709,0.0682975649833679,0.064366340637207,0.0722957253456116,0.0645870566368103,0.040733277797699,0.0311561226844788,0.072701632976532,0.0636233687400818,0.057616114616394,0.0175300240516663,0.044825553894043,0.0824332237243652,0.0729384422302246,0.0224050879478455,0.0460489988327026,0.0195280909538269,0.0334396958351135,0.0076870322227478,0.0134881138801575,0.0405911803245544,0.0137941837310791,0.0098755955696106,0.00237417221069336,0.0281444191932678,0.0452097654342651,0.011498749256134,0.0523985624313354,0.0285406112670898,0.0105814933776855,0.00200217962265015,0.00913488864898682,0.0953776240348816,0.00721263885498047,0.00596523284912109,0.0148406028747559,0.0261713862419128,0.026936948299408,0.0328954458236694,0.0138733983039856,0.0251739025115967,0.00286012887954712,0.00159263610839844,0.0219655632972717,0.00274658203125,0.0123752355575562,0.014312744140625,0.0298246741294861,0.0248353481292725,0.028231143951416,0.059471607208252,0.0347146391868591,0.000889718532562256,0.0248963832855225,0.00200682878494263,0.0594780445098877,0.055290699005127,0.0556321144104004,0.0284489393234253,0.00197970867156982,0.001781165599823,0.0261250734329224,0.000794529914855957,0.0767949223518372,0.0648573040962219,0.0481441617012024,0.00627493858337402,0.0341675877571106,0.0296842455863953,0.0216007232666016,0.0185336470603943,0.0244231820106506,0.0477583408355713,0.0254692435264587,0.0127683877944946,0.0184289216995239,0.0416489243507385,0.0863586664199829,0.0242334604263306,0.0214084386825562,0.0567712187767029,0.052739679813385,0.00668430328369141,0.0250816345214844,0.0626797676086426,0.0102155208587646,0.0599139928817749,0.0486347079277039,0.040623664855957,0.0739343166351318,0.0381289124488831,0.0788307189941406,0.0123167037963867,0.00464177131652832,0.0571978688240051,0.0722671151161194,0.0730810761451721,0.00222784280776978,0.0507563352584839,0.0595800280570984,0.0694190859794617,0.0316010713577271,0.0805509090423584,0.079509437084198,0.0876383781433105,0.0802710652351379,0.0602400302886963,0.109139084815979
"22088040",0.0488128066062927,0.0550525784492493,0.0208598375320435,0.0828155875205994,0.043837308883667,0.0167620182037354,0.014750599861145,0.00532448291778564,0.0163823962211609,0.0468049049377441,0.0601574778556824,0.0903043150901794,0.00644814968109131,0.0985234975814819,0.0360560417175293,0.00266832113265991,0.0276400446891785,0.0133929848670959,0.0332331657409668,0.0184956789016724,0.132132351398468,0.0124688148498535,0.0353764891624451,0.008800208568573,0.0708740949630737,0.0163354277610779,0.00457513332366943,0.0290373563766479,0.057891309261322,0.00668931007385254,0.0167440176010132,0.0220851898193359,0.0199862718582153,0.0523134469985962,0.0139763951301575,0.0238542556762695,0.0164815783500671,0.0270386934280396,0.0272386074066162,0.00419437885284424,0,0.0144174695014954,0.0136923789978027,0.044685959815979,0.00268584489822388,0.0265961885452271,0.0207163691520691,0.0100336670875549,0.0142170190811157,0.0405744910240173,0.0640610456466675,0.00259965658187866,0.0366244912147522,0.0345492362976074,0.0432282090187073,0.0184901356697083,0.0147660374641418,0.0165388584136963,0.0529775619506836,0.0336589217185974,0.0390724539756775,0.00325298309326172,0.033410370349884,0.0231654047966003,0.0160554647445679,0.0654783248901367,0.000239968299865723,0.0335975289344788,0.0385184288024902,0.0248869657516479,0.0118641257286072,0.0208421349525452,0.0100627541542053,0.0245811343193054,0.0720105767250061,0.0699187517166138,0.0207960605621338,0.0324501395225525,0.028318464756012,0.0603862404823303,0.0571219325065613,0.0346030592918396,0.0732319355010986,0.0682826638221741,0.088598370552063,0.0136609077453613,0.0724919438362122,0.0685607194900513,0.0764901041984558,0.0687814354896545,0.0449276566505432,0.035350501537323,0.0768960118293762,0.067817747592926,0.0618104934692383,0.0217244029045105,0.0490199327468872,0.0866276025772095,0.0771328210830688,0.0265994668006897,0.0502433776855469,0.0153337121009827,0.0292453169822693,0.011881411075592,0.00929373502731323,0.0447855591773987,0.0179885625839233,0.0140699744224548,0.00182020664215088,0.0323387980461121,0.0410153865814209,0.00730437040328979,0.0482041835784912,0.0243462324142456,0.0147758722305298,0.00219219923019409,0.0133292675018311,0.0911832451820374,0.0114070177078247,0.0101596117019653,0.0190349817276001,0.0303657650947571,0.0311313271522522,0.0287010669708252,0.0180677771568298,0.0293682813644409,0.00705450773239136,0.0026017427444458,0.026159942150116,0.00694096088409424,0.0165696144104004,0.0185071229934692,0.0340190529823303,0.0290297269821167,0.0240367650985718,0.0552772283554077,0.0389090180397034,0.00330466032028198,0.0207020044326782,0.00620120763778687,0.0636724233627319,0.0594850778579712,0.0598264932632446,0.0242545604705811,0.00221467018127441,0.00597554445266724,0.0303194522857666,0.00339984893798828,0.0809893012046814,0.0690516829490662,0.0523385405540466,0.0104693174362183,0.0383619666099548,0.025489866733551,0.0257951021194458,0.01433926820755,0.0286175608634949,0.0519527196884155,0.029663622379303,0.0169627666473389,0.0226233005523682,0.0458433032035828,0.0905530452728271,0.0284278392791748,0.0256028175354004,0.0609655976295471,0.0569340586662292,0.00248992443084717,0.0292760133743286,0.0668741464614868,0.00602114200592041,0.0641083717346191,0.0528290867805481,0.0448180437088013,0.0781286954879761,0.0423232913017273,0.0830250978469849,0.016511082649231,0.00883615016937256,0.0613922476768494,0.0764614939689636,0.0772754549980164,0.00196653604507446,0.0549507141113281,0.0637744069099426,0.0736134648323059,0.0357954502105713,0.0847452878952026,0.0837038159370422,0.0918327569961548,0.0844654440879822,0.0644344091415405,0.113333463668823
"22089029",0.0343953371047974,0.0406351089477539,0.0064423680305481,0.068398118019104,0.0294198393821716,0.00234454870223999,0.000333130359649658,0.00909298658370972,0.00196492671966553,0.0323874354362488,0.045740008354187,0.0758868455886841,0.0208656191825867,0.0841060280799866,0.0216385722160339,0.0117491483688354,0.0132225751876831,0.00102448463439941,0.0188156962394714,0.004078209400177,0.117714881896973,0.00194865465164185,0.0209590196609497,0.0232176780700684,0.0564566254615784,0.0307528972625732,0.0189926028251648,0.0146198868751526,0.0434738397598267,0.0211067795753479,0.0311614871025085,0.00766772031784058,0.00556880235671997,0.0378959774971008,0.000441074371337891,0.00943678617477417,0.00206410884857178,0.0126212239265442,0.0416560769081116,0.0186118483543396,0.0144174695014954,0,0.000725090503692627,0.0302684903144836,0.0171033143997192,0.0410136580467224,0.00629889965057373,0.0244511365890503,0.0286344885826111,0.026157021522522,0.0496435761451721,0.017017126083374,0.0510419607162476,0.0489667057991028,0.0288107395172119,0.00407266616821289,0.000348567962646484,0.0309563279151917,0.067395031452179,0.0480763912200928,0.0534899234771729,0.0176704525947571,0.0189929008483887,0.0375828742980957,0.0304729342460632,0.0798957943916321,0.0146574378013611,0.0480149984359741,0.0529358983039856,0.0393044352531433,0.0262815952301025,0.0352596044540405,0.0244802236557007,0.0101636648178101,0.0575931072235107,0.0843362212181091,0.0352135300636292,0.0180326700210571,0.0139009952545166,0.0748037099838257,0.0715394020080566,0.049020528793335,0.087649405002594,0.0827001333236694,0.103015840053558,0.0280783772468567,0.0869094133377075,0.0829781889915466,0.0909075736999512,0.0831989049911499,0.0593451261520386,0.0497679710388184,0.0913134813308716,0.0822352170944214,0.0762279629707336,0.0361418724060059,0.0634374022483826,0.101045072078705,0.0915502905845642,0.0410169363021851,0.0646608471870422,0.000916242599487305,0.0148278474807739,0.0262988805770874,0.00512373447418213,0.059203028678894,0.0324060320854187,0.0284874439239502,0.0162376761436462,0.0467562675476074,0.0265979170799255,0.00711309909820557,0.0337867140769958,0.00992876291275024,0.0291933417320251,0.0166096687316895,0.0277467370033264,0.076765775680542,0.0258244872093201,0.0245770812034607,0.0334524512290955,0.0447832345962524,0.0455487966537476,0.0142835974693298,0.0324852466583252,0.0437857508659363,0.0214719772338867,0.0170192122459412,0.0405774116516113,0.0213584303855896,0.0309870839118958,0.0329245924949646,0.0484365224838257,0.0434471964836121,0.00961929559707642,0.0408597588539124,0.0533264875411987,0.0177221298217773,0.00628453493118286,0.0206186771392822,0.0780898928642273,0.0739025473594666,0.07424396276474,0.00983709096908569,0.0166321396827698,0.0203930139541626,0.044736921787262,0.0178173184394836,0.0954067707061768,0.0834691524505615,0.066756010055542,0.0248867869377136,0.0527794361114502,0.0110723972320557,0.0402125716209412,7.82012939453125e-05,0.0430350303649902,0.0663701891899109,0.0440810918807983,0.0313802361488342,0.0370407700538635,0.0602607727050781,0.104970514774323,0.0428453087806702,0.0400202870368958,0.0753830671310425,0.0713515281677246,0.0119275450706482,0.043693482875824,0.0812916159629822,0.00839632749557495,0.0785258412361145,0.0672465562820435,0.0592355132102966,0.0925461649894714,0.0567407608032227,0.0974425673484802,0.0309285521507263,0.0232536196708679,0.0758097171783447,0.090878963470459,0.0916929244995117,0.0163840055465698,0.0693681836128235,0.078191876411438,0.0880309343338013,0.0502129197120667,0.099162757396698,0.0981212854385376,0.10625022649765,0.0988829135894775,0.0788518786430359,0.127750933170319
"22089031",0.03512042760849,0.0413601994514465,0.00716745853424072,0.0691232085227966,0.0301449298858643,0.00306963920593262,0.00105822086334229,0.00836789608001709,0.00269001722335815,0.0331125259399414,0.0464650988578796,0.0766119360923767,0.020140528678894,0.0848311185836792,0.0223636627197266,0.0110240578651428,0.0139476656913757,0.000299394130706787,0.0195407867431641,0.00480329990386963,0.118439972400665,0.00122356414794922,0.0216841101646423,0.0224925875663757,0.057181715965271,0.0300278067588806,0.0182675123214722,0.0153449773788452,0.0441989302635193,0.0203816890716553,0.0304363965988159,0.0083928108215332,0.0062938928604126,0.0386210680007935,0.000284016132354736,0.0101618766784668,0.0027891993522644,0.0133463144302368,0.0409309864044189,0.017886757850647,0.0136923789978027,0.000725090503692627,0,0.0309935808181763,0.0163782238960266,0.0402885675430298,0.00702399015426636,0.0237260460853577,0.0279093980789185,0.0268821120262146,0.0503686666488647,0.0162920355796814,0.0503168702125549,0.0482416152954102,0.0295358300209045,0.00479775667190552,0.00107365846633911,0.030231237411499,0.0666699409484863,0.0473513007164001,0.0527648329734802,0.0169453620910645,0.0197179913520813,0.0368577837944031,0.0297478437423706,0.0791707038879395,0.0139323472976685,0.0472899079322815,0.052210807800293,0.0385793447494507,0.0255565047264099,0.0345345139503479,0.0237551331520081,0.0108887553215027,0.0583181977272034,0.0836111307144165,0.0344884395599365,0.0187577605247498,0.0146260857582092,0.0740786194801331,0.070814311504364,0.0482954382896423,0.0869243144989014,0.0819750428199768,0.102290749549866,0.0273532867431641,0.0861843228340149,0.082253098487854,0.0901824831962585,0.0824738144874573,0.0586200356483459,0.0490428805351257,0.090588390827179,0.0815101265907288,0.075502872467041,0.0354167819023132,0.0627123117446899,0.100319981575012,0.0908252000808716,0.0402918457984924,0.0639357566833496,0.00164133310317993,0.0155529379844666,0.0255737900733948,0.0043986439704895,0.0584779381752014,0.0316809415817261,0.0277623534202576,0.0155125856399536,0.0460311770439148,0.0273230075836182,0.00638800859451294,0.0345118045806885,0.0106538534164429,0.0284682512283325,0.0158845782279968,0.0270216464996338,0.0774908661842346,0.0250993967056274,0.0238519906997681,0.0327273607254028,0.0440581440925598,0.0448237061500549,0.0150086879730225,0.0317601561546326,0.0430606603622437,0.0207468867301941,0.0162941217422485,0.0398523211479187,0.020633339881897,0.0302619934082031,0.032199501991272,0.0477114319801331,0.0427221059799194,0.010344386100769,0.041584849357605,0.0526013970375061,0.0169970393180847,0.00700962543487549,0.0198935866355896,0.0773648023605347,0.0731774568557739,0.0735188722610474,0.0105621814727783,0.0159070491790771,0.01966792345047,0.0440118312835693,0.017092227935791,0.0946816802024841,0.0827440619468689,0.0660309195518494,0.024161696434021,0.0520543456077576,0.0117974877357483,0.0394874811172485,0.000646889209747314,0.0423099398612976,0.0656450986862183,0.0433560013771057,0.0306551456451416,0.0363156795501709,0.0595356822013855,0.10424542427063,0.0421202182769775,0.0392951965332031,0.0746579766273499,0.070626437664032,0.0112024545669556,0.0429683923721313,0.0805665254592896,0.00767123699188232,0.0778007507324219,0.0665214657783508,0.058510422706604,0.0918210744857788,0.05601567029953,0.0967174768447876,0.0302034616470337,0.0225285291671753,0.0750846266746521,0.0901538729667664,0.0909678339958191,0.0156589150428772,0.0686430931091309,0.0774667859077454,0.0873058438301086,0.049487829208374,0.0984376668930054,0.097396194934845,0.105525135993958,0.0981578230857849,0.0781267881393433,0.127025842666626
"22089033",0.00412684679031372,0.0103666186332703,0.0238261222839355,0.0381296277046204,0.000848650932312012,0.0279239416122437,0.029935359954834,0.0393614768981934,0.0283035635948181,0.00211894512176514,0.0154715180397034,0.0456183552742004,0.0511341094970703,0.0538375377655029,0.00862991809844971,0.0420176386833191,0.0170459151268005,0.0312929749488831,0.0114527940750122,0.0261902809143066,0.087446391582489,0.0322171449661255,0.00930947065353394,0.053486168384552,0.0261881351470947,0.0610213875770569,0.0492610931396484,0.0156486034393311,0.013205349445343,0.0513752698898315,0.0614299774169922,0.0226007699966431,0.0246996879577637,0.00762748718261719,0.0307095646858215,0.0208317041397095,0.0282043814659119,0.0176472663879395,0.0719245672225952,0.0488803386688232,0.044685959815979,0.0302684903144836,0.0309935808181763,0,0.0473718047142029,0.0712821483612061,0.0239695906639099,0.0547196269035339,0.0589029788970947,0.00411146879196167,0.0193750858306885,0.0472856163978577,0.0813104510307312,0.0792351961135864,0.00145775079727173,0.0261958241462708,0.0299199223518372,0.0612248182296753,0.0976635217666626,0.0783448815345764,0.0837584137916565,0.0479389429092407,0.011275589466095,0.0678513646125793,0.0607414245605469,0.110164284706116,0.0449259281158447,0.0782834887504578,0.0832043886184692,0.069572925567627,0.0565500855445862,0.0655280947685242,0.0547487139701843,0.0201048254966736,0.0273246169090271,0.114604711532593,0.0654820203781128,0.0122358202934265,0.016367495059967,0.105072200298309,0.10180789232254,0.0792890191078186,0.117917895317078,0.112968623638153,0.133284330368042,0.0583468675613403,0.117177903652191,0.11324667930603,0.121176064014435,0.113467395305634,0.0896136164665222,0.080036461353302,0.121581971645355,0.112503707408905,0.106496453285217,0.0664103627204895,0.0937058925628662,0.131313562393188,0.121818780899048,0.0712854266166687,0.0949293375015259,0.0293522477149963,0.0154406428337097,0.056567370891571,0.0353922247886658,0.0894715189933777,0.0626745223999023,0.0587559342384338,0.0465061664581299,0.0770247578620911,0.00367057323455811,0.0373815894126892,0.00351822376251221,0.0203397274017334,0.0594618320465088,0.0468781590461731,0.0580152273178101,0.0464972853660583,0.0560929775238037,0.0548455715179443,0.0637209415435791,0.0750517249107361,0.0758172869682312,0.0159848928451538,0.0627537369728088,0.0740542411804199,0.0517404675483704,0.0472877025604248,0.070845901966095,0.0516269207000732,0.0612555742263794,0.0631930828094482,0.0787050127983093,0.0737156867980957,0.0206491947174072,0.0105912685394287,0.0835949778556824,0.047990620136261,0.0239839553833008,0.0508871674537659,0.108358383178711,0.10417103767395,0.104512453079224,0.0204313993453979,0.0469006299972534,0.0506615042686462,0.0750054121017456,0.0480858087539673,0.12567526102066,0.113737642765045,0.0970245003700256,0.0551552772521973,0.0830479264259338,0.019196093082428,0.0704810619354248,0.030346691608429,0.0733035206794739,0.0966386795043945,0.074349582195282,0.0616487264633179,0.0673092603683472,0.0905292630195618,0.135239005088806,0.0731137990951538,0.0702887773513794,0.105651557445526,0.101620018482208,0.0421960353851318,0.0739619731903076,0.111560106277466,0.0386648178100586,0.108794331550598,0.0975150465965271,0.0895040035247803,0.122814655303955,0.0870092511177063,0.127711057662964,0.06119704246521,0.0535221099853516,0.106078207492828,0.121147453784943,0.121961414813995,0.0466524958610535,0.0996366739273071,0.108460366725922,0.118299424648285,0.0804814100265503,0.129431247711182,0.128389775753021,0.136518716812134,0.129151403903961,0.10912036895752,0.158019423484802
"22089035",0.0514986515045166,0.0577384233474731,0.0235456824302673,0.0855014324188232,0.0465231537818909,0.0194478631019592,0.0174364447593689,0.00801032781600952,0.0190682411193848,0.049490749835968,0.0628433227539062,0.0929901599884033,0.00376230478286743,0.101209342479706,0.0387418866157532,0.00535416603088379,0.0303258895874023,0.0160788297653198,0.0359190106391907,0.0211815237998962,0.134818196296692,0.0151546597480774,0.0380623340606689,0.00611436367034912,0.0735599398612976,0.013649582862854,0.00188928842544556,0.0317232012748718,0.0605771541595459,0.00400346517562866,0.0140581727027893,0.0247710347175598,0.0226721167564392,0.0549992918968201,0.0166622400283813,0.0265401005744934,0.019167423248291,0.0297245383262634,0.0245527625083923,0.00150853395462036,0.00268584489822388,0.0171033143997192,0.0163782238960266,0.0473718047142029,0,0.0239103436470032,0.023402214050293,0.00734782218933105,0.0115311741828918,0.0432603359222412,0.0667468905448914,8.61883163452148e-05,0.0339386463165283,0.0318633913993835,0.0459140539169312,0.0211759805679321,0.0174518823623657,0.0138530135154724,0.0502917170524597,0.0309730768203735,0.0363866090774536,0.000567138195037842,0.0360962152481079,0.0204795598983765,0.013369619846344,0.0627924799919128,0.00244587659835815,0.0309116840362549,0.0358325839042664,0.0222011208534241,0.0091782808303833,0.0181562900543213,0.00737690925598145,0.0272669792175293,0.07469642162323,0.0672329068183899,0.0181102156639099,0.0351359844207764,0.0310043096542358,0.0577003955841064,0.0544360876083374,0.0319172143936157,0.0705460906028748,0.0655968189239502,0.0859125256538391,0.0109750628471375,0.0698060989379883,0.0658748745918274,0.0738042593002319,0.0660955905914307,0.0422418117523193,0.0326646566390991,0.0742101669311523,0.0651319026947021,0.0591246485710144,0.0190385580062866,0.0463340878486633,0.0839417576789856,0.074446976184845,0.0239136219024658,0.047557532787323,0.0180195569992065,0.0319311618804932,0.00919556617736816,0.0119795799255371,0.0420997142791748,0.0153027176856995,0.011384129524231,0.000865638256072998,0.0296529531478882,0.0437012314796448,0.00999021530151367,0.0508900284767151,0.0270320773124695,0.0120900273323059,0.000493645668029785,0.0106434226036072,0.0938690900802612,0.00872117280960083,0.00747376680374146,0.0163491368293762,0.0276799201965332,0.0284454822540283,0.0313869118690491,0.015381932258606,0.026682436466217,0.00436866283416748,8.41021537780762e-05,0.0234740972518921,0.00425511598587036,0.0138837695121765,0.0158212780952454,0.0313332080841064,0.0263438820838928,0.0267226099967957,0.0579630732536316,0.0362231731414795,0.000618815422058105,0.0233878493309021,0.00351536273956299,0.0609865784645081,0.0567992329597473,0.0571406483650208,0.0269404053688049,0.000471174716949463,0.00328969955444336,0.0276336073875427,0.000714004039764404,0.0783034563064575,0.0663658380508423,0.0496526956558228,0.00778347253799438,0.035676121711731,0.0281757116317749,0.0231092572212219,0.0170251131057739,0.025931715965271,0.0492668747901917,0.0269777774810791,0.014276921749115,0.0199374556541443,0.0431574583053589,0.0878672003746033,0.0257419943809509,0.0229169726371765,0.0582797527313232,0.0542482137680054,0.00517576932907104,0.0265901684761047,0.0641883015632629,0.00870698690414429,0.0614225268363953,0.0501432418823242,0.0421321988105774,0.0754428505897522,0.0396374464035034,0.080339252948761,0.0138252377510071,0.00615030527114868,0.0587064027786255,0.0737756490707397,0.0745896100997925,0.000719308853149414,0.0522648692131042,0.0610885620117188,0.070927619934082,0.0331096053123474,0.0820594429969788,0.0810179710388184,0.0891469120979309,0.0817795991897583,0.0617485642433167,0.110647618770599
"22089037",0.0754089951515198,0.0816487669944763,0.0474560260772705,0.109411776065826,0.070433497428894,0.0433582067489624,0.0413467884063721,0.0319206714630127,0.0429785847663879,0.0734010934829712,0.0867536664009094,0.116900503635406,0.0201480388641357,0.125119686126709,0.0626522302627563,0.029264509677887,0.0542362332344055,0.039989173412323,0.0598293542861938,0.0450918674468994,0.158728539943695,0.0390650033950806,0.0619726777076721,0.0177959799766541,0.0974702835083008,0.0102607607841492,0.0220210552215576,0.055633544921875,0.0844874978065491,0.0199068784713745,0.00985217094421387,0.048681378364563,0.0465824604034424,0.0789096355438232,0.0405725836753845,0.0504504442214966,0.0430777668952942,0.0536348819732666,0.00064241886138916,0.0224018096923828,0.0265961885452271,0.0410136580467224,0.0402885675430298,0.0712821483612061,0.0239103436470032,0,0.0473125576972961,0.0165625214576721,0.0123791694641113,0.0671706795692444,0.0906572341918945,0.0239965319633484,0.0100283026695251,0.00795304775238037,0.0698243975639343,0.0450863242149353,0.0413622260093689,0.0100573301315308,0.0263813734054565,0.00706273317337036,0.0124762654304504,0.0233432054519653,0.0600065588951111,0.00343078374862671,0.0105407238006592,0.0388821363449097,0.0263562202453613,0.00700134038925171,0.0119222402572632,0.0017092227935791,0.0147320628166199,0.00575405359268188,0.0165334343910217,0.0511773228645325,0.0986067652702332,0.0433225631713867,0.00580012798309326,0.0590463280677795,0.054914653301239,0.0337900519371033,0.0305257439613342,0.00800687074661255,0.0466357469558716,0.041686475276947,0.0620021820068359,0.0129352807998657,0.0458957552909851,0.0419645309448242,0.0498939156532288,0.0421852469444275,0.0183314681053162,0.00875431299209595,0.0502998232841492,0.041221559047699,0.0352143049240112,0.00487178564071655,0.0224237442016602,0.0600314140319824,0.0505366325378418,3.27825546264648e-06,0.0236471891403198,0.0419299006462097,0.0558415055274963,0.014714777469635,0.0358899235725403,0.0181893706321716,0.00860762596130371,0.0125262141227722,0.0247759819030762,0.00574260950088501,0.0676115751266479,0.0339005589485168,0.0748003721237183,0.0509424209594727,0.0118203163146973,0.024403989315033,0.013266921043396,0.117779433727264,0.0151891708374023,0.0164365768432617,0.00756120681762695,0.00376957654953003,0.00453513860702515,0.0552972555160522,0.00852841138839722,0.00277209281921387,0.0195416808128357,0.0239944458007812,0.000436246395111084,0.0196552276611328,0.0100265741348267,0.00808906555175781,0.00742286443710327,0.00243353843688965,0.0506329536437988,0.0818734169006348,0.0123128294944763,0.0232915282249451,0.0472981929779053,0.0203949809074402,0.0370762348175049,0.0328888893127441,0.0332303047180176,0.0508507490158081,0.0243815183639526,0.0206206440925598,0.00372326374053955,0.0231963396072388,0.0543931126594543,0.0424554944038391,0.0257423520088196,0.0161268711090088,0.0117657780647278,0.0520860552787781,0.00080108642578125,0.0409354567527771,0.00202137231826782,0.0253565311431885,0.00306743383407593,0.00963342189788818,0.00397288799285889,0.0192471146583557,0.0639568567276001,0.00183165073394775,0.00099337100982666,0.0343694090843201,0.0303378701210022,0.0290861129760742,0.00267982482910156,0.0402779579162598,0.0326173305511475,0.0375121831893921,0.026232898235321,0.0182218551635742,0.051532506942749,0.0157271027565002,0.0564289093017578,0.0100851058959961,0.0177600383758545,0.0347960591316223,0.0498653054237366,0.0506792664527893,0.0246296525001526,0.0283545255661011,0.0371782183647156,0.0470172762870789,0.00919926166534424,0.0581490993499756,0.0571076273918152,0.0652365684509277,0.0578692555427551,0.0378382205963135,0.0867372751235962
"22089039",0.0280964374542236,0.0343362092971802,0.000143468379974365,0.0620992183685303,0.0231209397315979,0.00395435094833374,0.00596576929092407,0.0153918862342834,0.0043339729309082,0.026088535785675,0.0394411087036133,0.0695879459381104,0.0271645188331604,0.0778071284294128,0.0153396725654602,0.0180480480194092,0.00692367553710938,0.00732338428497314,0.0125167965888977,0.00222069025039673,0.111415982246399,0.00824755430221558,0.014660120010376,0.0295165777206421,0.0501577258110046,0.037051796913147,0.0252915024757385,0.00832098722457886,0.0371749401092529,0.0274056792259216,0.0374603867530823,0.00136882066726685,0.00073009729385376,0.0315970778465271,0.00673997402191162,0.00313788652420044,0.00423479080200195,0.00632232427597046,0.0479549765586853,0.0249107480049133,0.0207163691520691,0.00629889965057373,0.00702399015426636,0.0239695906639099,0.023402214050293,0.0473125576972961,0,0.030750036239624,0.0349333882331848,0.0198581218719482,0.0433446764945984,0.0233160257339478,0.0573408603668213,0.0552656054496765,0.0225118398666382,0.00222623348236084,0.00595033168792725,0.0372552275657654,0.0736939311027527,0.0543752908706665,0.0597888231277466,0.0239693522453308,0.0126940011978149,0.0438817739486694,0.036771833896637,0.0861946940422058,0.0209563374519348,0.0543138980865479,0.0592347979545593,0.045603334903717,0.0325804948806763,0.0415585041046143,0.0307791233062744,0.00386476516723633,0.051294207572937,0.0906351208686829,0.0415124297142029,0.0117337703704834,0.00760209560394287,0.0811026096343994,0.0778383016586304,0.0553194284439087,0.0939483046531677,0.0889990329742432,0.109314739704132,0.0343772768974304,0.0932083129882812,0.0892770886421204,0.0972064733505249,0.0894978046417236,0.0656440258026123,0.0560668706893921,0.0976123809814453,0.0885341167449951,0.0825268626213074,0.0424407720565796,0.0697363018989563,0.107343971729279,0.0978491902351379,0.0473158359527588,0.070959746837616,0.00538265705108643,0.0085289478302002,0.0325977802276611,0.0114226341247559,0.0655019283294678,0.0387049317359924,0.0347863435745239,0.02253657579422,0.0530551671981812,0.0202990174293518,0.0134119987487793,0.0274878144264221,0.00362986326217651,0.0354922413825989,0.0229085683822632,0.0340456366539001,0.0704668760299683,0.0321233868598938,0.0308759808540344,0.0397513508796692,0.0510821342468262,0.0518476963043213,0.0079846978187561,0.0387841463088989,0.05008465051651,0.0277708768844604,0.0233181118965149,0.0468763113021851,0.0276573300361633,0.0372859835624695,0.0392234921455383,0.0547354221343994,0.0497460961341858,0.00332039594650269,0.0345608592033386,0.0596253871917725,0.0240210294723511,1.43647193908691e-05,0.026917576789856,0.084388792514801,0.0802014470100403,0.0805428624153137,0.00353819131851196,0.0229310393333435,0.0266919136047363,0.0510358214378357,0.0241162180900574,0.10170567035675,0.0897680521011353,0.0730549097061157,0.0311856865882874,0.0590783357620239,0.00477349758148193,0.0465114712715149,0.00637710094451904,0.049333930015564,0.0726690888404846,0.0503799915313721,0.037679135799408,0.0433396697044373,0.0665596723556519,0.111269414424896,0.0491442084312439,0.0463191866874695,0.0816819667816162,0.0776504278182983,0.0182264447212219,0.0499923825263977,0.0875905156135559,0.0146952271461487,0.0848247408866882,0.0735454559326172,0.0655344128608704,0.0988450646400452,0.0630396604537964,0.103741466999054,0.0372274518013,0.0295525193214417,0.0821086168289185,0.0971778631210327,0.0979918241500854,0.0226829051971436,0.0756670832633972,0.0844907760620117,0.094329833984375,0.0565118193626404,0.105461657047272,0.104420185089111,0.112549126148224,0.105181813240051,0.0851507782936096,0.134049832820892
"22089040",0.0588464736938477,0.0650862455368042,0.0308935046195984,0.0928492546081543,0.0538709759712219,0.0267956852912903,0.0247842669487,0.0153581500053406,0.0264160633087158,0.0568385720252991,0.0701911449432373,0.100337982177734,0.00358551740646362,0.108557164669037,0.0460897088050842,0.0127019882202148,0.0376737117767334,0.0234266519546509,0.0432668328285217,0.0285293459892273,0.142166018486023,0.0225024819374084,0.04541015625,0.00123345851898193,0.0809077620506287,0.00630176067352295,0.0054585337638855,0.0390710234642029,0.067924976348877,0.00334435701370239,0.00671035051345825,0.0321188569068909,0.0300199389457703,0.0623471140861511,0.0240100622177124,0.0338879227638245,0.0265152454376221,0.0370723605155945,0.0172049403190613,0.00583928823471069,0.0100336670875549,0.0244511365890503,0.0237260460853577,0.0547196269035339,0.00734782218933105,0.0165625214576721,0.030750036239624,0,0.00418335199356079,0.0506081581115723,0.0740947127342224,0.00743401050567627,0.0265908241271973,0.0245155692100525,0.0532618761062622,0.0285238027572632,0.0247997045516968,0.00650519132614136,0.0429438948631287,0.0236252546310425,0.0290387868881226,0.00678068399429321,0.043444037437439,0.0131317377090454,0.00602179765701294,0.0554446578025818,0.00979369878768921,0.0235638618469238,0.0284847617149353,0.014853298664093,0.00183045864105225,0.0108084678649902,2.90870666503906e-05,0.0346148014068604,0.082044243812561,0.0598850846290588,0.0107623934745789,0.0424838066101074,0.0383521318435669,0.0503525733947754,0.0470882654190063,0.0245693922042847,0.0631982684135437,0.0582489967346191,0.0785647034645081,0.0036272406578064,0.0624582767486572,0.0585270524024963,0.0664564371109009,0.0587477684020996,0.0348939895629883,0.0253168344497681,0.0668623447418213,0.0577840805053711,0.0517768263816833,0.0116907358169556,0.0389862656593323,0.0765939354896545,0.0670991539955139,0.0165657997131348,0.0402097105979919,0.0253673791885376,0.0392789840698242,0.00184774398803711,0.0193274021148682,0.0347518920898438,0.00795489549636841,0.0040363073348999,0.00821346044540405,0.0223051309585571,0.0510490536689758,0.0173380374908447,0.0582378506660461,0.0343798995018005,0.00474220514297485,0.00784146785736084,0.00329560041427612,0.101216912269592,0.00137335062026978,0.0001259446144104,0.00900131464004517,0.0203320980072021,0.0210976600646973,0.0387347340583801,0.0080341100692749,0.019334614276886,0.00297915935516357,0.00743192434310913,0.016126275062561,0.00309270620346069,0.00653594732284546,0.00847345590591431,0.0239853858947754,0.0189960598945618,0.0340704321861267,0.0653108954429626,0.0288753509521484,0.00672900676727295,0.0307356715202332,0.00383245944976807,0.053638756275177,0.0494514107704163,0.0497928261756897,0.034288227558136,0.00781899690628052,0.0040581226348877,0.0202857851982117,0.00663381814956665,0.0709556341171265,0.0590180158615112,0.0423048734664917,0.00043565034866333,0.0283282995223999,0.035523533821106,0.0157614350318909,0.024372935295105,0.0185838937759399,0.0419190526008606,0.019629955291748,0.00692909955978394,0.0125896334648132,0.0358096361160278,0.0805193781852722,0.0183941721916199,0.0155691504478455,0.0509319305419922,0.0469003915786743,0.0125235915184021,0.0192423462867737,0.0568404793739319,0.0160548090934753,0.0540747046470642,0.0427954196929932,0.0347843766212463,0.0680950284004211,0.0322896242141724,0.0729914307594299,0.00647741556167603,0.00119751691818237,0.0513585805892944,0.0664278268814087,0.0672417879104614,0.00806713104248047,0.0449170470237732,0.0537407398223877,0.063579797744751,0.0257617831230164,0.0747116208076477,0.0736701488494873,0.0817990899085999,0.0744317770004272,0.0544007420539856,0.103299796581268
"22089041",0.0630298256874084,0.069269597530365,0.0350768566131592,0.0970326066017151,0.0580543279647827,0.0309790372848511,0.0289676189422607,0.0195415019989014,0.0305994153022766,0.0610219240188599,0.0743744969367981,0.104521334171295,0.00776886940002441,0.112740516662598,0.050273060798645,0.0168853402137756,0.0418570637702942,0.0276100039482117,0.0474501848220825,0.0327126979827881,0.146349370479584,0.0266858339309692,0.0495935082435608,0.00541681051254272,0.0850911140441895,0.00211840867996216,0.00964188575744629,0.0432543754577637,0.0721083283424377,0.00752770900726318,0.00252699851989746,0.0363022089004517,0.0342032909393311,0.0665304660797119,0.0281934142112732,0.0380712747573853,0.0306985974311829,0.0412557125091553,0.0130215883255005,0.0100226402282715,0.0142170190811157,0.0286344885826111,0.0279093980789185,0.0589029788970947,0.0115311741828918,0.0123791694641113,0.0349333882331848,0.00418335199356079,0,0.0547915101051331,0.0782780647277832,0.0116173624992371,0.0224074721336365,0.0203322172164917,0.057445228099823,0.032707154750824,0.0289830565452576,0.00232183933258057,0.0387605428695679,0.0194419026374817,0.0248554348945618,0.010964035987854,0.0476273894309998,0.00894838571548462,0.00183844566345215,0.051261305809021,0.01397705078125,0.019380509853363,0.0243014097213745,0.0106699466705322,0.00235289335250854,0.00662511587142944,0.0041542649269104,0.0387981534004211,0.0862275958061218,0.055701732635498,0.00657904148101807,0.0466671586036682,0.0425354838371277,0.0461692214012146,0.0429049134254456,0.0203860402107239,0.0590149164199829,0.0540656447410583,0.0743813514709473,0.000556111335754395,0.0582749247550964,0.0543437004089355,0.0622730851173401,0.0545644164085388,0.0307106375694275,0.0211334824562073,0.0626789927482605,0.0536007285118103,0.0475934743881226,0.00750738382339478,0.0348029136657715,0.0724105834960938,0.0629158020019531,0.012382447719574,0.0360263586044312,0.0295507311820984,0.043462336063385,0.00233560800552368,0.023510754108429,0.030568540096283,0.00377154350280762,0.000147044658660889,0.0123968124389648,0.0181217789649963,0.0552324056625366,0.0215213894844055,0.0624212026596069,0.0385632514953613,0.000558853149414062,0.0120248198509216,0.000887751579284668,0.105400264263153,0.00281000137329102,0.00405740737915039,0.00481796264648438,0.0161487460136414,0.0169143080711365,0.0429180860519409,0.00385075807571411,0.0151512622833252,0.00716251134872437,0.0116152763366699,0.0119429230690002,0.00727605819702148,0.00235259532928467,0.00429010391235352,0.0198020339012146,0.014812707901001,0.0382537841796875,0.0694942474365234,0.0246919989585876,0.0109123587608337,0.0349190235137939,0.00801581144332886,0.0494554042816162,0.0452680587768555,0.0456094741821289,0.0384715795516968,0.0120023488998413,0.00824147462844849,0.0161024332046509,0.0108171701431274,0.0667722821235657,0.0548346638679504,0.0381215214729309,0.00374770164489746,0.0241449475288391,0.0397068858146667,0.0115780830383301,0.0285562872886658,0.0144005417823792,0.0377357006072998,0.0154466032981873,0.00274574756622314,0.00840628147125244,0.031626284122467,0.0763360261917114,0.0142108201980591,0.0113857984542847,0.0467485785484314,0.0427170395851135,0.0167069435119629,0.0150589942932129,0.0526571273803711,0.0202381610870361,0.0498913526535034,0.0386120676994324,0.0306010246276855,0.0639116764068604,0.0281062722206116,0.0688080787658691,0.00229406356811523,0.00538086891174316,0.0471752285957336,0.0622444748878479,0.0630584359169006,0.0122504830360413,0.0407336950302124,0.0495573878288269,0.0593964457511902,0.0215784311294556,0.0705282688140869,0.0694867968559265,0.0776157379150391,0.0702484250068665,0.0502173900604248,0.0991164445877075
"22090030",0.00823831558227539,0.0144780874252319,0.0197146534919739,0.042241096496582,0.00326281785964966,0.023812472820282,0.0258238911628723,0.0352500081062317,0.0241920948028564,0.00623041391372681,0.019582986831665,0.0497298240661621,0.0470226407051086,0.0579490065574646,0.00451844930648804,0.0379061698913574,0.0129344463348389,0.0271815061569214,0.00734132528305054,0.022078812122345,0.0915578603744507,0.0281056761741638,0.00519800186157227,0.0493746995925903,0.0302996039390564,0.0569099187850952,0.0451496243476868,0.0115371346473694,0.0173168182373047,0.0472638010978699,0.0573185086250305,0.0184893012046814,0.020588219165802,0.0117389559745789,0.0265980958938599,0.0167202353477478,0.0240929126739502,0.0135357975959778,0.0678130984306335,0.0447688698768616,0.0405744910240173,0.026157021522522,0.0268821120262146,0.00411146879196167,0.0432603359222412,0.0671706795692444,0.0198581218719482,0.0506081581115723,0.0547915101051331,0,0.0234865546226501,0.043174147605896,0.0771989822387695,0.0751237273216248,0.00265371799468994,0.0220843553543091,0.0258084535598755,0.0571133494377136,0.0935520529747009,0.0742334127426147,0.0796469449996948,0.0438274741172791,0.0071641206741333,0.0637398958206177,0.0566299557685852,0.106052815914154,0.0408144593238831,0.0741720199584961,0.0790929198265076,0.0654614567756653,0.0524386167526245,0.0614166259765625,0.0506372451782227,0.0159933567047119,0.0314360857009888,0.110493242740631,0.0613705515861511,0.00812435150146484,0.0122560262680054,0.100960731506348,0.0976964235305786,0.0751775503158569,0.113806426525116,0.108857154846191,0.12917286157608,0.0542353987693787,0.113066434860229,0.109135210514069,0.117064595222473,0.109355926513672,0.0855021476745605,0.0759249925613403,0.117470502853394,0.108392238616943,0.102384984493256,0.0622988939285278,0.0895944237709045,0.127202093601227,0.117707312107086,0.067173957824707,0.0908178687095642,0.0252407789230347,0.011329174041748,0.0524559020996094,0.0312807559967041,0.085360050201416,0.0585630536079407,0.0546444654464722,0.0423946976661682,0.0729132890701294,0.000440895557403564,0.0332701206207275,0.00762969255447388,0.0162282586097717,0.0553503632545471,0.0427666902542114,0.0539037585258484,0.05060875415802,0.051981508731842,0.0507341027259827,0.0596094727516174,0.0709402561187744,0.0717058181762695,0.0118734240531921,0.0586422681808472,0.0699427723884583,0.0476289987564087,0.0431762337684631,0.0667344331741333,0.0475154519081116,0.0571441054344177,0.0590816140174866,0.0745935440063477,0.069604218006134,0.0165377259254456,0.0147027373313904,0.0794835090637207,0.0438791513442993,0.0198724865913391,0.0467756986618042,0.104246914386749,0.100059568881989,0.100400984287262,0.0163199305534363,0.0427891612052917,0.0465500354766846,0.0708939433097839,0.0439743399620056,0.121563792228699,0.109626173973083,0.092913031578064,0.0510438084602356,0.0789364576339722,0.0150846242904663,0.0663695931434631,0.0262352228164673,0.0691920518875122,0.0925272107124329,0.0702381134033203,0.0575372576713562,0.0631977915763855,0.0864177942276001,0.131127536296844,0.0690023303031921,0.0661773085594177,0.101540088653564,0.0975085496902466,0.0380845665931702,0.0698505043983459,0.107448637485504,0.0345533490180969,0.104682862758636,0.0934035778045654,0.0853925347328186,0.118703186511993,0.0828977823257446,0.123599588871002,0.0570855736732483,0.0494106411933899,0.101966738700867,0.117035984992981,0.117849946022034,0.0425410270690918,0.0955252051353455,0.10434889793396,0.114187955856323,0.0763699412345886,0.12531977891922,0.12427830696106,0.132407248020172,0.125039935112,0.105008900165558,0.153907954692841
"22090033",0.0152482390403748,0.00900846719741821,0.043201208114624,0.0187545418739319,0.0202237367630005,0.0472990274429321,0.0493104457855225,0.0587365627288818,0.0476786494255066,0.0172561407089233,0.00390356779098511,0.026243269443512,0.0705091953277588,0.0344624519348145,0.0280050039291382,0.0613927245140076,0.036421000957489,0.0506680607795715,0.0308278799057007,0.0455653667449951,0.0680713057518005,0.051592230796814,0.0286845564842224,0.0728612542152405,0.00681304931640625,0.0803964734077454,0.0686361789703369,0.0350236892700195,0.00616973638534546,0.07075035572052,0.0808050632476807,0.0419758558273315,0.0440747737884521,0.0117475986480713,0.05008465051651,0.0402067899703979,0.0475794672966003,0.0370223522186279,0.0912996530532837,0.0682554244995117,0.0640610456466675,0.0496435761451721,0.0503686666488647,0.0193750858306885,0.0667468905448914,0.0906572341918945,0.0433446764945984,0.0740947127342224,0.0782780647277832,0.0234865546226501,0,0.0666607022285461,0.10068553686142,0.0986102819442749,0.0208328366279602,0.0455709099769592,0.0492950081825256,0.0805999040603638,0.117038607597351,0.0977199673652649,0.103133499622345,0.0673140287399292,0.0306506752967834,0.0872264504432678,0.0801165103912354,0.129539370536804,0.0643010139465332,0.0976585745811462,0.102579474449158,0.0889480113983154,0.0759251713752747,0.0849031805992126,0.0741237998008728,0.0394799113273621,0.00794953107833862,0.133979797363281,0.0848571062088013,0.031610906124115,0.0357425808906555,0.124447286128998,0.121182978153229,0.0986641049385071,0.137292981147766,0.132343709468842,0.15265941619873,0.0777219533920288,0.13655298948288,0.132621765136719,0.140551149845123,0.132842481136322,0.108988702297211,0.0994115471839905,0.140957057476044,0.131878793239594,0.125871539115906,0.085785448551178,0.113080978393555,0.150688648223877,0.141193866729736,0.0906605124473572,0.114304423332214,0.0487273335456848,0.0348157286643982,0.0759424567222595,0.0547673106193542,0.108846604824066,0.0820496082305908,0.0781310200691223,0.0658812522888184,0.0963998436927795,0.0230456590652466,0.0567566752433777,0.0158568620681763,0.0397148132324219,0.0788369178771973,0.0662532448768616,0.0773903131484985,0.0271221995353699,0.0754680633544922,0.0742206573486328,0.0830960273742676,0.0944268107414246,0.0951923727989197,0.0353599786758423,0.0821288228034973,0.0934293270111084,0.0711155533790588,0.0666627883911133,0.0902209877967834,0.0710020065307617,0.0806306600570679,0.0825681686401367,0.0980800986289978,0.0930907726287842,0.0400242805480957,0.00878381729125977,0.102970063686371,0.0673657059669495,0.0433590412139893,0.0702622532844543,0.127733469009399,0.123546123504639,0.123887538909912,0.0398064851760864,0.0662757158279419,0.0700365900993347,0.0943804979324341,0.0674608945846558,0.145050346851349,0.133112728595734,0.116399586200714,0.0745303630828857,0.102423012256622,0.0385711789131165,0.0898561477661133,0.0497217774391174,0.0926786065101624,0.116013765335083,0.0937246680259705,0.0810238122940063,0.0866843461990356,0.10990434885025,0.154614090919495,0.0924888849258423,0.0896638631820679,0.125026643276215,0.120995104312897,0.0615711212158203,0.0933370590209961,0.130935192108154,0.0580399036407471,0.128169417381287,0.116890132427216,0.108879089355469,0.142189741134644,0.106384336948395,0.147086143493652,0.0805721282958984,0.07289719581604,0.125453293323517,0.140522539615631,0.141336500644684,0.0660275816917419,0.119011759757996,0.12783545255661,0.137674510478973,0.0998564958572388,0.14880633354187,0.14776486158371,0.155893802642822,0.14852648973465,0.128495454788208,0.177394509315491
"22090035",0.0514124631881714,0.0576522350311279,0.0234594941139221,0.085415244102478,0.0464369654655457,0.019361674785614,0.0173502564430237,0.00792413949966431,0.0189820528030396,0.0494045615196228,0.062757134437561,0.0929039716720581,0.00384849309921265,0.101123154163361,0.038655698299408,0.00526797771453857,0.0302397012710571,0.0159926414489746,0.0358328223228455,0.021095335483551,0.134732007980347,0.0150684714317322,0.0379761457443237,0.00620055198669434,0.0734737515449524,0.0137357711791992,0.00197547674179077,0.0316370129585266,0.0604909658432007,0.00408965349197388,0.0141443610191345,0.0246848464012146,0.022585928440094,0.0549131035804749,0.0165760517120361,0.0264539122581482,0.0190812349319458,0.0296383500099182,0.0246389508247375,0.00159472227096558,0.00259965658187866,0.017017126083374,0.0162920355796814,0.0472856163978577,8.61883163452148e-05,0.0239965319633484,0.0233160257339478,0.00743401050567627,0.0116173624992371,0.043174147605896,0.0666607022285461,0,0.0340248346328735,0.0319495797157288,0.0458278656005859,0.0210897922515869,0.0173656940460205,0.0139392018318176,0.0503779053688049,0.0310592651367188,0.0364727973937988,0.000653326511383057,0.0360100269317627,0.0205657482147217,0.0134558081626892,0.0628786683082581,0.00235968828201294,0.0309978723526001,0.0359187722206116,0.0222873091697693,0.00926446914672852,0.0182424783706665,0.00746309757232666,0.0271807909011841,0.0746102333068848,0.0673190951347351,0.0181964039802551,0.0350497961044312,0.0309181213378906,0.0577865839004517,0.0545222759246826,0.0320034027099609,0.07063227891922,0.0656830072402954,0.0859987139701843,0.0110612511634827,0.0698922872543335,0.0659610629081726,0.0738904476165771,0.0661817789077759,0.0423280000686646,0.0327508449554443,0.0742963552474976,0.0652180910110474,0.0592108368873596,0.0191247463226318,0.0464202761650085,0.0840279459953308,0.0745331645011902,0.023999810218811,0.0476437211036682,0.0179333686828613,0.0318449735641479,0.00928175449371338,0.0118933916091919,0.04218590259552,0.0153889060020447,0.0114703178405762,0.000779449939727783,0.0297391414642334,0.0436150431632996,0.00990402698516846,0.0508038401603699,0.0269458889961243,0.0121762156486511,0.00040745735168457,0.0107296109199524,0.093782901763916,0.00880736112594604,0.00755995512008667,0.0164353251457214,0.0277661085128784,0.0285316705703735,0.0313007235527039,0.0154681205749512,0.0267686247825623,0.0044548511505127,2.08616256713867e-06,0.0235602855682373,0.00434130430221558,0.0139699578285217,0.0159074664115906,0.0314193964004517,0.026430070400238,0.0266364216804504,0.0578768849372864,0.0363093614578247,0.00070500373840332,0.0233016610145569,0.0036015510559082,0.0610727667808533,0.0568854212760925,0.057226836681366,0.0268542170524597,0.000384986400604248,0.00337588787078857,0.0277197957038879,0.000800192356109619,0.0783896446228027,0.0664520263671875,0.049738883972168,0.0078696608543396,0.0357623100280762,0.0280895233154297,0.0231954455375671,0.0169389247894287,0.0260179042816162,0.0493530631065369,0.0270639657974243,0.0143631100654602,0.0200236439704895,0.0432436466217041,0.0879533886909485,0.0258281826972961,0.0230031609535217,0.0583659410476685,0.0543344020843506,0.00508958101272583,0.02667635679245,0.0642744898796082,0.00862079858779907,0.0615087151527405,0.0502294301986694,0.0422183871269226,0.0755290389060974,0.0397236347198486,0.0804254412651062,0.0139114260673523,0.0062364935874939,0.0587925910949707,0.073861837387085,0.0746757984161377,0.000633120536804199,0.0523510575294495,0.061174750328064,0.0710138082504272,0.0331957936286926,0.082145631313324,0.0811041593551636,0.0892331004142761,0.0818657875061035,0.0618347525596619,0.110733807086945
"22090037",0.0854372978210449,0.0916770696640015,0.0574843287467957,0.119440078735352,0.0804618000984192,0.0533865094184875,0.0513750910758972,0.0419489741325378,0.0530068874359131,0.0834293961524963,0.0967819690704346,0.126928806304932,0.0301763415336609,0.135147988796234,0.0726805329322815,0.0392928123474121,0.0642645359039307,0.0500174760818481,0.069857656955719,0.0551201701164246,0.16875684261322,0.0490933060646057,0.0720009803771973,0.0278242826461792,0.107498586177826,0.0202890634536743,0.0320493578910828,0.0656618475914001,0.0945158004760742,0.0299351811408997,0.019880473613739,0.0587096810340881,0.0566107630729675,0.0889379382133484,0.0506008863449097,0.0604787468910217,0.0531060695648193,0.0636631846427917,0.00938588380813599,0.032430112361908,0.0366244912147522,0.0510419607162476,0.0503168702125549,0.0813104510307312,0.0339386463165283,0.0100283026695251,0.0573408603668213,0.0265908241271973,0.0224074721336365,0.0771989822387695,0.10068553686142,0.0340248346328735,0,0.00207525491714478,0.0798527002334595,0.0551146268844604,0.051390528678894,0.0200856328010559,0.0163530707359314,0.00296556949615479,0.00244796276092529,0.0333715081214905,0.0700348615646362,0.0134590864181519,0.0205690264701843,0.0288538336753845,0.0363845229148865,0.00302696228027344,0.00189393758773804,0.0117375254631042,0.024760365486145,0.015782356262207,0.0265617370605469,0.0612056255340576,0.108635067939758,0.0332942605018616,0.0158284306526184,0.0690746307373047,0.0649429559707642,0.0237617492675781,0.0204974412918091,0.0020214319229126,0.0366074442863464,0.0316581726074219,0.0519738793373108,0.0229635834693909,0.03586745262146,0.0319362282752991,0.0398656129837036,0.0321569442749023,0.00830316543579102,0.0012739896774292,0.040271520614624,0.0311932563781738,0.0251860022544861,0.0149000883102417,0.012395441532135,0.0500031113624573,0.0405083298683167,0.0100250244140625,0.0136188864707947,0.0519582033157349,0.0658698081970215,0.0247430801391602,0.0459182262420654,0.00816106796264648,0.0186359286308289,0.0225545167922974,0.0348042845726013,0.00428569316864014,0.0776398777961731,0.043928861618042,0.0848286747932434,0.0609707236289978,0.0218486189842224,0.0344322919845581,0.0232952237129211,0.12780773639679,0.0252174735069275,0.0264648795127869,0.0175895094871521,0.00625872611999512,0.0054931640625,0.0653255581855774,0.0185567140579224,0.00725620985031128,0.0295699834823608,0.0340227484703064,0.0104645490646362,0.029683530330658,0.0200548768043518,0.018117368221283,0.00260543823242188,0.0075947642326355,0.060661256313324,0.0919017195701599,0.00228452682495117,0.0333198308944702,0.0573264956474304,0.0304232835769653,0.0270479321479797,0.022860586643219,0.0232020020484924,0.0608790516853333,0.0344098210334778,0.030648946762085,0.0063050389289856,0.0332246422767639,0.0443648099899292,0.032427191734314,0.0157140493392944,0.0261551737785339,0.00173747539520264,0.0621143579483032,0.0108293890953064,0.0509637594223022,0.00800693035125732,0.0153282284736633,0.00696086883544922,0.0196617245674133,0.014001190662384,0.00921881198883057,0.053928554058075,0.00819665193557739,0.0110216736793518,0.0243411064147949,0.0203095674514771,0.0391144156455994,0.00734847784042358,0.0302496552467346,0.0426456332206726,0.0274838805198669,0.0162045955657959,0.00819355249404907,0.0415042042732239,0.0056988000869751,0.0464006066322327,0.0201134085655212,0.0277883410453796,0.0247677564620972,0.0398370027542114,0.0406509637832642,0.0346579551696777,0.0183262228965759,0.0271499156951904,0.0369889736175537,0.000829041004180908,0.0481207966804504,0.04707932472229,0.0552082657814026,0.04784095287323,0.0278099179267883,0.076708972454071
"22090038",0.0833620429039001,0.0896018147468567,0.0554090738296509,0.117364823818207,0.0783865451812744,0.0513112545013428,0.0492998361587524,0.0398737192153931,0.0509316325187683,0.0813541412353516,0.0947067141532898,0.124853551387787,0.0281010866165161,0.133072733879089,0.0706052780151367,0.0372175574302673,0.0621892809867859,0.0479422211647034,0.0677824020385742,0.0530449151992798,0.166681587696075,0.0470180511474609,0.0699257254600525,0.0257490277290344,0.105423331260681,0.0182138085365295,0.029974102973938,0.0635865926742554,0.0924405455589294,0.0278599262237549,0.0178052186965942,0.0566344261169434,0.0545355081558228,0.0868626832962036,0.0485256314277649,0.058403491973877,0.0510308146476746,0.061587929725647,0.00731062889099121,0.0303548574447632,0.0345492362976074,0.0489667057991028,0.0482416152954102,0.0792351961135864,0.0318633913993835,0.00795304775238037,0.0552656054496765,0.0245155692100525,0.0203322172164917,0.0751237273216248,0.0986102819442749,0.0319495797157288,0.00207525491714478,0,0.0777774453163147,0.0530393719673157,0.0493152737617493,0.0180103778839111,0.0184283256530762,0.00089031457901001,0.00452321767807007,0.0312962532043457,0.0679596066474915,0.0113838315010071,0.0184937715530396,0.0309290885925293,0.0343092679977417,0.000951707363128662,0.00396919250488281,0.00966227054595947,0.0226851105690002,0.0137071013450623,0.0244864821434021,0.0591303706169128,0.106559813022614,0.0353695154190063,0.0137531757354736,0.0669993758201599,0.0628677010536194,0.0258370041847229,0.0225726962089539,5.38229942321777e-05,0.0386826992034912,0.0337334275245667,0.0540491342544556,0.0208883285522461,0.0379427075386047,0.0340114831924438,0.0419408679008484,0.0342321991920471,0.0103784203529358,0.000801265239715576,0.0423467755317688,0.0332685112953186,0.0272612571716309,0.0128248333930969,0.0144706964492798,0.0520783662796021,0.0425835847854614,0.00794976949691772,0.0156941413879395,0.0498829483985901,0.0637945532798767,0.0226678252220154,0.0438429713249207,0.0102363228797913,0.0165606737136841,0.0204792618751526,0.0327290296554565,0.00221043825149536,0.0755646228790283,0.0418536067008972,0.0827534198760986,0.058895468711853,0.0197733640670776,0.0323570370674133,0.0212199687957764,0.125732481479645,0.0231422185897827,0.0243896245956421,0.0155142545700073,0.00418347120285034,0.00341790914535522,0.0632503032684326,0.0164814591407776,0.0051809549331665,0.0274947285652161,0.0319474935531616,0.00838929414749146,0.0276082754135132,0.017979621887207,0.0160421133041382,0.0005301833152771,0.00551950931549072,0.0585860013961792,0.0898264646530151,0.00435978174209595,0.0312445759773254,0.0552512407302856,0.0283480286598206,0.0291231870651245,0.0249358415603638,0.0252772569656372,0.0588037967681885,0.032334566116333,0.0285736918449402,0.00422978401184082,0.0311493873596191,0.046440064907074,0.0345024466514587,0.0177893042564392,0.0240799188613892,0.00381273031234741,0.0600391030311584,0.00875413417816162,0.0488885045051575,0.00593167543411255,0.0174034833908081,0.00488561391830444,0.0175864696502686,0.0119259357452393,0.0112940669059753,0.0560038089752197,0.00612139701843262,0.00894641876220703,0.0264163613319397,0.0223848223686218,0.0370391607284546,0.00527322292327881,0.0323249101638794,0.0405703783035278,0.0295591354370117,0.0182798504829407,0.0102688074111938,0.0435794591903687,0.00777405500411987,0.0484758615493774,0.0180381536483765,0.0257130861282349,0.0268430113792419,0.0419122576713562,0.0427262187004089,0.032582700252533,0.0204014778137207,0.0292251706123352,0.0390642285346985,0.00124621391296387,0.0501960515975952,0.0491545796394348,0.0572835206985474,0.0499162077903748,0.0298851728439331,0.0787842273712158
"22090042",0.00558459758758545,0.011824369430542,0.0223683714866638,0.0395873785018921,0.000609099864959717,0.0264661908149719,0.0284776091575623,0.0379037261009216,0.0268458127975464,0.00357669591903687,0.0169292688369751,0.0470761060714722,0.0496763586997986,0.0552952885627747,0.00717216730117798,0.0405598878860474,0.0155881643295288,0.0298352241516113,0.00999504327774048,0.0247325301170349,0.0889041423797607,0.0307593941688538,0.00785171985626221,0.0520284175872803,0.0276458859443665,0.0595636367797852,0.0478033423423767,0.0141908526420593,0.0146631002426147,0.0499175190925598,0.0599722266197205,0.0211430191993713,0.0232419371604919,0.00908523797988892,0.0292518138885498,0.0193739533424377,0.0267466306686401,0.0161895155906677,0.0704668164253235,0.0474225878715515,0.0432282090187073,0.0288107395172119,0.0295358300209045,0.00145775079727173,0.0459140539169312,0.0698243975639343,0.0225118398666382,0.0532618761062622,0.057445228099823,0.00265371799468994,0.0208328366279602,0.0458278656005859,0.0798527002334595,0.0777774453163147,0,0.024738073348999,0.0284621715545654,0.0597670674324036,0.0962057709693909,0.0768871307373047,0.0823006629943848,0.046481192111969,0.00981783866882324,0.0663936138153076,0.0592836737632751,0.108706533908844,0.043468177318573,0.076825737953186,0.0817466378211975,0.0681151747703552,0.0550923347473145,0.0640703439712524,0.0532909631729126,0.0186470746994019,0.0287823677062988,0.113146960735321,0.0640242695808411,0.0107780694961548,0.0149097442626953,0.103614449501038,0.100350141525269,0.0778312683105469,0.116460144519806,0.111510872840881,0.13182657957077,0.0568891167640686,0.115720152854919,0.111788928508759,0.119718313217163,0.112009644508362,0.0881558656692505,0.0785787105560303,0.120124220848083,0.111045956611633,0.105038702487946,0.0649526119232178,0.0922481417655945,0.129855811595917,0.120361030101776,0.069827675819397,0.0934715867042542,0.0278944969177246,0.013982892036438,0.0551096200942993,0.033934473991394,0.088013768196106,0.0612167716026306,0.0572981834411621,0.0450484156608582,0.0755670070648193,0.00221282243728638,0.0359238386154175,0.00497597455978394,0.0188819766044617,0.0580040812492371,0.0454204082489014,0.0565574765205383,0.0479550361633301,0.054635226726532,0.0533878207206726,0.0622631907463074,0.0735939741134644,0.0743595361709595,0.0145271420478821,0.0612959861755371,0.0725964903831482,0.0502827167510986,0.0458299517631531,0.0693881511688232,0.0501691699028015,0.0597978234291077,0.0617353320121765,0.0772472620010376,0.072257936000824,0.0191914439201355,0.0120490193367004,0.0821372270584106,0.0465328693389893,0.0225262045860291,0.0494294166564941,0.106900632381439,0.102713286876678,0.103054702281952,0.0189736485481262,0.0454428791999817,0.0492037534713745,0.0735476613044739,0.0466280579566956,0.124217510223389,0.112279891967773,0.0955667495727539,0.0536975264549255,0.0815901756286621,0.0177383422851562,0.0690233111381531,0.0288889408111572,0.0718457698822021,0.0951809287071228,0.0728918313980103,0.0601909756660461,0.0658515095710754,0.08907151222229,0.133781254291534,0.0716560482978821,0.0688310265541077,0.104193806648254,0.100162267684937,0.0407382845878601,0.0725042223930359,0.110102355480194,0.0372070670127869,0.107336580753326,0.0960572957992554,0.0880462527275085,0.121356904506683,0.0855515003204346,0.126253306865692,0.0597392916679382,0.0520643591880798,0.104620456695557,0.119689702987671,0.120503664016724,0.0451947450637817,0.0981789231300354,0.10700261592865,0.116841673851013,0.0790236592292786,0.12797349691391,0.12693202495575,0.135060966014862,0.127693653106689,0.107662618160248,0.156561672687531
"22091033",0.0303226709365845,0.036562442779541,0.00236970186233521,0.0643254518508911,0.0253471732139587,0.0017281174659729,0.00373953580856323,0.0131656527519226,0.00210773944854736,0.0283147692680359,0.0416673421859741,0.0718141794204712,0.0249382853507996,0.0800333619117737,0.017565906047821,0.0158218145370483,0.00914990901947021,0.0050971508026123,0.0147430300712585,5.54323196411133e-06,0.11364221572876,0.00602132081985474,0.0168863534927368,0.0272903442382812,0.0523839592933655,0.0348255634307861,0.0230652689933777,0.0105472207069397,0.0394011735916138,0.0251794457435608,0.0352341532707214,0.00359505414962769,0.00149613618850708,0.0338233113288879,0.00451374053955078,0.00536412000656128,0.00200855731964111,0.0085485577583313,0.0457287430763245,0.0226845145225525,0.0184901356697083,0.00407266616821289,0.00479775667190552,0.0261958241462708,0.0211759805679321,0.0450863242149353,0.00222623348236084,0.0285238027572632,0.032707154750824,0.0220843553543091,0.0455709099769592,0.0210897922515869,0.0551146268844604,0.0530393719673157,0.024738073348999,0,0.00372409820556641,0.0350289940834045,0.0714676976203918,0.0521490573883057,0.0575625896453857,0.02174311876297,0.0149202346801758,0.0416555404663086,0.0345456004142761,0.083968460559845,0.018730103969574,0.052087664604187,0.0570085644721985,0.0433771014213562,0.0303542613983154,0.0393322706222534,0.0285528898239136,0.00609099864959717,0.0535204410552979,0.088408887386322,0.039286196231842,0.0139600038528442,0.00982832908630371,0.0788763761520386,0.0756120681762695,0.0530931949615479,0.0917220711708069,0.0867727994918823,0.107088506221771,0.0321510434150696,0.0909820795059204,0.0870508551597595,0.0949802398681641,0.0872715711593628,0.0634177923202515,0.0538406372070312,0.0953861474990845,0.0863078832626343,0.0803006291389465,0.0402145385742188,0.0675100684165955,0.105117738246918,0.0956229567527771,0.0450896024703979,0.0687335133552551,0.00315642356872559,0.010755181312561,0.0303715467453003,0.00919640064239502,0.0632756948471069,0.0364786982536316,0.0325601100921631,0.0203103423118591,0.0508289337158203,0.0225252509117126,0.0111857652664185,0.029714047908783,0.00585609674453735,0.033266007900238,0.0206823348999023,0.0318194031715393,0.0726931095123291,0.029897153377533,0.0286497473716736,0.0375251173973083,0.0488559007644653,0.0496214628219604,0.0102109313011169,0.0365579128265381,0.0478584170341492,0.0255446434020996,0.0210918784141541,0.0446500778198242,0.0254310965538025,0.0350597500801086,0.0369972586631775,0.0525091886520386,0.047519862651825,0.00554662942886353,0.0367870926856995,0.0573991537094116,0.0217947959899902,0.00221186876296997,0.0246913433074951,0.0821625590324402,0.0779752135276794,0.0783166289329529,0.0057644248008728,0.0207048058509827,0.0244656801223755,0.0488095879554749,0.0218899846076965,0.0994794368743896,0.0875418186187744,0.0708286762237549,0.0289594531059265,0.0568521022796631,0.00699973106384277,0.0442852377891541,0.0041508674621582,0.0471076965332031,0.0704428553581238,0.0481537580490112,0.0354529023170471,0.0411134362220764,0.064333438873291,0.109043180942535,0.0469179749488831,0.0440929532051086,0.0794557332992554,0.0754241943359375,0.0160002112388611,0.0477661490440369,0.0853642821311951,0.0124689936637878,0.0825985074043274,0.0713192224502563,0.0633081793785095,0.0966188311576843,0.0608134269714355,0.101515233516693,0.0350012183189392,0.0273262858390808,0.0798823833465576,0.0949516296386719,0.0957655906677246,0.0204566717147827,0.0734408497810364,0.0822645425796509,0.0921036005020142,0.0542855858802795,0.103235423564911,0.10219395160675,0.110322892665863,0.10295557975769,0.0829245448112488,0.131823599338531
"22091034",0.0340467691421509,0.0402865409851074,0.00609380006790161,0.0680495500564575,0.0290712714195251,0.00199598073959351,1.54376029968262e-05,0.0094415545463562,0.00161635875701904,0.0320388674736023,0.0453914403915405,0.0755382776260376,0.0212141871452332,0.0837574601173401,0.0212900042533875,0.0120977163314819,0.0128740072250366,0.0013730525970459,0.018467128276825,0.00372964143753052,0.117366313934326,0.00229722261428833,0.0206104516983032,0.0235662460327148,0.0561080574989319,0.0311014652252197,0.0193411707878113,0.0142713189125061,0.0431252717971802,0.0214553475379944,0.031510055065155,0.00731915235519409,0.00522023439407349,0.0375474095344543,0.000789642333984375,0.00908821821212769,0.00171554088592529,0.0122726559638977,0.0420046448707581,0.0189604163169861,0.0147660374641418,0.000348567962646484,0.00107365846633911,0.0299199223518372,0.0174518823623657,0.0413622260093689,0.00595033168792725,0.0247997045516968,0.0289830565452576,0.0258084535598755,0.0492950081825256,0.0173656940460205,0.051390528678894,0.0493152737617493,0.0284621715545654,0.00372409820556641,0,0.0313048958778381,0.0677435994148254,0.0484249591827393,0.0538384914398193,0.0180190205574036,0.0186443328857422,0.0379314422607422,0.0308215022087097,0.0802443623542786,0.0150060057640076,0.0483635663986206,0.0532844662666321,0.0396530032157898,0.026630163192749,0.035608172416687,0.0248287916183472,0.00981509685516357,0.0572445392608643,0.0846847891807556,0.0355620980262756,0.0176841020584106,0.0135524272918701,0.0751522779464722,0.0718879699707031,0.0493690967559814,0.0879979729652405,0.0830487012863159,0.103364408016205,0.0284269452095032,0.087257981300354,0.0833267569541931,0.0912561416625977,0.0835474729537964,0.0596936941146851,0.0501165390014648,0.0916620492935181,0.0825837850570679,0.0765765309333801,0.0364904403686523,0.0637859702110291,0.101393640041351,0.0918988585472107,0.0413655042648315,0.0650094151496887,0.00056767463684082,0.0144792795181274,0.0266474485397339,0.00547230243682861,0.0595515966415405,0.0327546000480652,0.0288360118865967,0.0165862441062927,0.0471048355102539,0.0262493491172791,0.00746166706085205,0.0334381461143494,0.00958019495010376,0.0295419096946716,0.0169582366943359,0.0280953049659729,0.0764172077178955,0.0261730551719666,0.0249256491661072,0.0338010191917419,0.0451318025588989,0.045897364616394,0.0139350295066833,0.0328338146209717,0.0441343188285828,0.0218205451965332,0.0173677802085876,0.0409259796142578,0.0217069983482361,0.0313356518745422,0.0332731604576111,0.0487850904464722,0.0437957644462585,0.00927072763442993,0.0405111908912659,0.0536750555038452,0.0180706977844238,0.00593596696853638,0.0209672451019287,0.0784384608268738,0.074251115322113,0.0745925307273865,0.00948852300643921,0.0169807076454163,0.0207415819168091,0.0450854897499084,0.0181658864021301,0.0957553386688232,0.083817720413208,0.0671045780181885,0.0252353549003601,0.0531280040740967,0.0107238292694092,0.0405611395835876,0.000426769256591797,0.0433835983276367,0.0667187571525574,0.0444296598434448,0.0317288041114807,0.03738933801651,0.0606093406677246,0.105319082736969,0.0431938767433167,0.0403688549995422,0.075731635093689,0.0717000961303711,0.0122761130332947,0.0440420508384705,0.0816401839256287,0.00874489545822144,0.078874409198761,0.0675951242446899,0.0595840811729431,0.0928947329521179,0.0570893287658691,0.0977911353111267,0.0312771201133728,0.0236021876335144,0.0761582851409912,0.0912275314331055,0.0920414924621582,0.0167325735092163,0.06971675157547,0.0785404443740845,0.0883795022964478,0.0505614876747131,0.0995113253593445,0.0984698534011841,0.106598794460297,0.099231481552124,0.0792004466056824,0.128099501132965
"22091035",0.065351665019989,0.0715914368629456,0.0373986959457397,0.0993544459342957,0.0603761672973633,0.0333008766174316,0.0312894582748413,0.0218633413314819,0.0329212546348572,0.0633437633514404,0.0766963362693787,0.106843173503876,0.010090708732605,0.115062355995178,0.0525949001312256,0.0192071795463562,0.0441789031028748,0.0299318432807922,0.0497720241546631,0.0350345373153687,0.148671209812164,0.0290076732635498,0.0519153475761414,0.00773864984512329,0.08741295337677,0.000203430652618408,0.0119637250900269,0.0455762147903442,0.0744301676750183,0.00984954833984375,0.000205159187316895,0.0386240482330322,0.0365251302719116,0.0688523054122925,0.0305152535438538,0.0403931140899658,0.0330204367637634,0.0435775518417358,0.0106997489929199,0.0123444795608521,0.0165388584136963,0.0309563279151917,0.030231237411499,0.0612248182296753,0.0138530135154724,0.0100573301315308,0.0372552275657654,0.00650519132614136,0.00232183933258057,0.0571133494377136,0.0805999040603638,0.0139392018318176,0.0200856328010559,0.0180103778839111,0.0597670674324036,0.0350289940834045,0.0313048958778381,0,0.0364387035369873,0.0171200633049011,0.0225335955619812,0.0132858753204346,0.0499492287635803,0.00662654638290405,0.000483393669128418,0.0489394664764404,0.0162988901138306,0.0170586705207825,0.0219795703887939,0.00834810733795166,0.00467473268508911,0.00430327653884888,0.00647610425949097,0.0411199927330017,0.0885494351387024,0.0533798933029175,0.0042572021484375,0.0489889979362488,0.0448573231697083,0.043847382068634,0.040583074092865,0.0180642008781433,0.0566930770874023,0.0517438054084778,0.0720595121383667,0.00287795066833496,0.0559530854225159,0.052021861076355,0.0599512457847595,0.0522425770759583,0.0283887982368469,0.0188116431236267,0.0603571534156799,0.0512788891792297,0.045271635055542,0.00518554449081421,0.0324810743331909,0.0700887441635132,0.0605939626693726,0.0100606083869934,0.0337045192718506,0.031872570514679,0.0457841753959656,0.00465744733810425,0.0258325934410095,0.0282467007637024,0.00144970417022705,0.00246888399124146,0.0147186517715454,0.0157999396324158,0.0575542449951172,0.0238432288169861,0.0647430419921875,0.0408850908279419,0.0017629861831665,0.0143466591835022,0.00320959091186523,0.107722103595734,0.00513184070587158,0.00637924671173096,0.00249612331390381,0.0138269066810608,0.0145924687385559,0.0452399253845215,0.00152891874313354,0.0128294229507446,0.00948435068130493,0.0139371156692505,0.00962108373641968,0.00959789752960205,3.07559967041016e-05,0.00196826457977295,0.017480194568634,0.0124908685684204,0.0405756235122681,0.071816086769104,0.0223701596260071,0.0132341980934143,0.0372408628463745,0.0103376507759094,0.0471335649490356,0.0429462194442749,0.0432876348495483,0.0407934188842773,0.0143241882324219,0.0105633139610291,0.0137805938720703,0.013139009475708,0.0644504427909851,0.0525128245353699,0.0357996821403503,0.00606954097747803,0.0218231081962585,0.0420287251472473,0.00925624370574951,0.0308781266212463,0.0120787024497986,0.0354138612747192,0.0131247639656067,0.000423908233642578,0.00608444213867188,0.0293044447898865,0.0740141868591309,0.0118889808654785,0.0090639591217041,0.0444267392158508,0.040395200252533,0.0190287828445435,0.0127371549606323,0.0503352880477905,0.0225600004196167,0.0475695133209229,0.0362902283668518,0.028279185295105,0.0615898370742798,0.025784432888031,0.0664862394332886,2.7775764465332e-05,0.00770270824432373,0.0448533892631531,0.0599226355552673,0.0607365965843201,0.0145723223686218,0.0384118556976318,0.0472355484962463,0.0570746064186096,0.019256591796875,0.0682064294815063,0.0671649575233459,0.0752938985824585,0.0679265856742859,0.0478955507278442,0.096794605255127
"22091037",0.101790368556976,0.108030140399933,0.0738373994827271,0.135793149471283,0.0968148708343506,0.0697395801544189,0.0677281618118286,0.0583020448684692,0.0693599581718445,0.0997824668884277,0.113135039806366,0.143281877040863,0.0465294122695923,0.151501059532166,0.0890336036682129,0.0556458830833435,0.0806176066398621,0.0663705468177795,0.0862107276916504,0.071473240852356,0.185109913349152,0.0654463768005371,0.0883540511131287,0.0441773533821106,0.123851656913757,0.0366421341896057,0.0484024286270142,0.0820149183273315,0.110868871212006,0.0462882518768311,0.0362335443496704,0.0750627517700195,0.0729638338088989,0.10529100894928,0.0669539570808411,0.0768318176269531,0.0694591403007507,0.0800162553787231,0.0257389545440674,0.0487831830978394,0.0529775619506836,0.067395031452179,0.0666699409484863,0.0976635217666626,0.0502917170524597,0.0263813734054565,0.0736939311027527,0.0429438948631287,0.0387605428695679,0.0935520529747009,0.117038607597351,0.0503779053688049,0.0163530707359314,0.0184283256530762,0.0962057709693909,0.0714676976203918,0.0677435994148254,0.0364387035369873,0,0.0193186402320862,0.0139051079750061,0.0497245788574219,0.0863879323005676,0.0298121571540833,0.0369220972061157,0.0125007629394531,0.0527375936508179,0.0193800330162048,0.0144591331481934,0.0280905961990356,0.0411134362220764,0.0321354269981384,0.0429148077964783,0.077558696269989,0.12498813867569,0.0169411897659302,0.0321815013885498,0.0854277014732361,0.0812960267066956,0.00740867853164673,0.00414437055587769,0.018374502658844,0.020254373550415,0.0153051018714905,0.0356208086013794,0.0393166542053223,0.0195143818855286,0.0155831575393677,0.0235125422477722,0.0158038735389709,0.00804990530014038,0.0176270604133606,0.0239184498786926,0.0148401856422424,0.00883293151855469,0.0312531590461731,0.00395762920379639,0.0336500406265259,0.0241552591323853,0.0263780951499939,0.00273418426513672,0.0683112740516663,0.0822228789329529,0.0410961508750916,0.0622712969779968,0.00819200277328491,0.0349889993667603,0.0389075875282288,0.0511573553085327,0.0206387639045715,0.0939929485321045,0.0602819323539734,0.101181745529175,0.0773237943649292,0.0382016897201538,0.0507853627204895,0.0396482944488525,0.144160807132721,0.0415705442428589,0.0428179502487183,0.0339425802230835,0.0226117968559265,0.0218462347984314,0.0816786289215088,0.0349097847938538,0.0236092805862427,0.0459230542182922,0.0503758192062378,0.0268176198005676,0.0460366010665894,0.0364079475402832,0.0344704389572144,0.0189585089683533,0.0239478349685669,0.0770143270492554,0.108254790306091,0.0140685439109802,0.0496729016304016,0.0736795663833618,0.0467763543128967,0.0106948614120483,0.0065075159072876,0.00684893131256104,0.0772321224212646,0.0507628917694092,0.0470020174980164,0.022658109664917,0.0495777130126953,0.0280117392539978,0.0160741209983826,0.000639021396636963,0.0425082445144653,0.0146155953407288,0.0784674286842346,0.0271824598312378,0.0673168301582336,0.0243600010871887,0.00102484226226807,0.0233139395713806,0.0360147953033447,0.0303542613983154,0.00713425874710083,0.0375754833221436,0.0245497226715088,0.0273747444152832,0.00798803567886353,0.00395649671554565,0.0554674863815308,0.023701548576355,0.0138965845108032,0.058998703956604,0.0111308097839355,0.000148475170135498,0.00815951824188232,0.0251511335372925,0.0106542706489563,0.0300475358963013,0.0364664793014526,0.044141411781311,0.00841468572616577,0.02348393201828,0.0242978930473328,0.0510110259056091,0.00197315216064453,0.010796844959259,0.0206359028816223,0.0171821117401123,0.031767725944519,0.0307262539863586,0.0388551950454712,0.0314878821372986,0.0114568471908569,0.0603559017181396
"22091038",0.0824717283248901,0.0887115001678467,0.0545187592506409,0.116474509239197,0.0774962306022644,0.0504209399223328,0.0484095215797424,0.0389834046363831,0.0500413179397583,0.0804638266563416,0.0938163995742798,0.123963236808777,0.0272107720375061,0.132182419300079,0.0697149634361267,0.0363272428512573,0.0612989664077759,0.0470519065856934,0.0668920874595642,0.0521546006202698,0.165791273117065,0.0461277365684509,0.0690354108810425,0.0248587131500244,0.104533016681671,0.0173234939575195,0.029083788394928,0.0626962780952454,0.0915502309799194,0.0269696116447449,0.0169149041175842,0.0557441115379333,0.0536451935768127,0.0859723687171936,0.0476353168487549,0.0575131773948669,0.0501405000686646,0.060697615146637,0.0064203143119812,0.0294645428657532,0.0336589217185974,0.0480763912200928,0.0473513007164001,0.0783448815345764,0.0309730768203735,0.00706273317337036,0.0543752908706665,0.0236252546310425,0.0194419026374817,0.0742334127426147,0.0977199673652649,0.0310592651367188,0.00296556949615479,0.00089031457901001,0.0768871307373047,0.0521490573883057,0.0484249591827393,0.0171200633049011,0.0193186402320862,0,0.00541353225708008,0.0304059386253357,0.0670692920684814,0.0104935169219971,0.0176034569740295,0.0318194031715393,0.0334189534187317,6.13927841186523e-05,0.00485950708389282,0.00877195596694946,0.0217947959899902,0.0128167867660522,0.0235961675643921,0.0582400560379028,0.105669498443604,0.0362598299980164,0.0128628611564636,0.0661090612411499,0.0619773864746094,0.0267273187637329,0.0234630107879639,0.000944137573242188,0.0395730137825012,0.0346237421035767,0.0549394488334656,0.0199980139732361,0.0388330221176147,0.0349017977714539,0.0428311824798584,0.0351225137710571,0.0112687349319458,0.00169157981872559,0.0432370901107788,0.0341588258743286,0.0281515717506409,0.0119345188140869,0.0153610110282898,0.0529686808586121,0.0434738993644714,0.00705945491790771,0.0165844559669495,0.0489926338195801,0.0629042387008667,0.0217775106430054,0.0429526567459106,0.0111266374588013,0.0156703591346741,0.0195889472961426,0.0318387150764465,0.00132012367248535,0.0746743083000183,0.0409632921218872,0.0818631052970886,0.058005154132843,0.0188830494880676,0.0314667224884033,0.0203296542167664,0.124842166900635,0.0222519040107727,0.0234993100166321,0.0146239399909973,0.00329315662384033,0.00252759456634521,0.0623599886894226,0.0155911445617676,0.00429064035415649,0.0266044139862061,0.0310571789741516,0.00749897956848145,0.0267179608345032,0.017089307308197,0.0151517987251282,0.00036013126373291,0.00462919473648071,0.0576956868171692,0.0889361500740051,0.00525009632110596,0.0303542613983154,0.0543609261512756,0.0274577140808105,0.0300135016441345,0.0258261561393738,0.0261675715446472,0.0579134821891785,0.031444251537323,0.0276833772659302,0.00333946943283081,0.0302590727806091,0.047330379486084,0.0353927612304688,0.0186796188354492,0.0231896042823792,0.00470304489135742,0.0591487884521484,0.00786381959915161,0.0479981899261475,0.00504136085510254,0.0182937979698181,0.00399529933929443,0.0166961550712585,0.0110356211662292,0.0121843814849854,0.0568941235542297,0.00523108243942261,0.00805610418319702,0.0273066759109497,0.0232751369476318,0.0361488461494446,0.0043829083442688,0.0332152247428894,0.0396800637245178,0.0304494500160217,0.0191701650619507,0.0111591219902039,0.0444697737693787,0.00866436958312988,0.0493661761283875,0.0171478390693665,0.0248227715492249,0.027733325958252,0.0428025722503662,0.0436165332794189,0.0316923856735229,0.0212917923927307,0.0301154851913452,0.0399545431137085,0.00213652849197388,0.0510863661766052,0.0500448942184448,0.0581738352775574,0.0508065223693848,0.0307754874229431,0.0796745419502258
"22091039",0.0878852605819702,0.0941250324249268,0.0599322915077209,0.121888041496277,0.0829097628593445,0.0558344721794128,0.0538230538368225,0.0443969368934631,0.0554548501968384,0.0858773589134216,0.0992299318313599,0.129376769065857,0.0326243042945862,0.137595951557159,0.0751284956932068,0.0417407751083374,0.066712498664856,0.0524654388427734,0.0723056197166443,0.0575681328773499,0.171204805374146,0.051541268825531,0.0744489431381226,0.0302722454071045,0.109946548938751,0.0227370262145996,0.0344973206520081,0.0681098103523254,0.0969637632369995,0.032383143901825,0.0223284363746643,0.0611576437950134,0.0590587258338928,0.0913859009742737,0.053048849105835,0.062926709651947,0.0555540323257446,0.066111147403717,0.0118338465690613,0.0348780751228333,0.0390724539756775,0.0534899234771729,0.0527648329734802,0.0837584137916565,0.0363866090774536,0.0124762654304504,0.0597888231277466,0.0290387868881226,0.0248554348945618,0.0796469449996948,0.103133499622345,0.0364727973937988,0.00244796276092529,0.00452321767807007,0.0823006629943848,0.0575625896453857,0.0538384914398193,0.0225335955619812,0.0139051079750061,0.00541353225708008,0,0.0358194708824158,0.0724828243255615,0.0159070491790771,0.0230169892311096,0.0264058709144592,0.0388324856758118,0.00547492504119873,0.000554025173187256,0.0141854882240295,0.0272083282470703,0.0182303190231323,0.0290096998214722,0.0636535882949829,0.111083030700684,0.0308462977409363,0.0182763934135437,0.07152259349823,0.0673909187316895,0.0213137865066528,0.0180494785308838,0.00446939468383789,0.0341594815254211,0.0292102098464966,0.0495259165763855,0.0254115462303162,0.0334194898605347,0.0294882655143738,0.0374176502227783,0.0297089815139771,0.00585520267486572,0.00372195243835449,0.0378235578536987,0.0287452936172485,0.0227380394935608,0.017348051071167,0.00994747877120972,0.047555148601532,0.0380603671073914,0.0124729871749878,0.0111709237098694,0.0544061660766602,0.0683177709579468,0.0271910429000854,0.0483661890029907,0.00571310520172119,0.0210838913917542,0.0250024795532227,0.0372522473335266,0.00673365592956543,0.0800878405570984,0.0463768243789673,0.0872766375541687,0.0634186863899231,0.0242965817451477,0.0368802547454834,0.0257431864738464,0.130255699157715,0.0276654362678528,0.0289128422737122,0.0200374722480774,0.00870668888092041,0.00794112682342529,0.0677735209465027,0.0210046768188477,0.00970417261123657,0.0320179462432861,0.0364707112312317,0.0129125118255615,0.0321314930915833,0.0225028395652771,0.0205653309822083,0.00505340099334717,0.0100427269935608,0.0631092190742493,0.0943496823310852,0.000163435935974121,0.0357677936553955,0.0597744584083557,0.0328712463378906,0.0245999693870544,0.0204126238822937,0.0207540392875671,0.0633270144462585,0.0368577837944031,0.0330969095230103,0.00875300168991089,0.0356726050376892,0.0419168472290039,0.0299792289733887,0.0132660865783691,0.0286031365394592,0.000710487365722656,0.0645623207092285,0.0132773518562317,0.0534117221832275,0.0104548931121826,0.012880265712738,0.00940883159637451,0.0221096873283386,0.0164491534233093,0.00677084922790527,0.0514805912971497,0.0106446146965027,0.0134696364402771,0.0218931436538696,0.0178616046905518,0.0415623784065247,0.00979644060134888,0.0278016924858093,0.0450935959815979,0.0250359177589417,0.0137566328048706,0.00574558973312378,0.0390562415122986,0.0032508373260498,0.0439526438713074,0.0225613713264465,0.0302363038063049,0.0223197937011719,0.0373890399932861,0.0382030010223389,0.037105917930603,0.0158782601356506,0.0247019529342651,0.0345410108566284,0.0032770037651062,0.0456728339195251,0.0446313619613647,0.0527603030204773,0.0453929901123047,0.025361955165863,0.0742610096931458
"22091040",0.0520657896995544,0.058305561542511,0.0241128206253052,0.0860685706138611,0.0470902919769287,0.0200150012969971,0.0180035829544067,0.00857746601104736,0.0196353793144226,0.0500578880310059,0.0634104609489441,0.0935572981834412,0.00319516658782959,0.101776480674744,0.039309024810791,0.00592130422592163,0.0308930277824402,0.0166459679603577,0.0364861488342285,0.0217486619949341,0.13538533449173,0.0157217979431152,0.0386294722557068,0.00554722547531128,0.0741270780563354,0.0130824446678162,0.00132215023040771,0.0322903394699097,0.0611442923545837,0.00343632698059082,0.0134910345077515,0.0253381729125977,0.0232392549514771,0.0555664300918579,0.0172293782234192,0.0271072387695312,0.0197345614433289,0.0302916765213013,0.0239856243133545,0.00094139575958252,0.00325298309326172,0.0176704525947571,0.0169453620910645,0.0479389429092407,0.000567138195037842,0.0233432054519653,0.0239693522453308,0.00678068399429321,0.010964035987854,0.0438274741172791,0.0673140287399292,0.000653326511383057,0.0333715081214905,0.0312962532043457,0.046481192111969,0.02174311876297,0.0180190205574036,0.0132858753204346,0.0497245788574219,0.0304059386253357,0.0358194708824158,0,0.0366633534431458,0.0199124217033386,0.0128024816513062,0.062225341796875,0.003013014793396,0.030344545841217,0.0352654457092285,0.0216339826583862,0.00861114263534546,0.0175891518592834,0.0068097710609436,0.0278341174125671,0.0752635598182678,0.0666657686233521,0.0175430774688721,0.0357031226158142,0.0315714478492737,0.0571332573890686,0.0538689494132996,0.0313500761985779,0.0699789524078369,0.0650296807289124,0.0853453874588013,0.0104079246520996,0.0692389607429504,0.0653077363967896,0.0732371211051941,0.0655284523963928,0.0416746735572815,0.0320975184440613,0.0736430287361145,0.0645647644996643,0.0585575103759766,0.0184714198112488,0.0457669496536255,0.0833746194839478,0.0738798379898071,0.023346483707428,0.0469903945922852,0.0185866951942444,0.032498300075531,0.00862842798233032,0.012546718120575,0.041532576084137,0.0147355794906616,0.0108169913291931,0.00143277645111084,0.0290858149528503,0.0442683696746826,0.0105573534965515,0.0514571666717529,0.0275992155075073,0.0115228891372681,0.00106078386306763,0.0100762844085693,0.0944362282752991,0.00815403461456299,0.00690662860870361,0.0157819986343384,0.0271127820014954,0.0278783440589905,0.0319540500640869,0.0148147940635681,0.0261152982711792,0.00380152463912964,0.000651240348815918,0.0229069590568542,0.00368797779083252,0.0133166313171387,0.0152541399002075,0.0307660698890686,0.025776743888855,0.0272897481918335,0.0585302114486694,0.0356560349464417,5.16772270202637e-05,0.0239549875259399,0.00294822454452515,0.0604194402694702,0.0562320947647095,0.0565735101699829,0.0275075435638428,0.0010383129119873,0.00272256135940552,0.0270664691925049,0.000146865844726562,0.0777363181114197,0.0657986998558044,0.0490855574607849,0.00721633434295654,0.0351089835166931,0.0287428498268127,0.0225421190261841,0.0175922513008118,0.0253645777702332,0.0486997365951538,0.0264106392860413,0.0137097835540771,0.0193703174591064,0.042590320110321,0.0873000621795654,0.0251748561859131,0.0223498344421387,0.0577126145362854,0.0536810755729675,0.00574290752410889,0.0260230302810669,0.0636211633682251,0.00927412509918213,0.0608553886413574,0.0495761036872864,0.0415650606155396,0.0748757123947144,0.0390703082084656,0.0797721147537231,0.0132580995559692,0.00558316707611084,0.0581392645835876,0.0732085108757019,0.0740224719047546,0.00128644704818726,0.0516977310180664,0.0605214238166809,0.0703604817390442,0.0325424671173096,0.0814923048019409,0.0804508328437805,0.0885797739028931,0.0812124609947205,0.0611814260482788,0.110080480575562
"22091043",0.0154024362564087,0.0216422080993652,0.0125505328178406,0.0494052171707153,0.010426938533783,0.0166483521461487,0.018659770488739,0.0280858874320984,0.0170279741287231,0.0133945345878601,0.0267471075057983,0.0568939447402954,0.0398585200309753,0.0651131272315979,0.00264567136764526,0.0307420492172241,0.00577032566070557,0.0200173854827881,0.000177204608917236,0.0149146914482117,0.098721981048584,0.0209415555000305,0.00196611881256104,0.042210578918457,0.0374637246131897,0.0497457981109619,0.0379855036735535,0.00437301397323608,0.024480938911438,0.0400996804237366,0.0501543879508972,0.0113251805305481,0.0134240984916687,0.0189030766487122,0.0194339752197266,0.0095561146736145,0.0169287919998169,0.00637167692184448,0.0606489777565002,0.0376047492027283,0.033410370349884,0.0189929008483887,0.0197179913520813,0.011275589466095,0.0360962152481079,0.0600065588951111,0.0126940011978149,0.043444037437439,0.0476273894309998,0.0071641206741333,0.0306506752967834,0.0360100269317627,0.0700348615646362,0.0679596066474915,0.00981783866882324,0.0149202346801758,0.0186443328857422,0.0499492287635803,0.0863879323005676,0.0670692920684814,0.0724828243255615,0.0366633534431458,0,0.0565757751464844,0.0494658350944519,0.0988886952400208,0.0336503386497498,0.0670078992843628,0.0719287991523743,0.058297336101532,0.0452744960784912,0.0542525053024292,0.0434731245040894,0.00882923603057861,0.0386002063751221,0.103329122066498,0.0542064309120178,0.000960230827331543,0.00509190559387207,0.0937966108322144,0.0905323028564453,0.0680134296417236,0.106642305850983,0.101693034172058,0.122008740901947,0.0470712780952454,0.105902314186096,0.101971089839935,0.10990047454834,0.102191805839539,0.0783380270004272,0.068760871887207,0.11030638217926,0.10122811794281,0.0952208638191223,0.0551347732543945,0.0824303030967712,0.120037972927094,0.110543191432953,0.0600098371505737,0.0836537480354309,0.0180766582489014,0.00416505336761475,0.0452917814254761,0.0241166353225708,0.0781959295272827,0.0513989329338074,0.0474803447723389,0.0352305769920349,0.0657491683959961,0.00760501623153687,0.0261059999465942,0.0147938132286072,0.00906413793563843,0.0481862425804138,0.0356025695800781,0.0467396378517151,0.0577728748321533,0.0448173880577087,0.0435699820518494,0.0524453520774841,0.0637761354446411,0.0645416975021362,0.00470930337905884,0.0514781475067139,0.062778651714325,0.0404648780822754,0.0360121130943298,0.0595703125,0.0403513312339783,0.0499799847602844,0.0519174933433533,0.0674294233322144,0.0624400973320007,0.00937360525131226,0.0218668580055237,0.0723193883895874,0.036715030670166,0.0127083659172058,0.0396115779876709,0.097082793712616,0.0928954482078552,0.0932368636131287,0.00915580987930298,0.0356250405311584,0.0393859148025513,0.0637298226356506,0.0368102192878723,0.114399671554565,0.10246205329895,0.0857489109039307,0.0438796877861023,0.0717723369598389,0.00792050361633301,0.0592054724693298,0.019071102142334,0.0620279312133789,0.0853630900382996,0.063073992729187,0.0503731369972229,0.0560336709022522,0.0792536735534668,0.123963415622711,0.0618382096290588,0.0590131878852844,0.0943759679794312,0.0903444290161133,0.0309204459190369,0.0626863837242126,0.100284516811371,0.0273892283439636,0.0975187420845032,0.0862394571304321,0.0782284140586853,0.11153906583786,0.0757336616516113,0.116435468196869,0.049921452999115,0.0422465205192566,0.0948026180267334,0.109871864318848,0.1106858253479,0.0353769063949585,0.0883610844612122,0.0971847772598267,0.10702383518219,0.0692058205604553,0.118155658245087,0.117114186286926,0.125243127346039,0.117875814437866,0.0978447794914246,0.146743834018707
"22092032",0.0719782114028931,0.0782179832458496,0.0440252423286438,0.1059809923172,0.0670027136802673,0.0399274230003357,0.0379160046577454,0.028489887714386,0.0395478010177612,0.0699703097343445,0.0833228826522827,0.11346971988678,0.016717255115509,0.121688902378082,0.0592214465141296,0.0258337259292603,0.0508054494857788,0.0365583896636963,0.0563985705375671,0.0416610836982727,0.155297756195068,0.0356342196464539,0.0585418939590454,0.0143651962280273,0.0940394997596741,0.00682997703552246,0.0185902714729309,0.0522027611732483,0.0810567140579224,0.0164760947227478,0.00642138719558716,0.0452505946159363,0.0431516766548157,0.0754788517951965,0.0371417999267578,0.0470196604728699,0.0396469831466675,0.0502040982246399,0.00407320261001587,0.0189710259437561,0.0231654047966003,0.0375828742980957,0.0368577837944031,0.0678513646125793,0.0204795598983765,0.00343078374862671,0.0438817739486694,0.0131317377090454,0.00894838571548462,0.0637398958206177,0.0872264504432678,0.0205657482147217,0.0134590864181519,0.0113838315010071,0.0663936138153076,0.0416555404663086,0.0379314422607422,0.00662654638290405,0.0298121571540833,0.0104935169219971,0.0159070491790771,0.0199124217033386,0.0565757751464844,0,0.00710994005203247,0.0423129200935364,0.0229254364967346,0.0104321241378784,0.0153530240058899,0.00172156095504761,0.0113012790679932,0.00232326984405518,0.013102650642395,0.0477465391159058,0.0951759815216064,0.0467533469200134,0.00236934423446655,0.0556155443191528,0.0514838695526123,0.03722083568573,0.0339565277099609,0.0114376544952393,0.0500665307044983,0.0451172590255737,0.0654329657554626,0.00950449705123901,0.0493265390396118,0.0453953146934509,0.0533246994018555,0.0456160306930542,0.0217622518539429,0.0121850967407227,0.0537306070327759,0.0446523427963257,0.0386450886726379,0.00144100189208984,0.0258545279502869,0.0634621977806091,0.0539674162864685,0.00343406200408936,0.0270779728889465,0.038499116897583,0.0524107217788696,0.0112839937210083,0.0324591398239136,0.0216201543807983,0.005176842212677,0.00909543037414551,0.0213451981544495,0.00917339324951172,0.0641807913780212,0.0304697751998901,0.0713695883750916,0.0475116372108459,0.00838953256607056,0.0209732055664062,0.00983613729476929,0.114348649978638,0.0117583870887756,0.013005793094635,0.00413042306900024,0.00720036029815674,0.00796592235565186,0.0518664717674255,0.00509762763977051,0.00620287656784058,0.016110897064209,0.0205636620521545,0.00299453735351562,0.0162244439125061,0.00659579038619995,0.0046582818031311,0.01085364818573,0.00586432218551636,0.0472021698951721,0.0784426331520081,0.015743613243103,0.0198607444763184,0.0438674092292786,0.0169641971588135,0.0405070185661316,0.0363196730613708,0.0366610884666443,0.0474199652671814,0.0209507346153259,0.0171898603439331,0.00715404748916626,0.0197655558586121,0.0578238964080811,0.0458862781524658,0.0291731357574463,0.0126960873603821,0.0151965618133545,0.0486552715301514,0.00262969732284546,0.0375046730041504,0.00545215606689453,0.0287873148918152,0.00649821758270264,0.00620263814926147,0.000542104244232178,0.0226778984069824,0.0673876404762268,0.00526243448257446,0.00243741273880005,0.0378001928329468,0.0337686538696289,0.0256553292274475,0.00611060857772827,0.0437087416648865,0.0291865468025208,0.0409429669380188,0.0296636819839478,0.0216526389122009,0.0549632906913757,0.019157886505127,0.0598596930503845,0.00665432214736938,0.0143292546272278,0.038226842880249,0.0532960891723633,0.054110050201416,0.0211988687515259,0.0317853093147278,0.0406090021133423,0.0504480600357056,0.0126300454139709,0.0615798830986023,0.0605384111404419,0.0686673521995544,0.0613000392913818,0.0412690043449402,0.0901680588722229
"22092033",0.0648682713508606,0.0711080431938171,0.0369153022766113,0.0988710522651672,0.0598927736282349,0.0328174829483032,0.0308060646057129,0.0213799476623535,0.0324378609657288,0.062860369682312,0.0762129426002502,0.106359779834747,0.00960731506347656,0.11457896232605,0.0521115064620972,0.0187237858772278,0.0436955094337463,0.0294484496116638,0.0492886304855347,0.0345511436462402,0.148187816143036,0.0285242795944214,0.0514319539070129,0.00725525617599487,0.0869295597076416,0.00027996301651001,0.0114803314208984,0.0450928211212158,0.0739467740058899,0.00936615467071533,0.000688552856445312,0.0381406545639038,0.0360417366027832,0.0683689117431641,0.0300318598747253,0.0399097204208374,0.032537043094635,0.0430941581726074,0.0111831426620483,0.0118610858917236,0.0160554647445679,0.0304729342460632,0.0297478437423706,0.0607414245605469,0.013369619846344,0.0105407238006592,0.036771833896637,0.00602179765701294,0.00183844566345215,0.0566299557685852,0.0801165103912354,0.0134558081626892,0.0205690264701843,0.0184937715530396,0.0592836737632751,0.0345456004142761,0.0308215022087097,0.000483393669128418,0.0369220972061157,0.0176034569740295,0.0230169892311096,0.0128024816513062,0.0494658350944519,0.00710994005203247,0,0.0494228601455688,0.0158154964447021,0.0175420641899109,0.0224629640579224,0.00883150100708008,0.00419133901596069,0.00478667020797729,0.00599271059036255,0.0406365990638733,0.088066041469574,0.0538632869720459,0.00474059581756592,0.0485056042671204,0.0443739295005798,0.0443307757377625,0.0410664677619934,0.0185475945472717,0.0571764707565308,0.0522271990776062,0.0725429058074951,0.00239455699920654,0.0564364790916443,0.0525052547454834,0.0604346394538879,0.0527259707450867,0.0288721919059753,0.0192950367927551,0.0608405470848083,0.0517622828483582,0.0457550287246704,0.00566893815994263,0.0329644680023193,0.0705721378326416,0.061077356338501,0.0105440020561218,0.034187912940979,0.0313891768455505,0.0453007817268372,0.00417405366897583,0.0253491997718811,0.0287300944328308,0.00193309783935547,0.00198549032211304,0.014235258102417,0.0162833333015442,0.0570708513259888,0.0233598351478577,0.0642596483230591,0.0404016971588135,0.00127959251403809,0.0138632655143738,0.00272619724273682,0.107238709926605,0.00464844703674316,0.00589585304260254,0.00297951698303223,0.0143103003501892,0.0150758624076843,0.0447565317153931,0.00201231241226196,0.013312816619873,0.00900095701217651,0.0134537220001221,0.0101044774055481,0.00911450386047363,0.00051414966583252,0.00245165824890137,0.0179635882377625,0.0129742622375488,0.0400922298431396,0.0713326930999756,0.0228535532951355,0.0127508044242859,0.0367574691772461,0.00985425710678101,0.0476169586181641,0.0434296131134033,0.0437710285186768,0.0403100252151489,0.0138407945632935,0.0100799202919006,0.0142639875411987,0.0126556158065796,0.0649338364601135,0.0529962182044983,0.0362830758094788,0.00558614730834961,0.022306501865387,0.0415453314781189,0.00973963737487793,0.0303947329521179,0.012562096118927,0.0358972549438477,0.0136081576347351,0.000907301902770996,0.00656783580780029,0.0297878384590149,0.0744975805282593,0.0123723745346069,0.00954735279083252,0.0449101328849792,0.0408785939216614,0.018545389175415,0.0132205486297607,0.0508186817169189,0.0220766067504883,0.0480529069900513,0.0367736220359802,0.0287625789642334,0.0620732307434082,0.0262678265571594,0.066969633102417,0.000455617904663086,0.00721931457519531,0.0453367829322815,0.0604060292243958,0.0612199902534485,0.0140889286994934,0.0388952493667603,0.0477189421653748,0.057558000087738,0.0197399854660034,0.0686898231506348,0.0676483511924744,0.0757772922515869,0.0684099793434143,0.0483789443969727,0.0972779989242554
"22092035",0.114291131496429,0.120530903339386,0.0863381624221802,0.148293912410736,0.109315633773804,0.0822403430938721,0.0802289247512817,0.0708028078079224,0.0818607211112976,0.112283229827881,0.125635802745819,0.155782639980316,0.0590301752090454,0.164001822471619,0.101534366607666,0.0681466460227966,0.0931183695793152,0.0788713097572327,0.0987114906311035,0.0839740037918091,0.197610676288605,0.0779471397399902,0.100854814052582,0.0566781163215637,0.13635241985321,0.0491428971290588,0.0609031915664673,0.0945156812667847,0.123369634151459,0.0587890148162842,0.0487343072891235,0.0875635147094727,0.0854645967483521,0.117791771888733,0.0794547200202942,0.0893325805664062,0.0819599032402039,0.0925170183181763,0.0382397174835205,0.0612839460372925,0.0654783248901367,0.0798957943916321,0.0791707038879395,0.110164284706116,0.0627924799919128,0.0388821363449097,0.0861946940422058,0.0554446578025818,0.051261305809021,0.106052815914154,0.129539370536804,0.0628786683082581,0.0288538336753845,0.0309290885925293,0.108706533908844,0.083968460559845,0.0802443623542786,0.0489394664764404,0.0125007629394531,0.0318194031715393,0.0264058709144592,0.062225341796875,0.0988886952400208,0.0423129200935364,0.0494228601455688,0,0.065238356590271,0.031880795955658,0.0269598960876465,0.0405913591384888,0.0536141991615295,0.0446361899375916,0.0554155707359314,0.0900594592094421,0.137488901615143,0.00444042682647705,0.0446822643280029,0.0979284644126892,0.0937967896461487,0.0050920844078064,0.00835639238357544,0.0308752655982971,0.00775361061096191,0.00280433893203735,0.0231200456619263,0.0518174171447754,0.00701361894607544,0.00308239459991455,0.0110117793083191,0.00330311059951782,0.0205506682395935,0.0301278233528137,0.0114176869392395,0.00233942270278931,0.00366783142089844,0.0437539219856262,0.0164583921432495,0.0211492776870728,0.0116544961929321,0.038878858089447,0.0152349472045898,0.0808120369911194,0.094723641872406,0.0535969138145447,0.07477205991745,0.020692765712738,0.0474897623062134,0.0514083504676819,0.0636581182479858,0.0331395268440247,0.106493711471558,0.0727826952934265,0.113682508468628,0.0898245573043823,0.0507024526596069,0.0632861256599426,0.0521490573883057,0.156661570072174,0.054071307182312,0.0553187131881714,0.0464433431625366,0.0351125597953796,0.0343469977378845,0.0941793918609619,0.0474105477333069,0.0361100435256958,0.0584238171577454,0.0628765821456909,0.0393183827400208,0.0585373640060425,0.0489087104797363,0.0469712018966675,0.0314592719078064,0.03644859790802,0.0895150899887085,0.120755553245544,0.0265693068504333,0.0621736645698547,0.0861803293228149,0.0592771172523499,0.00180590152740479,0.00599324703216553,0.00565183162689209,0.0897328853607178,0.0632636547088623,0.0595027804374695,0.0351588726043701,0.0620784759521484,0.0155109763145447,0.00357335805892944,0.0131397843360901,0.0550090074539185,0.0271163582801819,0.0909681916236877,0.0396832227706909,0.0798175930976868,0.0368607640266418,0.0135256052017212,0.0358147025108337,0.0485155582427979,0.0428550243377686,0.019635021686554,0.0250747203826904,0.0370504856109619,0.0398755073547363,0.0045127272605896,0.00854426622390747,0.0679682493209839,0.0362023115158081,0.0013958215713501,0.0714994668960571,0.00136995315551758,0.0126492381095886,0.0206602811813354,0.0126503705978394,0.0231550335884094,0.0175467729568481,0.0489672422409058,0.0566421747207642,0.00408607721328735,0.0109831690788269,0.0117971301078796,0.0635117888450623,0.0105276107788086,0.00170391798019409,0.00813513994216919,0.0296828746795654,0.0192669630050659,0.0182254910469055,0.0263544321060181,0.0189871191978455,0.00104391574859619,0.0478551387786865
"22092036",0.0490527749061584,0.055292546749115,0.0210998058319092,0.0830555558204651,0.0440772771835327,0.0170019865036011,0.0149905681610107,0.00556445121765137,0.0166223645210266,0.0470448732376099,0.0603974461555481,0.0905442833900452,0.00620818138122559,0.0987634658813477,0.036296010017395,0.00290828943252563,0.0278800129890442,0.0136329531669617,0.0334731340408325,0.0187356472015381,0.132372319698334,0.0127087831497192,0.0356164574623108,0.00856024026870728,0.0711140632629395,0.0160954594612122,0.00433516502380371,0.0292773246765137,0.0581312775611877,0.00644934177398682,0.0165040493011475,0.0223251581192017,0.0202262401580811,0.0525534152984619,0.0142163634300232,0.0240942239761353,0.0167215466499329,0.0272786617279053,0.0269986391067505,0.00395441055297852,0.000239968299865723,0.0146574378013611,0.0139323472976685,0.0449259281158447,0.00244587659835815,0.0263562202453613,0.0209563374519348,0.00979369878768921,0.01397705078125,0.0408144593238831,0.0643010139465332,0.00235968828201294,0.0363845229148865,0.0343092679977417,0.043468177318573,0.018730103969574,0.0150060057640076,0.0162988901138306,0.0527375936508179,0.0334189534187317,0.0388324856758118,0.003013014793396,0.0336503386497498,0.0229254364967346,0.0158154964447021,0.065238356590271,0,0.033357560634613,0.0382784605026245,0.0246469974517822,0.0116241574287415,0.0206021666526794,0.0098227858543396,0.0248211026191711,0.0722505450248718,0.069678783416748,0.0205560922622681,0.0326901078224182,0.0285584330558777,0.0601462721824646,0.0568819642066956,0.0343630909919739,0.0729919672012329,0.0680426955223083,0.0883584022521973,0.0134209394454956,0.0722519755363464,0.0683207511901855,0.0762501358985901,0.0685414671897888,0.0446876883506775,0.0351105332374573,0.0766560435295105,0.0675777792930603,0.0615705251693726,0.0214844346046448,0.0487799644470215,0.0863876342773438,0.0768928527832031,0.026359498500824,0.0500034093856812,0.0155736804008484,0.029485285282135,0.0116414427757263,0.00953370332717896,0.044545590877533,0.0177485942840576,0.0138300061225891,0.00158023834228516,0.0320988297462463,0.0412553548812866,0.00754433870315552,0.0484441518783569,0.0245862007141113,0.0145359039306641,0.00195223093032837,0.0130892992019653,0.0914232134819031,0.011167049407959,0.00991964340209961,0.0187950134277344,0.0301257967948914,0.0308913588523865,0.0289410352706909,0.0178278088569641,0.0291283130645752,0.00681453943252563,0.00236177444458008,0.0259199738502502,0.00670099258422852,0.0163296461105347,0.0182671546936035,0.0337790846824646,0.028789758682251,0.0242767333984375,0.0555171966552734,0.0386690497398376,0.00306469202041626,0.0209419727325439,0.00596123933792114,0.0634324550628662,0.0592451095581055,0.0595865249633789,0.0244945287704468,0.00197470188140869,0.00573557615280151,0.0300794839859009,0.00315988063812256,0.0807493329048157,0.0688117146492004,0.0520985722541809,0.0102293491363525,0.0381219983100891,0.0257298350334167,0.0255551338195801,0.0145792365074158,0.0283775925636292,0.0517127513885498,0.0294236540794373,0.0167227983474731,0.0223833322525024,0.045603334903717,0.0903130769729614,0.0281878709793091,0.0253628492355347,0.0607256293296814,0.0566940903663635,0.00272989273071289,0.0290360450744629,0.0666341781616211,0.00626111030578613,0.0638684034347534,0.0525891184806824,0.0445780754089355,0.0778887271881104,0.0420833230018616,0.0827851295471191,0.0162711143493652,0.00859618186950684,0.0611522793769836,0.0762215256690979,0.0770354866981506,0.00172656774520874,0.0547107458114624,0.0635344386100769,0.0733734965324402,0.0355554819107056,0.0845053195953369,0.0834638476371765,0.0915927886962891,0.0842254757881165,0.0641944408416748,0.113093495368958
"22092037",0.0824103355407715,0.088650107383728,0.0544573664665222,0.116413116455078,0.0774348378181458,0.0503595471382141,0.0483481287956238,0.0389220118522644,0.0499799251556396,0.0804024338722229,0.0937550067901611,0.123901844024658,0.0271493792533875,0.132121026515961,0.0696535706520081,0.0362658500671387,0.0612375736236572,0.0469905138015747,0.0668306946754456,0.0520932078361511,0.165729880332947,0.0460663437843323,0.0689740180969238,0.0247973203659058,0.104471623897552,0.0172621011734009,0.0290223956108093,0.0626348853111267,0.0914888381958008,0.0269082188606262,0.0168535113334656,0.0556827187538147,0.0535838007926941,0.085910975933075,0.0475739240646362,0.0574517846107483,0.0500791072845459,0.0606362223625183,0.00635892152786255,0.0294031500816345,0.0335975289344788,0.0480149984359741,0.0472899079322815,0.0782834887504578,0.0309116840362549,0.00700134038925171,0.0543138980865479,0.0235638618469238,0.019380509853363,0.0741720199584961,0.0976585745811462,0.0309978723526001,0.00302696228027344,0.000951707363128662,0.076825737953186,0.052087664604187,0.0483635663986206,0.0170586705207825,0.0193800330162048,6.13927841186523e-05,0.00547492504119873,0.030344545841217,0.0670078992843628,0.0104321241378784,0.0175420641899109,0.031880795955658,0.033357560634613,0,0.00492089986801147,0.00871056318283081,0.0217334032058716,0.0127553939819336,0.0235347747802734,0.0581786632537842,0.105608105659485,0.036321222782135,0.012801468372345,0.0660476684570312,0.0619159936904907,0.0267887115478516,0.0235244035720825,0.00100553035736084,0.0396344065666199,0.0346851348876953,0.0550008416175842,0.0199366211891174,0.0388944149017334,0.0349631905555725,0.0428925752639771,0.0351839065551758,0.0113301277160645,0.00175297260284424,0.0432984828948975,0.0342202186584473,0.0282129645347595,0.0118731260299683,0.0154224038124084,0.0530300736427307,0.0435352921485901,0.00699806213378906,0.0166458487510681,0.0489312410354614,0.062842845916748,0.0217161178588867,0.042891263961792,0.0111880302429199,0.0156089663505554,0.0195275545120239,0.0317773222923279,0.0012587308883667,0.0746129155158997,0.0409018993377686,0.08180171251297,0.0579437613487244,0.018821656703949,0.0314053297042847,0.0202682614326477,0.124780774116516,0.0221905112266541,0.0234379172325134,0.0145625472068787,0.00323176383972168,0.00246620178222656,0.062298595905304,0.0155297517776489,0.00422924757003784,0.0265430212020874,0.030995786190033,0.00743758678436279,0.0266565680503845,0.0170279145240784,0.0150904059410095,0.000421524047851562,0.00456780195236206,0.0576342940330505,0.0888747572898865,0.00531148910522461,0.0302928686141968,0.054299533367157,0.0273963212966919,0.0300748944282532,0.0258875489234924,0.0262289643287659,0.0578520894050598,0.0313828587532043,0.0276219844818115,0.00327807664871216,0.0301976799964905,0.0473917722702026,0.0354541540145874,0.0187410116195679,0.0231282114982605,0.00476443767547607,0.0590873956680298,0.00780242681503296,0.0479367971420288,0.00497996807098389,0.0183551907539368,0.00393390655517578,0.0166347622871399,0.0109742283821106,0.012245774269104,0.0569555163383484,0.00516968965530396,0.00799471139907837,0.0273680686950684,0.0233365297317505,0.0360874533653259,0.00432151556015015,0.0332766175270081,0.0396186709403992,0.0305108428001404,0.0192315578460693,0.0112205147743225,0.0445311665534973,0.00872576236724854,0.0494275689125061,0.0170864462852478,0.0247613787651062,0.0277947187423706,0.0428639650344849,0.0436779260635376,0.0316309928894043,0.0213531851768494,0.0301768779754639,0.0400159358978271,0.00219792127609253,0.0511477589607239,0.0501062870025635,0.058235228061676,0.0508679151535034,0.0308368802070618,0.0797359347343445
"22092038",0.087331235408783,0.0935710072517395,0.0593782663345337,0.12133401632309,0.0823557376861572,0.0552804470062256,0.0532690286636353,0.0438429117202759,0.0549008250236511,0.0853233337402344,0.0986759066581726,0.12882274389267,0.0320702791213989,0.137041926383972,0.0745744705200195,0.0411867499351501,0.0661584734916687,0.0519114136695862,0.071751594543457,0.0570141077041626,0.170650780200958,0.0509872436523438,0.0738949179649353,0.0297182202339172,0.109392523765564,0.0221830010414124,0.0339432954788208,0.0675557851791382,0.0964097380638123,0.0318291187286377,0.0217744112014771,0.0606036186218262,0.0585047006607056,0.0908318758010864,0.0524948239326477,0.0623726844787598,0.0550000071525574,0.0655571222305298,0.011279821395874,0.034324049949646,0.0385184288024902,0.0529358983039856,0.052210807800293,0.0832043886184692,0.0358325839042664,0.0119222402572632,0.0592347979545593,0.0284847617149353,0.0243014097213745,0.0790929198265076,0.102579474449158,0.0359187722206116,0.00189393758773804,0.00396919250488281,0.0817466378211975,0.0570085644721985,0.0532844662666321,0.0219795703887939,0.0144591331481934,0.00485950708389282,0.000554025173187256,0.0352654457092285,0.0719287991523743,0.0153530240058899,0.0224629640579224,0.0269598960876465,0.0382784605026245,0.00492089986801147,0,0.0136314630508423,0.0266543030738831,0.0176762938499451,0.0284556746482849,0.0630995631217957,0.110529005527496,0.0314003229141235,0.0177223682403564,0.0709685683250427,0.0668368935585022,0.0218678116798401,0.018603503704071,0.00391536951065063,0.0347135066986084,0.0297642350196838,0.0500799417495728,0.0248575210571289,0.0339735150337219,0.030042290687561,0.0379716753959656,0.0302630066871643,0.00640922784805298,0.00316792726516724,0.038377583026886,0.0292993187904358,0.023292064666748,0.0167940258979797,0.010501503944397,0.0481091737747192,0.0386143922805786,0.0119189620018005,0.0117249488830566,0.0538521409034729,0.0677637457847595,0.0266370177268982,0.0478121638298035,0.00626713037490845,0.0205298662185669,0.0244484543800354,0.0366982221603394,0.00617963075637817,0.0795338153839111,0.04582279920578,0.0867226123809814,0.0628646612167358,0.0237425565719604,0.0363262295722961,0.0251891613006592,0.129701673984528,0.0271114110946655,0.0283588171005249,0.0194834470748901,0.00815266370773315,0.00738710165023804,0.0672194957733154,0.0204506516456604,0.00915014743804932,0.0314639210700989,0.0359166860580444,0.0123584866523743,0.031577467918396,0.0219488143920898,0.020011305809021,0.00449937582015991,0.00948870182037354,0.062555193901062,0.0937956571578979,0.000390589237213135,0.0352137684822083,0.0592204332351685,0.0323172211647034,0.0251539945602417,0.020966649055481,0.0213080644607544,0.0627729892730713,0.0363037586212158,0.032542884349823,0.00819897651672363,0.035118579864502,0.0424708724021912,0.0305332541465759,0.0138201117515564,0.028049111366272,0.0001564621925354,0.0640082955360413,0.0127233266830444,0.0528576970100403,0.00990086793899536,0.0134342908859253,0.00885480642318726,0.0215556621551514,0.0158951282501221,0.00732487440109253,0.0520346164703369,0.0100905895233154,0.0129156112670898,0.0224471688270569,0.018415629863739,0.0410083532333374,0.00924241542816162,0.0283557176589966,0.0445395708084106,0.0255899429321289,0.0143106579780579,0.00629961490631104,0.0396102666854858,0.00380486249923706,0.0445066690444946,0.0220073461532593,0.0296822786331177,0.0228738188743591,0.0379430651664734,0.0387570261955261,0.0365518927574158,0.0164322853088379,0.0252559781074524,0.0350950360298157,0.00272297859191895,0.0462268590927124,0.045185387134552,0.0533143281936646,0.0459470152854919,0.0259159803390503,0.074815034866333
"22092039",0.0736997723579407,0.0799395442008972,0.0457468032836914,0.107702553272247,0.0687242746353149,0.0416489839553833,0.039637565612793,0.0302114486694336,0.0412693619728088,0.0716918706893921,0.0850444436073303,0.115191280841827,0.0184388160705566,0.12341046333313,0.0609430074691772,0.0275552868843079,0.0525270104408264,0.0382799506187439,0.0581201314926147,0.0433826446533203,0.157019317150116,0.0373557806015015,0.060263454914093,0.016086757183075,0.0957610607147217,0.00855153799057007,0.0203118324279785,0.0539243221282959,0.08277827501297,0.0181976556777954,0.00814294815063477,0.0469721555709839,0.0448732376098633,0.0772004127502441,0.0388633608818054,0.0487412214279175,0.0413685441017151,0.0519256591796875,0.00235164165496826,0.0206925868988037,0.0248869657516479,0.0393044352531433,0.0385793447494507,0.069572925567627,0.0222011208534241,0.0017092227935791,0.045603334903717,0.014853298664093,0.0106699466705322,0.0654614567756653,0.0889480113983154,0.0222873091697693,0.0117375254631042,0.00966227054595947,0.0681151747703552,0.0433771014213562,0.0396530032157898,0.00834810733795166,0.0280905961990356,0.00877195596694946,0.0141854882240295,0.0216339826583862,0.058297336101532,0.00172156095504761,0.00883150100708008,0.0405913591384888,0.0246469974517822,0.00871056318283081,0.0136314630508423,0,0.0130228400230408,0.00404483079910278,0.0148242115974426,0.0494681000709534,0.0968975424766541,0.0450317859649658,0.00409090518951416,0.0573371052742004,0.0532054305076599,0.0354992747306824,0.0322349667549133,0.00971609354019165,0.0483449697494507,0.0433956980705261,0.063711404800415,0.0112260580062866,0.0476049780845642,0.0436737537384033,0.0516031384468079,0.0438944697380066,0.0200406908988953,0.010463535785675,0.0520090460777283,0.0429307818412781,0.0369235277175903,0.00316256284713745,0.0241329669952393,0.0617406368255615,0.0522458553314209,0.00171250104904175,0.0253564119338989,0.0402206778526306,0.0541322827339172,0.0130055546760559,0.0341807007789612,0.0198985934257507,0.00689840316772461,0.0108169913291931,0.0230667591094971,0.00745183229446411,0.0659023523330688,0.0321913361549377,0.0730911493301392,0.0492331981658936,0.0101110935211182,0.0226947665214539,0.0115576982498169,0.116070210933685,0.0134799480438232,0.0147273540496826,0.00585198402404785,0.00547879934310913,0.00624436140060425,0.0535880327224731,0.00681918859481812,0.00448131561279297,0.0178324580192566,0.0222852230072021,0.00127297639846802,0.0179460048675537,0.00831735134124756,0.00637984275817871,0.00913208723068237,0.00414276123046875,0.0489237308502197,0.0801641941070557,0.0140220522880554,0.021582305431366,0.0455889701843262,0.0186857581138611,0.038785457611084,0.0345981121063232,0.0349395275115967,0.049141526222229,0.0226722955703735,0.0189114212989807,0.00543248653411865,0.0214871168136597,0.0561023354530334,0.0441647171974182,0.0274515748023987,0.0144176483154297,0.0134750008583069,0.050376832485199,0.000908136367797852,0.039226233959198,0.00373059511184692,0.0270657539367676,0.00477665662765503,0.00792419910430908,0.00226366519927979,0.0209563374519348,0.0656660795211792,0.00354087352752686,0.000715851783752441,0.0360786318778992,0.0320470929145813,0.0273768901824951,0.00438904762268066,0.0419871807098389,0.0309081077575684,0.0392214059829712,0.0279421210289001,0.0199310779571533,0.0532417297363281,0.0174363255500793,0.0581381320953369,0.00837588310241699,0.0160508155822754,0.0365052819252014,0.0515745282173157,0.0523884892463684,0.0229204297065735,0.0300637483596802,0.0388874411582947,0.048726499080658,0.0109084844589233,0.0598583221435547,0.0588168501853943,0.0669457912445068,0.0595784783363342,0.0395474433898926,0.0884464979171753
"22092040",0.0606769323348999,0.0669167041778564,0.0327239632606506,0.0946797132492065,0.0557014346122742,0.0286261439323425,0.0266147255897522,0.0171886086463928,0.0282465219497681,0.0586690306663513,0.0720216035842896,0.102168440818787,0.00541597604751587,0.110387623310089,0.0479201674461365,0.0145324468612671,0.0395041704177856,0.0252571105957031,0.045097291469574,0.0303598046302795,0.143996477127075,0.0243329405784607,0.0472406148910522,0.00306391716003418,0.0827382206916809,0.0044713020324707,0.00728899240493774,0.0409014821052551,0.0697554349899292,0.00517481565475464,0.00487989187240601,0.0339493155479431,0.0318503975868225,0.0641775727272034,0.0258405208587646,0.0357183814048767,0.0283457040786743,0.0389028191566467,0.015374481678009,0.00766974687576294,0.0118641257286072,0.0262815952301025,0.0255565047264099,0.0565500855445862,0.0091782808303833,0.0147320628166199,0.0325804948806763,0.00183045864105225,0.00235289335250854,0.0524386167526245,0.0759251713752747,0.00926446914672852,0.024760365486145,0.0226851105690002,0.0550923347473145,0.0303542613983154,0.026630163192749,0.00467473268508911,0.0411134362220764,0.0217947959899902,0.0272083282470703,0.00861114263534546,0.0452744960784912,0.0113012790679932,0.00419133901596069,0.0536141991615295,0.0116241574287415,0.0217334032058716,0.0266543030738831,0.0130228400230408,0,0.00897800922393799,0.00180137157440186,0.0364452600479126,0.0838747024536133,0.0580546259880066,0.00893193483352661,0.0443142652511597,0.0401825904846191,0.0485221147537231,0.0452578067779541,0.0227389335632324,0.0613678097724915,0.0564185380935669,0.0767342448234558,0.00179678201675415,0.060627818107605,0.0566965937614441,0.0646259784698486,0.0569173097610474,0.033063530921936,0.0234863758087158,0.065031886100769,0.0559536218643188,0.0499463677406311,0.00986027717590332,0.03715580701828,0.0747634768486023,0.0652686953544617,0.0147353410720825,0.0383792519569397,0.0271978378295898,0.0411094427108765,1.72853469848633e-05,0.0211578607559204,0.0329214334487915,0.00612443685531616,0.00220584869384766,0.0100439190864563,0.0204746723175049,0.0528795123100281,0.019168496131897,0.0600683093070984,0.0362103581428528,0.00291174650192261,0.00967192649841309,0.00146514177322388,0.103047370910645,0.000457108020782471,0.00170451402664185,0.00717085599899292,0.0185016393661499,0.019267201423645,0.0405651926994324,0.00620365142822266,0.0175041556358337,0.00480961799621582,0.00926238298416138,0.0142958164215088,0.00492316484451294,0.00470548868179321,0.00664299726486206,0.0221549272537231,0.0171656012535095,0.035900890827179,0.0671413540840149,0.0270448923110962,0.0085594654083252,0.0325661301612854,0.00566291809082031,0.0518082976341248,0.047620952129364,0.0479623675346375,0.0361186861991882,0.00964945554733276,0.00588858127593994,0.0184553265571594,0.0084642767906189,0.0691251754760742,0.057187557220459,0.0404744148254395,0.00139480829238892,0.0264978408813477,0.0373539924621582,0.0139309763908386,0.0262033939361572,0.0167534351348877,0.0400885939598083,0.0177994966506958,0.00509864091873169,0.010759174823761,0.0339791774749756,0.07868891954422,0.0165637135505676,0.0137386918067932,0.0491014719009399,0.0450699329376221,0.0143540501594543,0.0174118876457214,0.0550100207328796,0.0178852677345276,0.052244246006012,0.0409649610519409,0.0329539179801941,0.0662645697593689,0.0304591655731201,0.0711609721183777,0.00464695692062378,0.00302797555923462,0.0495281219482422,0.0645973682403564,0.0654113292694092,0.00989758968353271,0.0430865883827209,0.0519102811813354,0.0617493391036987,0.0239313244819641,0.0728811621665955,0.0718396902084351,0.0799686312675476,0.072601318359375,0.0525702834129333,0.101469337940216
"22093033",0.0696549415588379,0.0758947134017944,0.0417019724845886,0.103657722473145,0.0646794438362122,0.0376041531562805,0.0355927348136902,0.0261666178703308,0.0372245311737061,0.0676470398902893,0.0809996128082275,0.111146450042725,0.0143939852714539,0.119365632534027,0.0568981766700745,0.0235104560852051,0.0484821796417236,0.0342351198196411,0.054075300693512,0.0393378138542175,0.152974486351013,0.0333109498023987,0.0562186241149902,0.0120419263839722,0.0917162299156189,0.00450670719146729,0.0162670016288757,0.0498794913291931,0.0787334442138672,0.0141528248786926,0.00409811735153198,0.0429273247718811,0.0408284068107605,0.0731555819511414,0.0348185300827026,0.0446963906288147,0.0373237133026123,0.0478808283805847,0.00639647245407104,0.0166477560997009,0.0208421349525452,0.0352596044540405,0.0345345139503479,0.0655280947685242,0.0181562900543213,0.00575405359268188,0.0415585041046143,0.0108084678649902,0.00662511587142944,0.0614166259765625,0.0849031805992126,0.0182424783706665,0.015782356262207,0.0137071013450623,0.0640703439712524,0.0393322706222534,0.035608172416687,0.00430327653884888,0.0321354269981384,0.0128167867660522,0.0182303190231323,0.0175891518592834,0.0542525053024292,0.00232326984405518,0.00478667020797729,0.0446361899375916,0.0206021666526794,0.0127553939819336,0.0176762938499451,0.00404483079910278,0.00897800922393799,0,0.0107793807983398,0.0454232692718506,0.0928527116775513,0.0490766167640686,4.6074390411377e-05,0.0532922744750977,0.0491605997085571,0.0395441055297852,0.0362797975540161,0.0137609243392944,0.0523898005485535,0.0474405288696289,0.0677562355995178,0.00718122720718384,0.051649808883667,0.0477185845375061,0.0556479692459106,0.0479393005371094,0.024085521697998,0.0145083665847778,0.0560538768768311,0.0469756126403809,0.0409683585166931,0.000882267951965332,0.028177797794342,0.0657854676246643,0.0562906861305237,0.00575733184814453,0.0294012427330017,0.0361758470535278,0.0500874519348145,0.00896072387695312,0.0301358699798584,0.0239434242248535,0.00285357236862183,0.00677216053009033,0.0190219283103943,0.0114966630935669,0.0618575215339661,0.028146505355835,0.0690463185310364,0.0451883673667908,0.00606626272201538,0.0186499357223511,0.00751286745071411,0.112025380134583,0.00943511724472046,0.0106825232505798,0.00180715322494507,0.00952363014221191,0.010289192199707,0.0495432019233704,0.00277435779571533,0.00852614641189575,0.0137876272201538,0.0182403922080994,0.0053178071975708,0.0139011740684509,0.00427252054214478,0.00233501195907593,0.0131769180297852,0.00818759202957153,0.0448789000511169,0.0761193633079529,0.0180668830871582,0.0175374746322632,0.0415441393852234,0.0146409273147583,0.0428302884101868,0.038642942905426,0.0389843583106995,0.0450966954231262,0.0186274647712708,0.0148665904998779,0.00947731733322144,0.0174422860145569,0.0601471662521362,0.048209547996521,0.0314964056015015,0.0103728175163269,0.0175198316574097,0.0463320016860962,0.00495296716690063,0.0351814031600952,0.00777542591094971,0.0311105847358704,0.00882148742675781,0.0038793683052063,0.001781165599823,0.0250011682510376,0.069710910320282,0.00758570432662964,0.00476068258285522,0.040123462677002,0.0360919237136841,0.0233320593833923,0.00843387842178345,0.0460320115089417,0.0268632769584656,0.043266236782074,0.0319869518280029,0.0239759087562561,0.0572865605354309,0.0214811563491821,0.0621829628944397,0.00433105230331421,0.0120059847831726,0.0405501127243042,0.0556193590164185,0.0564333200454712,0.0188755989074707,0.034108579158783,0.0429322719573975,0.0527713298797607,0.0149533152580261,0.0639031529426575,0.0628616809844971,0.0709906220436096,0.063623309135437,0.0435922741889954,0.0924913287162781
"22093037",0.058875560760498,0.0651153326034546,0.0309225916862488,0.0928783416748047,0.0539000630378723,0.0268247723579407,0.0248133540153503,0.015387237071991,0.0264451503753662,0.0568676590919495,0.0702202320098877,0.100367069244385,0.00361460447311401,0.108586251735687,0.0461187958717346,0.0127310752868652,0.0377027988433838,0.0234557390213013,0.0432959198951721,0.0285584330558777,0.142195105552673,0.0225315690040588,0.0454392433166504,0.00126254558563232,0.0809368491172791,0.00627267360687256,0.00548762083053589,0.0391001105308533,0.0679540634155273,0.00337344408035278,0.00668126344680786,0.0321479439735413,0.0300490260124207,0.0623762011528015,0.0240391492843628,0.0339170098304749,0.0265443325042725,0.0371014475822449,0.0171758532524109,0.00586837530136108,0.0100627541542053,0.0244802236557007,0.0237551331520081,0.0547487139701843,0.00737690925598145,0.0165334343910217,0.0307791233062744,2.90870666503906e-05,0.0041542649269104,0.0506372451782227,0.0741237998008728,0.00746309757232666,0.0265617370605469,0.0244864821434021,0.0532909631729126,0.0285528898239136,0.0248287916183472,0.00647610425949097,0.0429148077964783,0.0235961675643921,0.0290096998214722,0.0068097710609436,0.0434731245040894,0.013102650642395,0.00599271059036255,0.0554155707359314,0.0098227858543396,0.0235347747802734,0.0284556746482849,0.0148242115974426,0.00180137157440186,0.0107793807983398,0,0.0346438884735107,0.0820733308792114,0.0598559975624084,0.0107333064079285,0.0425128936767578,0.0383812189102173,0.050323486328125,0.047059178352356,0.0245403051376343,0.0631691813468933,0.0582199096679688,0.0785356163978577,0.00359815359115601,0.0624291896820068,0.0584979653358459,0.0664273500442505,0.0587186813354492,0.0348649024963379,0.0252877473831177,0.0668332576751709,0.0577549934387207,0.051747739315033,0.0116616487503052,0.0389571785926819,0.0765648484230042,0.0670700669288635,0.0165367126464844,0.0401806235313416,0.025396466255188,0.0393080711364746,0.00181865692138672,0.0193564891815186,0.0347228050231934,0.00792580842971802,0.00400722026824951,0.00824254751205444,0.0222760438919067,0.0510781407356262,0.0173671245574951,0.0582669377326965,0.0344089865684509,0.00471311807632446,0.00787055492401123,0.00326651334762573,0.101245999336243,0.00134426355361938,9.68575477600098e-05,0.00897222757339478,0.0203030109405518,0.0210685729980469,0.0387638211250305,0.00800502300262451,0.0193055272102356,0.00300824642181396,0.00746101140975952,0.0160971879959106,0.00312179327011108,0.00650686025619507,0.00844436883926392,0.023956298828125,0.0189669728279114,0.0340995192527771,0.065339982509613,0.028846263885498,0.00675809383392334,0.0307647585868835,0.00386154651641846,0.0536096692085266,0.0494223237037659,0.0497637391090393,0.0343173146247864,0.00784808397293091,0.00408720970153809,0.0202566981315613,0.00666290521621704,0.0709265470504761,0.0589889287948608,0.0422757863998413,0.000406563282012939,0.0282992124557495,0.0355526208877563,0.0157323479652405,0.0244020223617554,0.0185548067092896,0.0418899655342102,0.0196008682250977,0.00690001249313354,0.0125605463981628,0.0357805490493774,0.0804902911186218,0.0183650851249695,0.0155400633811951,0.0509028434753418,0.0468713045120239,0.0125526785850525,0.0192132592201233,0.0568113923072815,0.0160838961601257,0.0540456175804138,0.0427663326263428,0.0347552895545959,0.0680659413337708,0.032260537147522,0.0729623436927795,0.00644832849502563,0.00122660398483276,0.051329493522644,0.0663987398147583,0.067212700843811,0.00809621810913086,0.0448879599571228,0.0537116527557373,0.0635507106781006,0.025732696056366,0.0746825337409973,0.0736410617828369,0.0817700028419495,0.0744026899337769,0.0543716549873352,0.103270709514618
"22093042",0.0242316722869873,0.0304714441299438,0.00372129678726196,0.0582344532012939,0.0192561745643616,0.00781911611557007,0.0098305344581604,0.0192566514015198,0.00819873809814453,0.0222237706184387,0.035576343536377,0.065723180770874,0.0310292840003967,0.0739423632621765,0.0114749073982239,0.0219128131866455,0.00305891036987305,0.0111881494522095,0.00865203142166138,0.00608545541763306,0.107551217079163,0.0121123194694519,0.0107953548431396,0.0333813428878784,0.0462929606437683,0.0409165620803833,0.0291562676429749,0.00445622205734253,0.0333101749420166,0.031270444393158,0.0413251519203186,0.00249594449996948,0.00459486246109009,0.0277323126792908,0.0106047391891479,0.000726878643035889,0.00809955596923828,0.00245755910873413,0.0518197417259216,0.0287755131721497,0.0245811343193054,0.0101636648178101,0.0108887553215027,0.0201048254966736,0.0272669792175293,0.0511773228645325,0.00386476516723633,0.0346148014068604,0.0387981534004211,0.0159933567047119,0.0394799113273621,0.0271807909011841,0.0612056255340576,0.0591303706169128,0.0186470746994019,0.00609099864959717,0.00981509685516357,0.0411199927330017,0.077558696269989,0.0582400560379028,0.0636535882949829,0.0278341174125671,0.00882923603057861,0.0477465391159058,0.0406365990638733,0.0900594592094421,0.0248211026191711,0.0581786632537842,0.0630995631217957,0.0494681000709534,0.0364452600479126,0.0454232692718506,0.0346438884735107,0,0.0474294424057007,0.0944998860359192,0.0453771948814392,0.00786900520324707,0.00373733043670654,0.0849673748016357,0.0817030668258667,0.059184193611145,0.0978130698204041,0.0928637981414795,0.113179504871368,0.0382420420646667,0.0970730781555176,0.0931418538093567,0.101071238517761,0.09336256980896,0.0695087909698486,0.0599316358566284,0.101477146148682,0.0923988819122314,0.0863916277885437,0.0463055372238159,0.0736010670661926,0.111208736896515,0.101713955402374,0.0511806011199951,0.0748245120048523,0.00924742221832275,0.00466418266296387,0.0364625453948975,0.0152873992919922,0.0693666934967041,0.0425696969032288,0.0386511087417603,0.0264013409614563,0.0569199323654175,0.0164342522621155,0.0172767639160156,0.0236230492591858,0.000234901905059814,0.0393570065498352,0.0267733335494995,0.0379104018211365,0.0666021108627319,0.0359881520271301,0.0347407460212708,0.0436161160469055,0.0549468994140625,0.0557124614715576,0.00411993265151978,0.0426489114761353,0.0539494156837463,0.0316356420516968,0.0271828770637512,0.0507410764694214,0.0315220952033997,0.0411507487297058,0.0430882573127747,0.0586001873016357,0.0536108613014221,0.000544369220733643,0.0306960940361023,0.0634901523590088,0.0278857946395874,0.0038791298866272,0.0307823419570923,0.0882535576820374,0.0840662121772766,0.08440762758255,0.000326573848724365,0.0267958045005798,0.0305566787719727,0.054900586605072,0.0279809832572937,0.105570435523987,0.0936328172683716,0.0769196748733521,0.0350504517555237,0.0629431009292603,0.000908732414245605,0.0503762364387512,0.0102418661117554,0.0531986951828003,0.0765338540077209,0.0542447566986084,0.0415439009666443,0.0472044348716736,0.0704244375228882,0.115134179592133,0.0530089735984802,0.0501839518547058,0.0855467319488525,0.0815151929855347,0.0220912098884583,0.053857147693634,0.0914552807807922,0.018559992313385,0.0886895060539246,0.0774102210998535,0.0693991780281067,0.102709829807281,0.0669044256210327,0.10760623216629,0.0410922169685364,0.033417284488678,0.0859733819961548,0.101042628288269,0.101856589317322,0.0265476703643799,0.0795318484306335,0.088355541229248,0.0981945991516113,0.0603765845298767,0.109326422214508,0.108284950256348,0.11641389131546,0.109046578407288,0.0890155434608459,0.137914597988129
"22093043",0.0231977701187134,0.0169579982757568,0.0511507391929626,0.0108050107955933,0.0281732678413391,0.0552485585212708,0.0572599768638611,0.0666860938072205,0.0556281805038452,0.025205671787262,0.0118530988693237,0.0182937383651733,0.0784587264060974,0.0265129208564758,0.0359545350074768,0.0693422555923462,0.0443705320358276,0.0586175918579102,0.0387774109840393,0.0535148978233337,0.0601217746734619,0.0595417618751526,0.036634087562561,0.0808107852935791,0.00113648176193237,0.088346004486084,0.0765857100486755,0.0429732203483582,0.0141192674636841,0.0786998867988586,0.0887545943260193,0.0499253869056702,0.0520243048667908,0.0196971297264099,0.0580341815948486,0.0481563210487366,0.055528998374939,0.0449718832969666,0.0992491841316223,0.0762049555778503,0.0720105767250061,0.0575931072235107,0.0583181977272034,0.0273246169090271,0.07469642162323,0.0986067652702332,0.051294207572937,0.082044243812561,0.0862275958061218,0.0314360857009888,0.00794953107833862,0.0746102333068848,0.108635067939758,0.106559813022614,0.0287823677062988,0.0535204410552979,0.0572445392608643,0.0885494351387024,0.12498813867569,0.105669498443604,0.111083030700684,0.0752635598182678,0.0386002063751221,0.0951759815216064,0.088066041469574,0.137488901615143,0.0722505450248718,0.105608105659485,0.110529005527496,0.0968975424766541,0.0838747024536133,0.0928527116775513,0.0820733308792114,0.0474294424057007,0,0.14192932844162,0.0928066372871399,0.0395604372024536,0.0436921119689941,0.132396817207336,0.129132509231567,0.106613636016846,0.145242512226105,0.14029324054718,0.160608947277069,0.0856714844703674,0.144502520561218,0.140571296215057,0.148500680923462,0.140792012214661,0.116938233375549,0.107361078262329,0.148906588554382,0.139828324317932,0.133821070194244,0.0937349796295166,0.121030509471893,0.158638179302216,0.149143397808075,0.0986100435256958,0.122253954410553,0.0566768646240234,0.0427652597427368,0.0838919878005981,0.0627168416976929,0.116796135902405,0.0899991393089294,0.0860805511474609,0.073830783367157,0.104349374771118,0.0309951901435852,0.0647062063217163,0.0238063931465149,0.0476643443107605,0.0867864489555359,0.0742027759552002,0.0853398442268372,0.0191726684570312,0.0834175944328308,0.0821701884269714,0.0910455584526062,0.102376341819763,0.103141903877258,0.0433095097541809,0.0900783538818359,0.101378858089447,0.0790650844573975,0.0746123194694519,0.0981705188751221,0.0789515376091003,0.0885801911354065,0.0905176997184753,0.106029629707336,0.101040303707123,0.0479738116264343,0.0167333483695984,0.110919594764709,0.0753152370452881,0.0513085722923279,0.078211784362793,0.135683000087738,0.131495654582977,0.131837069988251,0.047756016254425,0.0742252469062805,0.0779861211776733,0.102330029010773,0.0754104256629944,0.152999877929688,0.141062259674072,0.124349117279053,0.0824798941612244,0.110372543334961,0.0465207099914551,0.0978056788444519,0.0576713085174561,0.100628137588501,0.123963296413422,0.101674199104309,0.088973343372345,0.0946338772773743,0.117853879928589,0.162563621997833,0.100438416004181,0.0976133942604065,0.132976174354553,0.128944635391235,0.0695206522941589,0.101286590099335,0.138884723186493,0.0659894347190857,0.136118948459625,0.124839663505554,0.116828620433807,0.150139272212982,0.114333868026733,0.155035674571991,0.0885216593742371,0.0808467268943787,0.133402824401855,0.14847207069397,0.149286031723022,0.0739771127700806,0.126961290836334,0.135784983634949,0.145624041557312,0.107806026935577,0.156755864620209,0.155714392662048,0.163843333721161,0.156476020812988,0.136444985866547,0.185344040393829
"22094036",0.118731558322906,0.124971330165863,0.0907785892486572,0.152734339237213,0.113756060600281,0.0866807699203491,0.0846693515777588,0.0752432346343994,0.0863011479377747,0.116723656654358,0.130076229572296,0.160223066806793,0.0634706020355225,0.168442249298096,0.105974793434143,0.0725870728492737,0.0975587964057922,0.0833117365837097,0.103151917457581,0.0884144306182861,0.202051103115082,0.0823875665664673,0.105295240879059,0.0611185431480408,0.140792846679688,0.0535833239555359,0.0653436183929443,0.0989561080932617,0.127810060977936,0.0632294416427612,0.0531747341156006,0.0920039415359497,0.0899050235748291,0.12223219871521,0.0838951468467712,0.0937730073928833,0.0864003300666809,0.0969574451446533,0.0426801443099976,0.0657243728637695,0.0699187517166138,0.0843362212181091,0.0836111307144165,0.114604711532593,0.0672329068183899,0.0433225631713867,0.0906351208686829,0.0598850846290588,0.055701732635498,0.110493242740631,0.133979797363281,0.0673190951347351,0.0332942605018616,0.0353695154190063,0.113146960735321,0.088408887386322,0.0846847891807556,0.0533798933029175,0.0169411897659302,0.0362598299980164,0.0308462977409363,0.0666657686233521,0.103329122066498,0.0467533469200134,0.0538632869720459,0.00444042682647705,0.069678783416748,0.036321222782135,0.0314003229141235,0.0450317859649658,0.0580546259880066,0.0490766167640686,0.0598559975624084,0.0944998860359192,0.14192932844162,0,0.04912269115448,0.102368891239166,0.0982372164726257,0.00953251123428345,0.0127968192100525,0.0353156924247742,0.00331318378448486,0.0016360878944397,0.0186796188354492,0.0562578439712524,0.00257319211959839,0.0013580322265625,0.00657135248184204,0.00113731622695923,0.0249910950660706,0.0345682501792908,0.00697726011276245,0.00210100412368774,0.00810825824737549,0.0481943488121033,0.0208988189697266,0.0167088508605957,0.00721406936645508,0.0433192849159241,0.0196753740310669,0.0852524638175964,0.0991640686988831,0.0580373406410217,0.079212486743927,0.0251331925392151,0.0519301891326904,0.0558487772941589,0.0680985450744629,0.0375799536705017,0.110934138298035,0.0772231221199036,0.118122935295105,0.0942649841308594,0.055142879486084,0.0677265524864197,0.0565894842147827,0.161101996898651,0.0585117340087891,0.0597591400146484,0.0508837699890137,0.0395529866218567,0.0387874245643616,0.098619818687439,0.0518509745597839,0.0405504703521729,0.0628642439842224,0.067317008972168,0.0437588095664978,0.0629777908325195,0.0533491373062134,0.0514116287231445,0.0358996987342834,0.0408890247344971,0.0939555168151855,0.125195980072021,0.0310097336769104,0.0666140913963318,0.090620756149292,0.0637175440788269,0.00624632835388184,0.0104336738586426,0.0100922584533691,0.0941733121871948,0.0677040815353394,0.0639432072639465,0.0395992994308472,0.0665189027786255,0.0110705494880676,0.000867068767547607,0.0175802111625671,0.0594494342803955,0.0315567851066589,0.0954086184501648,0.044123649597168,0.0842580199241638,0.0413011908531189,0.0179660320281982,0.0402551293373108,0.0529559850692749,0.0472954511642456,0.024075448513031,0.0206342935562134,0.041490912437439,0.0443159341812134,0.00895315408706665,0.0129846930503845,0.0724086761474609,0.0406427383422852,0.00304460525512695,0.0759398937225342,0.00581037998199463,0.0170896649360657,0.0251007080078125,0.0082099437713623,0.0275954604148865,0.0131063461303711,0.0534076690673828,0.0610826015472412,0.0085265040397644,0.00654274225234985,0.00735670328140259,0.0679522156715393,0.0149680376052856,0.00614434480667114,0.00369471311569214,0.0341233015060425,0.0148265361785889,0.0137850642204285,0.021914005279541,0.0145466923713684,0.00548434257507324,0.0434147119522095
"22094038",0.0696088671684265,0.0758486390113831,0.0416558980941772,0.103611648082733,0.0646333694458008,0.0375580787658691,0.0355466604232788,0.0261205434799194,0.0371784567832947,0.0676009654998779,0.0809535384178162,0.111100375652313,0.0143479108810425,0.119319558143616,0.0568521022796631,0.0234643816947937,0.0484361052513123,0.0341890454292297,0.0540292263031006,0.0392917394638062,0.152928411960602,0.0332648754119873,0.0561725497245789,0.0119958519935608,0.0916701555252075,0.00446063280105591,0.0162209272384644,0.0498334169387817,0.0786873698234558,0.0141067504882812,0.00405204296112061,0.0428812503814697,0.0407823324203491,0.07310950756073,0.0347724556922913,0.0446503162384033,0.0372776389122009,0.0478347539901733,0.00644254684448242,0.0166016817092896,0.0207960605621338,0.0352135300636292,0.0344884395599365,0.0654820203781128,0.0181102156639099,0.00580012798309326,0.0415124297142029,0.0107623934745789,0.00657904148101807,0.0613705515861511,0.0848571062088013,0.0181964039802551,0.0158284306526184,0.0137531757354736,0.0640242695808411,0.039286196231842,0.0355620980262756,0.0042572021484375,0.0321815013885498,0.0128628611564636,0.0182763934135437,0.0175430774688721,0.0542064309120178,0.00236934423446655,0.00474059581756592,0.0446822643280029,0.0205560922622681,0.012801468372345,0.0177223682403564,0.00409090518951416,0.00893193483352661,4.6074390411377e-05,0.0107333064079285,0.0453771948814392,0.0928066372871399,0.04912269115448,0,0.0532462000846863,0.0491145253181458,0.0395901799201965,0.0363258719444275,0.0138069987297058,0.0524358749389648,0.0474866032600403,0.0678023099899292,0.00713515281677246,0.0516958832740784,0.0477646589279175,0.055694043636322,0.0479853749275208,0.0241315960884094,0.0145544409751892,0.0560999512672424,0.0470216870307922,0.0410144329071045,0.000928342342376709,0.0282238721847534,0.0658315420150757,0.0563367605209351,0.00580340623855591,0.0294473171234131,0.0361297726631165,0.0500413775444031,0.00891464948654175,0.030089795589447,0.0239894986152649,0.00280749797821045,0.00672608613967896,0.0189758539199829,0.0115427374839783,0.0618114471435547,0.0281004309654236,0.069000244140625,0.0451422929763794,0.006020188331604,0.0186038613319397,0.00746679306030273,0.111979305744171,0.00938904285430908,0.0106364488601685,0.00176107883453369,0.00956970453262329,0.0103352665901184,0.049497127532959,0.00272828340530396,0.00857222080230713,0.0137415528297424,0.018194317817688,0.00536388158798218,0.0138550996780396,0.0042264461517334,0.00228893756866455,0.0132229924201965,0.00823366641998291,0.0448328256607056,0.0760732889175415,0.0181129574775696,0.0174914002418518,0.041498064994812,0.0145948529243469,0.0428763628005981,0.0386890172958374,0.0390304327011108,0.0450506210327148,0.0185813903808594,0.0148205161094666,0.00952339172363281,0.0173962116241455,0.0601932406425476,0.0482556223869324,0.0315424799919128,0.0103267431259155,0.017565906047821,0.0462859272956848,0.00499904155731201,0.0351353287696838,0.00782150030136108,0.0311566591262817,0.00886756181716919,0.00383329391479492,0.00182723999023438,0.025047242641449,0.0697569847106934,0.00763177871704102,0.0048067569732666,0.0401695370674133,0.0361379981040955,0.023285984992981,0.00847995281219482,0.046078085899353,0.0268172025680542,0.0433123111724854,0.0320330262184143,0.0240219831466675,0.0573326349258423,0.0215272307395935,0.0622290372848511,0.00428497791290283,0.0119599103927612,0.0405961871147156,0.0556654334068298,0.0564793944358826,0.0188295245170593,0.0341546535491943,0.0429783463478088,0.0528174042701721,0.0149993896484375,0.0639492273330688,0.0629077553749084,0.071036696434021,0.0636693835258484,0.0436383485794067,0.0925374031066895
"22094041",0.0163626670837402,0.0226024389266968,0.011590301990509,0.0503654479980469,0.0113871693611145,0.0156881213188171,0.0176995396614075,0.0271256566047668,0.0160677433013916,0.0143547654151917,0.0277073383331299,0.057854175567627,0.0388982892036438,0.0660733580589294,0.00360590219497681,0.0297818183898926,0.00481009483337402,0.0190571546554565,0.000783026218414307,0.0139544606208801,0.0996822118759155,0.019981324672699,0.00292634963989258,0.0412503480911255,0.0384239554405212,0.0487855672836304,0.0370252728462219,0.00341278314590454,0.0254411697387695,0.039139449596405,0.0491941571235657,0.0103649497032166,0.0124638676643372,0.0198633074760437,0.018473744392395,0.00859588384628296,0.0159685611724854,0.00541144609451294,0.0596887469291687,0.0366445183753967,0.0324501395225525,0.0180326700210571,0.0187577605247498,0.0122358202934265,0.0351359844207764,0.0590463280677795,0.0117337703704834,0.0424838066101074,0.0466671586036682,0.00812435150146484,0.031610906124115,0.0350497961044312,0.0690746307373047,0.0669993758201599,0.0107780694961548,0.0139600038528442,0.0176841020584106,0.0489889979362488,0.0854277014732361,0.0661090612411499,0.07152259349823,0.0357031226158142,0.000960230827331543,0.0556155443191528,0.0485056042671204,0.0979284644126892,0.0326901078224182,0.0660476684570312,0.0709685683250427,0.0573371052742004,0.0443142652511597,0.0532922744750977,0.0425128936767578,0.00786900520324707,0.0395604372024536,0.102368891239166,0.0532462000846863,0,0.00413167476654053,0.0928363800048828,0.0895720720291138,0.0670531988143921,0.105682075023651,0.100732803344727,0.121048510074615,0.0461110472679138,0.104942083358765,0.101010859012604,0.108940243721008,0.101231575012207,0.0773777961730957,0.0678006410598755,0.109346151351929,0.100267887115479,0.0942606329917908,0.054174542427063,0.0814700722694397,0.119077742099762,0.109582960605621,0.0590496063232422,0.0826935172080994,0.0171164274215698,0.0032048225402832,0.0443315505981445,0.0231564044952393,0.0772356986999512,0.0504387021064758,0.0465201139450073,0.0342703461647034,0.0647889375686646,0.00856524705886841,0.0251457691192627,0.0157540440559387,0.00810390710830688,0.0472260117530823,0.0346423387527466,0.0457794070243835,0.0587331056594849,0.0438571572303772,0.0426097512245178,0.0514851212501526,0.0628159046173096,0.0635814666748047,0.00374907255172729,0.0505179166793823,0.0618184208869934,0.0395046472549438,0.0350518822669983,0.0586100816726685,0.0393911004066467,0.0490197539329529,0.0509572625160217,0.0664691925048828,0.0614798665046692,0.00841337442398071,0.0228270888328552,0.0713591575622559,0.0357547998428345,0.0117481350898743,0.0386513471603394,0.0961225628852844,0.0919352173805237,0.0922766327857971,0.00819557905197144,0.0346648097038269,0.0384256839752197,0.0627695918083191,0.0358499884605408,0.113439440727234,0.101501822471619,0.0847886800765991,0.0429194569587708,0.0708121061325073,0.00696027278900146,0.0582452416419983,0.0181108713150024,0.0610677003860474,0.084402859210968,0.0621137619018555,0.0494129061698914,0.0550734400749207,0.0782934427261353,0.12300318479538,0.0608779788017273,0.0580529570579529,0.0934157371520996,0.0893841981887817,0.0299602150917053,0.0617261528968811,0.0993242859840393,0.0264289975166321,0.0965585112571716,0.0852792263031006,0.0772681832313538,0.110578835010529,0.0747734308242798,0.115475237369537,0.0489612221717834,0.041286289691925,0.0938423871994019,0.108911633491516,0.109725594520569,0.034416675567627,0.0874008536338806,0.0962245464324951,0.106063604354858,0.0682455897331238,0.117195427417755,0.116153955459595,0.124282896518707,0.116915583610535,0.096884548664093,0.145783603191376
"22094042",0.0204943418502808,0.0267341136932373,0.00745862722396851,0.0544971227645874,0.015518844127655,0.0115564465522766,0.0135678648948669,0.0229939818382263,0.0119360685348511,0.0184864401817322,0.0318390130996704,0.0619858503341675,0.0347666144371033,0.07020503282547,0.00773757696151733,0.0256501436233521,0.000678420066833496,0.014925479888916,0.00491470098495483,0.0098227858543396,0.103813886642456,0.0158496499061584,0.00705802440643311,0.037118673324585,0.0425556302070618,0.0446538925170898,0.0328935980796814,0.000718891620635986,0.0295728445053101,0.0350077748298645,0.0450624823570251,0.00623327493667603,0.00833219289779663,0.0239949822425842,0.0143420696258545,0.00446420907974243,0.0118368864059448,0.00127977132797241,0.0555570721626282,0.0325128436088562,0.028318464756012,0.0139009952545166,0.0146260857582092,0.016367495059967,0.0310043096542358,0.054914653301239,0.00760209560394287,0.0383521318435669,0.0425354838371277,0.0122560262680054,0.0357425808906555,0.0309181213378906,0.0649429559707642,0.0628677010536194,0.0149097442626953,0.00982832908630371,0.0135524272918701,0.0448573231697083,0.0812960267066956,0.0619773864746094,0.0673909187316895,0.0315714478492737,0.00509190559387207,0.0514838695526123,0.0443739295005798,0.0937967896461487,0.0285584330558777,0.0619159936904907,0.0668368935585022,0.0532054305076599,0.0401825904846191,0.0491605997085571,0.0383812189102173,0.00373733043670654,0.0436921119689941,0.0982372164726257,0.0491145253181458,0.00413167476654053,0,0.0887047052383423,0.0854403972625732,0.0629215240478516,0.101550400257111,0.096601128578186,0.116916835308075,0.0419793725013733,0.100810408592224,0.0968791842460632,0.104808568954468,0.0970999002456665,0.0732461214065552,0.063668966293335,0.105214476585388,0.096136212348938,0.0901289582252502,0.0500428676605225,0.0773383975028992,0.114946067333221,0.105451285839081,0.0549179315567017,0.0785618424415588,0.0129847526550293,0.000926852226257324,0.040199875831604,0.0190247297286987,0.0731040239334106,0.0463070273399353,0.0423884391784668,0.0301386713981628,0.060657262802124,0.0126969218254089,0.0210140943527222,0.0198857188224792,0.00397223234176636,0.0430943369865417,0.0305106639862061,0.041647732257843,0.0628647804260254,0.0397254824638367,0.0384780764579773,0.0473534464836121,0.058684229850769,0.0594497919082642,0.000382602214813232,0.0463862419128418,0.0576867461204529,0.0353729724884033,0.0309202075004578,0.0544784069061279,0.0352594256401062,0.0448880791664124,0.0468255877494812,0.0623375177383423,0.0573481917381287,0.00428169965744019,0.0269587635993958,0.0672274827957153,0.0316231250762939,0.00761646032333374,0.0345196723937988,0.0919908881187439,0.0878035426139832,0.0881449580192566,0.00406390428543091,0.0305331349372864,0.0342940092086792,0.0586379170417786,0.0317183136940002,0.109307765960693,0.0973701477050781,0.0806570053100586,0.0387877821922302,0.0666804313659668,0.00282859802246094,0.0541135668754578,0.0139791965484619,0.0569360256195068,0.0802711844444275,0.0579820871353149,0.0452812314033508,0.0509417653083801,0.0741617679595947,0.118871510028839,0.0567463040351868,0.0539212822914124,0.0892840623855591,0.0852525234222412,0.0258285403251648,0.0575944781303406,0.0951926112174988,0.0222973227500916,0.0924268364906311,0.0811475515365601,0.0731365084648132,0.106447160243988,0.0706417560577393,0.111343562602997,0.0448295474052429,0.0371546149253845,0.0897107124328613,0.104779958724976,0.105593919754028,0.0302850008010864,0.0832691788673401,0.0920928716659546,0.101931929588318,0.0641139149665833,0.113063752651215,0.112022280693054,0.120151221752167,0.112783908843994,0.0927528738975525,0.141651928424835
"22095038",0.109199047088623,0.11543881893158,0.0812460780143738,0.14320182800293,0.104223549365997,0.0771482586860657,0.0751368403434753,0.065710723400116,0.0767686367034912,0.107191145420074,0.120543718338013,0.15069055557251,0.053938090801239,0.158909738063812,0.0964422821998596,0.0630545616149902,0.0880262851715088,0.0737792253494263,0.0936194062232971,0.0788819193840027,0.192518591880798,0.0728550553321838,0.0957627296447754,0.0515860319137573,0.131260335445404,0.0440508127212524,0.0558111071586609,0.0894235968589783,0.118277549743652,0.0536969304084778,0.0436422228813171,0.0824714303016663,0.0803725123405457,0.112699687480927,0.0743626356124878,0.0842404961585999,0.0768678188323975,0.0874249339103699,0.0331476330757141,0.0561918616294861,0.0603862404823303,0.0748037099838257,0.0740786194801331,0.105072200298309,0.0577003955841064,0.0337900519371033,0.0811026096343994,0.0503525733947754,0.0461692214012146,0.100960731506348,0.124447286128998,0.0577865839004517,0.0237617492675781,0.0258370041847229,0.103614449501038,0.0788763761520386,0.0751522779464722,0.043847382068634,0.00740867853164673,0.0267273187637329,0.0213137865066528,0.0571332573890686,0.0937966108322144,0.03722083568573,0.0443307757377625,0.0050920844078064,0.0601462721824646,0.0267887115478516,0.0218678116798401,0.0354992747306824,0.0485221147537231,0.0395441055297852,0.050323486328125,0.0849673748016357,0.132396817207336,0.00953251123428345,0.0395901799201965,0.0928363800048828,0.0887047052383423,0,0.00326430797576904,0.0257831811904907,0.0128456950187683,0.00789642333984375,0.0282121300697327,0.046725332736969,0.0121057033538818,0.00817447900772095,0.0161038637161255,0.00839519500732422,0.0154585838317871,0.0250357389450073,0.0165097713470459,0.0074315071105957,0.00142425298690796,0.0386618375778198,0.0113663077354431,0.0262413620948792,0.0167465806007385,0.0337867736816406,0.0101428627967834,0.075719952583313,0.0896315574645996,0.0485048294067383,0.0696799755096436,0.0156006813049316,0.042397677898407,0.0463162660598755,0.0585660338401794,0.0280474424362183,0.101401627063751,0.0676906108856201,0.108590424060822,0.0847324728965759,0.0456103682518005,0.0581940412521362,0.0470569729804993,0.151569485664368,0.0489792227745056,0.050226628780365,0.0413512587547302,0.0300204753875732,0.0292549133300781,0.0890873074531555,0.0423184633255005,0.0310179591178894,0.053331732749939,0.0577844977378845,0.0342262983322144,0.0534452795982361,0.0438166260719299,0.0418791174888611,0.0263671875,0.0313565135002136,0.0844230055809021,0.115663468837738,0.021477222442627,0.0570815801620483,0.0810882449150085,0.0541850328445435,0.00328618288040161,0.000901162624359131,0.000559747219085693,0.0846408009529114,0.0581715703010559,0.0544106960296631,0.0300667881965637,0.056986391544342,0.0206030607223511,0.00866544246673584,0.00804769992828369,0.0499169230461121,0.0220242738723755,0.0858761072158813,0.0345911383628845,0.0747255086898804,0.0317686796188354,0.00843352079391479,0.0307226181030273,0.0434234738349915,0.0377629399299622,0.0145429372787476,0.0301668047904968,0.0319584012031555,0.0347834229469299,0.000579357147216797,0.00345218181610107,0.0628761649131775,0.0311102271080017,0.00648790597915649,0.0664073824882507,0.00372213125228882,0.00755715370178223,0.0155681967735291,0.0177424550056458,0.018062949180603,0.0226388573646545,0.0438751578330994,0.0515500903129578,0.00100600719451904,0.0160752534866333,0.016889214515686,0.0584197044372559,0.0054355263710022,0.0033881664276123,0.0132272243499756,0.024590790271759,0.0243590474128723,0.0233175754547119,0.0314465165138245,0.0240792036056519,0.00404816865921021,0.0529472231864929
"22095039",0.105934739112854,0.112174510955811,0.0779817700386047,0.139937520027161,0.100959241390228,0.0738839507102966,0.0718725323677063,0.0624464154243469,0.0735043287277222,0.103926837444305,0.117279410362244,0.147426247596741,0.05067378282547,0.155645430088043,0.0931779742240906,0.0597902536392212,0.0847619771957397,0.0705149173736572,0.0903550982475281,0.0756176114082336,0.189254283905029,0.0695907473564148,0.0924984216690063,0.0483217239379883,0.127996027469635,0.0407865047454834,0.0525467991828918,0.0861592888832092,0.115013241767883,0.0504326224327087,0.0403779149055481,0.0792071223258972,0.0771082043647766,0.109435379505157,0.0710983276367188,0.0809761881828308,0.0736035108566284,0.0841606259346008,0.0298833250999451,0.052927553653717,0.0571219325065613,0.0715394020080566,0.070814311504364,0.10180789232254,0.0544360876083374,0.0305257439613342,0.0778383016586304,0.0470882654190063,0.0429049134254456,0.0976964235305786,0.121182978153229,0.0545222759246826,0.0204974412918091,0.0225726962089539,0.100350141525269,0.0756120681762695,0.0718879699707031,0.040583074092865,0.00414437055587769,0.0234630107879639,0.0180494785308838,0.0538689494132996,0.0905323028564453,0.0339565277099609,0.0410664677619934,0.00835639238357544,0.0568819642066956,0.0235244035720825,0.018603503704071,0.0322349667549133,0.0452578067779541,0.0362797975540161,0.047059178352356,0.0817030668258667,0.129132509231567,0.0127968192100525,0.0363258719444275,0.0895720720291138,0.0854403972625732,0.00326430797576904,0,0.0225188732147217,0.0161100029945374,0.0111607313156128,0.0314764380455017,0.0434610247612,0.0153700113296509,0.01143878698349,0.0193681716918945,0.0116595029830933,0.0121942758560181,0.0217714309692383,0.0197740793228149,0.0106958150863647,0.004688560962677,0.0353975296020508,0.00810199975967407,0.0295056700706482,0.0200108885765076,0.0305224657058716,0.0068785548210144,0.0724556446075439,0.0863672494888306,0.0452405214309692,0.0664156675338745,0.0123363733291626,0.0391333699226379,0.0430519580841064,0.0553017258644104,0.0247831344604492,0.0981373190879822,0.0644263029098511,0.105326116085052,0.0814681649208069,0.0423460602760315,0.0549297332763672,0.0437926650047302,0.148305177688599,0.0457149147987366,0.0469623208045959,0.0380869507789612,0.0267561674118042,0.0259906053543091,0.0858229994773865,0.0390541553497314,0.0277536511421204,0.0500674247741699,0.0545201897621155,0.0309619903564453,0.050180971622467,0.0405523180961609,0.038614809513092,0.023102879524231,0.0280922055244446,0.0811586976051331,0.112399160861969,0.0182129144668579,0.0538172721862793,0.0778239369392395,0.0509207248687744,0.00655049085617065,0.00236314535140991,0.00270456075668335,0.0813764929771423,0.0549072623252869,0.051146388053894,0.0268024802207947,0.053722083568573,0.0238673686981201,0.0119297504425049,0.00478339195251465,0.046652615070343,0.0187599658966064,0.0826117992401123,0.0313268303871155,0.0714612007141113,0.0285043716430664,0.00516921281814575,0.0274583101272583,0.0401591658592224,0.0344986319541931,0.0112786293029785,0.0334311127662659,0.0286940932273865,0.0315191149711609,0.00384366512298584,0.000187873840332031,0.0596118569374084,0.0278459191322327,0.00975221395492554,0.0631430745124817,0.00698643922805786,0.00429284572601318,0.01230388879776,0.0210067629814148,0.014798641204834,0.0259031653404236,0.0406108498573303,0.0482857823371887,0.00427031517028809,0.0193395614624023,0.0201535224914551,0.0551553964614868,0.00217121839523315,0.00665247440338135,0.0164915323257446,0.02132648229599,0.0276233553886414,0.026581883430481,0.0347108244895935,0.0273435115814209,0.00731247663497925,0.056211531162262
"22095040",0.0834158658981323,0.0896556377410889,0.0554628968238831,0.117418646812439,0.0784403681755066,0.051365077495575,0.0493536591529846,0.0399275422096252,0.0509854555130005,0.0814079642295837,0.094760537147522,0.124907374382019,0.0281549096107483,0.133126556873322,0.0706591010093689,0.0372713804244995,0.0622431039810181,0.0479960441589355,0.0678362250328064,0.053098738193512,0.166735410690308,0.0470718741416931,0.0699795484542847,0.0258028507232666,0.105477154254913,0.0182676315307617,0.0300279259681702,0.0636404156684875,0.0924943685531616,0.0279137492179871,0.0178590416908264,0.0566882491111755,0.0545893311500549,0.0869165062904358,0.0485794544219971,0.0584573149681091,0.0510846376419067,0.0616417527198792,0.00736445188522339,0.0304086804389954,0.0346030592918396,0.049020528793335,0.0482954382896423,0.0792890191078186,0.0319172143936157,0.00800687074661255,0.0553194284439087,0.0245693922042847,0.0203860402107239,0.0751775503158569,0.0986641049385071,0.0320034027099609,0.0020214319229126,5.38229942321777e-05,0.0778312683105469,0.0530931949615479,0.0493690967559814,0.0180642008781433,0.018374502658844,0.000944137573242188,0.00446939468383789,0.0313500761985779,0.0680134296417236,0.0114376544952393,0.0185475945472717,0.0308752655982971,0.0343630909919739,0.00100553035736084,0.00391536951065063,0.00971609354019165,0.0227389335632324,0.0137609243392944,0.0245403051376343,0.059184193611145,0.106613636016846,0.0353156924247742,0.0138069987297058,0.0670531988143921,0.0629215240478516,0.0257831811904907,0.0225188732147217,0,0.038628876209259,0.0336796045303345,0.0539953112602234,0.0209421515464783,0.0378888845443726,0.0339576601982117,0.0418870449066162,0.0341783761978149,0.0103245973587036,0.000747442245483398,0.0422929525375366,0.0332146883010864,0.0272074341773987,0.0128786563873291,0.0144168734550476,0.0520245432853699,0.0425297617912292,0.0080035924911499,0.0156403183937073,0.0499367713928223,0.0638483762741089,0.0227216482162476,0.0438967943191528,0.0101824998855591,0.0166144967079163,0.0205330848693848,0.0327828526496887,0.00226426124572754,0.0756184458732605,0.0419074296951294,0.0828072428703308,0.0589492917060852,0.0198271870613098,0.0324108600616455,0.0212737917900085,0.125786304473877,0.0231960415840149,0.0244434475898743,0.0155680775642395,0.00423729419708252,0.0034717321395874,0.0633041262626648,0.0165352821350098,0.00523477792739868,0.0275485515594482,0.0320013165473938,0.00844311714172363,0.0276620984077454,0.0180334448814392,0.0160959362983704,0.000584006309509277,0.0055733323097229,0.0586398243904114,0.0898802876472473,0.00430595874786377,0.0312983989715576,0.0553050637245178,0.0284018516540527,0.0290693640708923,0.0248820185661316,0.025223433971405,0.0588576197624207,0.0323883891105652,0.0286275148391724,0.004283607006073,0.0312032103538513,0.0463862419128418,0.0344486236572266,0.017735481262207,0.0241337418556213,0.00375890731811523,0.0600929260253906,0.0088079571723938,0.0489423274993896,0.00598549842834473,0.0173496603965759,0.00493943691253662,0.0176402926445007,0.0119797587394714,0.0112402439117432,0.0559499859809875,0.00617522001266479,0.00900024175643921,0.0263625383377075,0.0223309993743896,0.0370929837226868,0.00532704591751099,0.0322710871696472,0.04062420129776,0.0295053124427795,0.0182260274887085,0.0102149844169617,0.0435256361961365,0.0077202320098877,0.0484220385551453,0.0180919766426086,0.025766909122467,0.0267891883850098,0.041858434677124,0.0426723957061768,0.0326365232467651,0.0203476548194885,0.029171347618103,0.0390104055404663,0.00119239091873169,0.050142228603363,0.0491007566452026,0.0572296977043152,0.0498623847961426,0.0298313498497009,0.0787304043769836
"22096037",0.122044742107391,0.128284513950348,0.0940917730331421,0.156047523021698,0.117069244384766,0.089993953704834,0.0879825353622437,0.0785564184188843,0.0896143317222595,0.120036840438843,0.133389413356781,0.163536250591278,0.0667837858200073,0.171755433082581,0.109287977218628,0.0759002566337585,0.100871980190277,0.0866249203681946,0.106465101242065,0.091727614402771,0.205364286899567,0.0857007503509521,0.108608424663544,0.0644317269325256,0.144106030464172,0.0568965077400208,0.0686568021774292,0.102269291877747,0.131123244762421,0.0665426254272461,0.0564879179000854,0.0953171253204346,0.093218207359314,0.125545382499695,0.0872083306312561,0.0970861911773682,0.0897135138511658,0.100270628929138,0.0459933280944824,0.0690375566482544,0.0732319355010986,0.087649405002594,0.0869243144989014,0.117917895317078,0.0705460906028748,0.0466357469558716,0.0939483046531677,0.0631982684135437,0.0590149164199829,0.113806426525116,0.137292981147766,0.07063227891922,0.0366074442863464,0.0386826992034912,0.116460144519806,0.0917220711708069,0.0879979729652405,0.0566930770874023,0.020254373550415,0.0395730137825012,0.0341594815254211,0.0699789524078369,0.106642305850983,0.0500665307044983,0.0571764707565308,0.00775361061096191,0.0729919672012329,0.0396344065666199,0.0347135066986084,0.0483449697494507,0.0613678097724915,0.0523898005485535,0.0631691813468933,0.0978130698204041,0.145242512226105,0.00331318378448486,0.0524358749389648,0.105682075023651,0.101550400257111,0.0128456950187683,0.0161100029945374,0.038628876209259,0,0.00494927167892456,0.0153664350509644,0.0595710277557373,0.000739991664886475,0.00467121601104736,0.00325816869735718,0.00445050001144409,0.0283042788505554,0.0378814339637756,0.00366407632827759,0.00541418790817261,0.0114214420318604,0.0515075325965881,0.0242120027542114,0.0133956670761108,0.00390088558197021,0.0466324687004089,0.0229885578155518,0.0885656476020813,0.102477252483368,0.0613505244255066,0.0825256705284119,0.0284463763237,0.0552433729171753,0.0591619610786438,0.0714117288589478,0.0408931374549866,0.11424732208252,0.0805363059043884,0.12143611907959,0.0975781679153442,0.0584560632705688,0.0710397362709045,0.0599026679992676,0.164415180683136,0.0618249177932739,0.0630723237991333,0.0541969537734985,0.0428661704063416,0.0421006083488464,0.101933002471924,0.0551641583442688,0.0438636541366577,0.0661774277687073,0.0706301927566528,0.0470719933509827,0.0662909746170044,0.0566623210906982,0.0547248125076294,0.0392128825187683,0.0442022085189819,0.0972687005996704,0.128509163856506,0.0343229174613953,0.0699272751808167,0.0939339399337769,0.0670307278633118,0.0095595121383667,0.0137468576431274,0.013405442237854,0.0974864959716797,0.0710172653198242,0.0672563910484314,0.042912483215332,0.0698320865631104,0.00775736570358276,0.00418025255203247,0.020893394947052,0.0627626180648804,0.0348699688911438,0.0987218022346497,0.0474368333816528,0.0875712037086487,0.0446143746376038,0.0212792158126831,0.0435683131217957,0.0562691688537598,0.0506086349487305,0.0273886322975159,0.0173211097717285,0.0448040962219238,0.0476291179656982,0.0122663378715515,0.0162978768348694,0.0757218599319458,0.04395592212677,0.00635778903961182,0.079253077507019,0.00912356376647949,0.0204028487205505,0.0284138917922974,0.00489675998687744,0.0309086441993713,0.00979316234588623,0.0567208528518677,0.0643957853317261,0.0118396878242493,0.00322955846786499,0.00404351949691772,0.0712653994560242,0.0182812213897705,0.00945752859115601,0.000381529331207275,0.0374364852905273,0.011513352394104,0.0104718804359436,0.0186008214950562,0.0112335085868835,0.00879752635955811,0.0401015281677246
"22096039",0.117095470428467,0.123335242271423,0.0891425013542175,0.151098251342773,0.112119972705841,0.0850446820259094,0.0830332636833191,0.0736071467399597,0.084665060043335,0.115087568759918,0.128440141677856,0.158586978912354,0.0618345141410828,0.166806161403656,0.104338705539703,0.070950984954834,0.0959227085113525,0.08167564868927,0.101515829563141,0.0867783427238464,0.200415015220642,0.0807514786720276,0.103659152984619,0.0594824552536011,0.139156758785248,0.0519472360610962,0.0637075304985046,0.097320020198822,0.126173973083496,0.0615933537483215,0.0515386462211609,0.09036785364151,0.0882689356803894,0.12059611082077,0.0822590589523315,0.0921369194984436,0.0847642421722412,0.0953213572502136,0.0410440564155579,0.0640882849693298,0.0682826638221741,0.0827001333236694,0.0819750428199768,0.112968623638153,0.0655968189239502,0.041686475276947,0.0889990329742432,0.0582489967346191,0.0540656447410583,0.108857154846191,0.132343709468842,0.0656830072402954,0.0316581726074219,0.0337334275245667,0.111510872840881,0.0867727994918823,0.0830487012863159,0.0517438054084778,0.0153051018714905,0.0346237421035767,0.0292102098464966,0.0650296807289124,0.101693034172058,0.0451172590255737,0.0522271990776062,0.00280433893203735,0.0680426955223083,0.0346851348876953,0.0297642350196838,0.0433956980705261,0.0564185380935669,0.0474405288696289,0.0582199096679688,0.0928637981414795,0.14029324054718,0.0016360878944397,0.0474866032600403,0.100732803344727,0.096601128578186,0.00789642333984375,0.0111607313156128,0.0336796045303345,0.00494927167892456,0,0.0203157067298889,0.0546217560768127,0.00420928001403809,0.000278055667877197,0.00820744037628174,0.000498771667480469,0.0233550071716309,0.0329321622848511,0.00861334800720215,0.000464916229248047,0.00647217035293579,0.0465582609176636,0.0192627310752869,0.0183449387550354,0.00885015726089478,0.0416831970214844,0.0180392861366272,0.0836163759231567,0.0975279808044434,0.056401252746582,0.0775763988494873,0.0234971046447754,0.0502941012382507,0.0542126893997192,0.0664624571800232,0.035943865776062,0.109298050403595,0.0755870342254639,0.116486847400665,0.0926288962364197,0.0535067915916443,0.06609046459198,0.054953396320343,0.159465909004211,0.0568756461143494,0.0581230521202087,0.049247682094574,0.037916898727417,0.0371513366699219,0.0969837307929993,0.0502148866653442,0.0389143824577332,0.0612281560897827,0.0656809210777283,0.0421227216720581,0.0613417029380798,0.0517130494117737,0.0497755408287048,0.0342636108398438,0.0392529368400574,0.0923194289207458,0.123559892177582,0.0293736457824707,0.0649780035018921,0.0889846682548523,0.0620814561843872,0.00461024045944214,0.00879758596420288,0.00845617055892944,0.0925372242927551,0.0660679936408997,0.0623071193695068,0.0379632115364075,0.0648828148841858,0.0127066373825073,0.00076901912689209,0.0159441232681274,0.0578133463859558,0.0299206972122192,0.0937725305557251,0.0424875617027283,0.0826219320297241,0.0396651029586792,0.0163299441337585,0.0386190414428711,0.0513198971748352,0.0456593632698059,0.0224393606185913,0.0222703814506531,0.0398548245429993,0.0426798462867737,0.00731706619262695,0.0113486051559448,0.0707725882530212,0.0390066504478455,0.00140851736068726,0.0743038058280945,0.00417429208755493,0.015453577041626,0.0234646201133728,0.009846031665802,0.0259593725204468,0.0147424340248108,0.0517715811729431,0.0594465136528015,0.00689041614532471,0.00817883014678955,0.00899279117584229,0.0663161277770996,0.0133319497108459,0.00450825691223145,0.00533080101013184,0.0324872136116028,0.0164626240730286,0.0154211521148682,0.0235500931739807,0.0161827802658081,0.00384825468063354,0.0450507998466492
"22097036",0.137411177158356,0.143650949001312,0.109458208084106,0.171413958072662,0.13243567943573,0.105360388755798,0.103348970413208,0.0939228534698486,0.104980766773224,0.135403275489807,0.148755848407745,0.178902685642242,0.0821502208709717,0.187121868133545,0.124654412269592,0.0912666916847229,0.116238415241241,0.101991355419159,0.12183153629303,0.107094049453735,0.220730721950531,0.101067185401917,0.123974859714508,0.07979816198349,0.159472465515137,0.0722629427909851,0.0840232372283936,0.117635726928711,0.146489679813385,0.0819090604782104,0.0718543529510498,0.110683560371399,0.108584642410278,0.140911817550659,0.10257476568222,0.112452626228333,0.10507994890213,0.115637063980103,0.0613597631454468,0.0844039916992188,0.088598370552063,0.103015840053558,0.102290749549866,0.133284330368042,0.0859125256538391,0.0620021820068359,0.109314739704132,0.0785647034645081,0.0743813514709473,0.12917286157608,0.15265941619873,0.0859987139701843,0.0519738793373108,0.0540491342544556,0.13182657957077,0.107088506221771,0.103364408016205,0.0720595121383667,0.0356208086013794,0.0549394488334656,0.0495259165763855,0.0853453874588013,0.122008740901947,0.0654329657554626,0.0725429058074951,0.0231200456619263,0.0883584022521973,0.0550008416175842,0.0500799417495728,0.063711404800415,0.0767342448234558,0.0677562355995178,0.0785356163978577,0.113179504871368,0.160608947277069,0.0186796188354492,0.0678023099899292,0.121048510074615,0.116916835308075,0.0282121300697327,0.0314764380455017,0.0539953112602234,0.0153664350509644,0.0203157067298889,0,0.0749374628067017,0.0161064267158508,0.0200376510620117,0.0121082663536072,0.0198169350624084,0.0436707139015198,0.05324786901474,0.0117023587226868,0.020780622959137,0.0267878770828247,0.0668739676475525,0.0395784378051758,0.00197076797485352,0.0114655494689941,0.0619989037513733,0.0383549928665161,0.103932082653046,0.117843687534332,0.0767169594764709,0.0978921055793762,0.0438128113746643,0.0706098079681396,0.0745283961296082,0.0867781639099121,0.0562595725059509,0.129613757133484,0.0959027409553528,0.136802554130554,0.112944602966309,0.0738224983215332,0.0864061713218689,0.0752691030502319,0.1797816157341,0.0771913528442383,0.0784387588500977,0.0695633888244629,0.0582326054573059,0.0574670433998108,0.117299437522888,0.0705305933952332,0.0592300891876221,0.0815438628196716,0.0859966278076172,0.062438428401947,0.0816574096679688,0.0720287561416626,0.0700912475585938,0.0545793175697327,0.0595686435699463,0.112635135650635,0.143875598907471,0.0496893525123596,0.085293710231781,0.109300374984741,0.0823971629142761,0.0249259471893311,0.0291132926940918,0.0287718772888184,0.112852931022644,0.0863837003707886,0.0826228260993958,0.0582789182662964,0.0851985216140747,0.00760906934738159,0.0195466876029968,0.0362598299980164,0.0781290531158447,0.0502364039421082,0.114088237285614,0.0628032684326172,0.102937638759613,0.0599808096885681,0.0366456508636475,0.05893474817276,0.0716356039047241,0.0659750699996948,0.0427550673484802,0.00195467472076416,0.0601705312728882,0.0629955530166626,0.0276327729225159,0.0316643118858337,0.0910882949829102,0.0593223571777344,0.0217242240905762,0.0946195125579834,0.0244899988174438,0.0357692837715149,0.0437803268432617,0.0104696750640869,0.0462750792503357,0.00557327270507812,0.072087287902832,0.0797622203826904,0.0272061228752136,0.0121368765830994,0.0113229155540466,0.0866318345069885,0.0336476564407349,0.0248239636421204,0.0149849057197571,0.0528029203414917,0.00385308265686035,0.00489455461502075,0.0032343864440918,0.00413292646408081,0.0241639614105225,0.0247350931167603
"22097041",0.0624737143516541,0.0687134861946106,0.0345207452774048,0.0964764952659607,0.0574982166290283,0.0304229259490967,0.0284115076065063,0.018985390663147,0.0300433039665222,0.0604658126831055,0.0738183856010437,0.103965222835541,0.00721275806427002,0.112184405326843,0.0497169494628906,0.0163292288780212,0.0413009524345398,0.0270538926124573,0.0468940734863281,0.0321565866470337,0.145793259143829,0.0261297225952148,0.0490373969078064,0.00486069917678833,0.0845350027084351,0.00267452001571655,0.00908577442169189,0.0426982641220093,0.0715522170066833,0.00697159767150879,0.00308310985565186,0.0357460975646973,0.0336471796035767,0.0659743547439575,0.0276373028755188,0.0375151634216309,0.0301424860954285,0.0406996011734009,0.0135776996612549,0.00946652889251709,0.0136609077453613,0.0280783772468567,0.0273532867431641,0.0583468675613403,0.0109750628471375,0.0129352807998657,0.0343772768974304,0.0036272406578064,0.000556111335754395,0.0542353987693787,0.0777219533920288,0.0110612511634827,0.0229635834693909,0.0208883285522461,0.0568891167640686,0.0321510434150696,0.0284269452095032,0.00287795066833496,0.0393166542053223,0.0199980139732361,0.0254115462303162,0.0104079246520996,0.0470712780952454,0.00950449705123901,0.00239455699920654,0.0518174171447754,0.0134209394454956,0.0199366211891174,0.0248575210571289,0.0112260580062866,0.00179678201675415,0.00718122720718384,0.00359815359115601,0.0382420420646667,0.0856714844703674,0.0562578439712524,0.00713515281677246,0.0461110472679138,0.0419793725013733,0.046725332736969,0.0434610247612,0.0209421515464783,0.0595710277557373,0.0546217560768127,0.0749374628067017,0,0.0588310360908508,0.0548998117446899,0.0628291964530945,0.0551205277442932,0.0312667489051819,0.0216895937919617,0.0632351040840149,0.0541568398475647,0.048149585723877,0.00806349515914917,0.0353590250015259,0.0729666948318481,0.0634719133377075,0.0129385590553284,0.0365824699401855,0.028994619846344,0.0429062247276306,0.00177949666976929,0.0229546427726746,0.0311246514320374,0.00432765483856201,0.000409066677093506,0.0118407011032104,0.0186778903007507,0.0546762943267822,0.0209652781486511,0.0618650913238525,0.0380071401596069,0.00111496448516846,0.0114687085151672,0.000331640243530273,0.104844152927399,0.00225389003753662,0.003501296043396,0.00537407398223877,0.0167048573493958,0.0174704194068909,0.0423619747161865,0.00440686941146851,0.0157073736190796,0.00660640001296997,0.0110591650009155,0.0124990344047546,0.00671994686126709,0.00290870666503906,0.00484621524810791,0.020358145236969,0.0153688192367554,0.0376976728439331,0.068938136100769,0.025248110294342,0.0103562474250793,0.0343629121780396,0.00745970010757446,0.0500115156173706,0.0458241701126099,0.0461655855178833,0.0379154682159424,0.0114462375640869,0.00768536329269409,0.0166585445404053,0.010261058807373,0.0673283934593201,0.0553907752037048,0.0386776328086853,0.00319159030914307,0.0247010588645935,0.0391507744789124,0.0121341943740845,0.0280001759529114,0.0149566531181335,0.0382918119430542,0.0160027146339417,0.00330185890197754,0.00896239280700684,0.0321823954582214,0.0768921375274658,0.0147669315338135,0.0119419097900391,0.0473046898841858,0.0432731509208679,0.0161508321762085,0.0156151056289673,0.0532132387161255,0.0196820497512817,0.0504474639892578,0.0391681790351868,0.0311571359634399,0.0644677877426147,0.028662383556366,0.0693641901016235,0.00285017490386963,0.00482475757598877,0.047731339931488,0.0628005862236023,0.063614547252655,0.0116943717002869,0.0412898063659668,0.0501134991645813,0.0599525570869446,0.02213454246521,0.0710843801498413,0.0700429081916809,0.0781718492507935,0.0708045363426208,0.0507735013961792,0.0996725559234619
"22098040",0.121304750442505,0.127544522285461,0.0933517813682556,0.155307531356812,0.116329252719879,0.0892539620399475,0.0872425436973572,0.0778164267539978,0.088874340057373,0.119296848773956,0.132649421691895,0.162796258926392,0.0660437941551208,0.171015441417694,0.108547985553741,0.0751602649688721,0.100131988525391,0.0858849287033081,0.105725109577179,0.0909876227378845,0.20462429523468,0.0849607586860657,0.107868432998657,0.0636917352676392,0.143366038799286,0.0561565160751343,0.0679168105125427,0.10152930021286,0.130383253097534,0.0658026337623596,0.055747926235199,0.0945771336555481,0.0924782156944275,0.124805390834808,0.0864683389663696,0.0963461995124817,0.0889735221862793,0.0995306372642517,0.0452533364295959,0.0682975649833679,0.0724919438362122,0.0869094133377075,0.0861843228340149,0.117177903652191,0.0698060989379883,0.0458957552909851,0.0932083129882812,0.0624582767486572,0.0582749247550964,0.113066434860229,0.13655298948288,0.0698922872543335,0.03586745262146,0.0379427075386047,0.115720152854919,0.0909820795059204,0.087257981300354,0.0559530854225159,0.0195143818855286,0.0388330221176147,0.0334194898605347,0.0692389607429504,0.105902314186096,0.0493265390396118,0.0564364790916443,0.00701361894607544,0.0722519755363464,0.0388944149017334,0.0339735150337219,0.0476049780845642,0.060627818107605,0.051649808883667,0.0624291896820068,0.0970730781555176,0.144502520561218,0.00257319211959839,0.0516958832740784,0.104942083358765,0.100810408592224,0.0121057033538818,0.0153700113296509,0.0378888845443726,0.000739991664886475,0.00420928001403809,0.0161064267158508,0.0588310360908508,0,0.00393122434616089,0.00399816036224365,0.00371050834655762,0.0275642871856689,0.0371414422988892,0.00440406799316406,0.00467419624328613,0.0106814503669739,0.0507675409317017,0.023472011089325,0.0141356587409973,0.00464087724685669,0.0458924770355225,0.0222485661506653,0.0878256559371948,0.101737260818481,0.0606105327606201,0.0817856788635254,0.0277063846588135,0.0545033812522888,0.0584219694137573,0.0706717371940613,0.0401531457901001,0.113507330417633,0.079796314239502,0.120696127414703,0.0968381762504578,0.0577160716056824,0.0702997446060181,0.0591626763343811,0.16367518901825,0.0610849261283875,0.0623323321342468,0.0534569621086121,0.0421261787414551,0.04136061668396,0.101193010807037,0.0544241666793823,0.0431236624717712,0.0654374361038208,0.0698902010917664,0.0463320016860962,0.0655509829521179,0.0559223294258118,0.0539848208427429,0.0384728908538818,0.0434622168540955,0.0965287089347839,0.12776917219162,0.0335829257965088,0.0691872835159302,0.0931939482688904,0.0662907361984253,0.00881952047348022,0.013006865978241,0.0126654505729675,0.0967465043067932,0.0702772736549377,0.0665163993835449,0.0421724915504456,0.0690920948982239,0.00849735736846924,0.003440260887146,0.0201534032821655,0.0620226263999939,0.0341299772262573,0.0979818105697632,0.0466968417167664,0.0868312120437622,0.0438743829727173,0.0205392241477966,0.0428283214569092,0.0555291771888733,0.049868643283844,0.0266486406326294,0.018061101436615,0.0440641045570374,0.0468891263008118,0.011526346206665,0.0155578851699829,0.0749818682670593,0.0432159304618835,0.00561779737472534,0.0785130858421326,0.00838357210159302,0.0196628570556641,0.0276739001274109,0.00563675165176392,0.0301686525344849,0.0105331540107727,0.0559808611869812,0.0636557936668396,0.0110996961593628,0.00396955013275146,0.0047835111618042,0.0705254077911377,0.017541229724884,0.00871753692626953,0.00112152099609375,0.0366964936256409,0.0122533440589905,0.0112118721008301,0.0193408131599426,0.01197350025177,0.00805753469467163,0.0408415198326111
"22098041",0.117373526096344,0.123613297939301,0.0894205570220947,0.151376307010651,0.112398028373718,0.0853227376937866,0.0833113193511963,0.0738852024078369,0.0849431157112122,0.115365624427795,0.128718197345734,0.158865034580231,0.06211256980896,0.167084217071533,0.104616761207581,0.0712290406227112,0.0962007641792297,0.0819537043571472,0.101793885231018,0.0870563983917236,0.200693070888519,0.0810295343399048,0.103937208652496,0.0597605109214783,0.139434814453125,0.0522252917289734,0.0639855861663818,0.0975980758666992,0.126452028751373,0.0618714094161987,0.0518167018890381,0.0906459093093872,0.0885469913482666,0.120874166488647,0.0825371146202087,0.0924149751663208,0.0850422978401184,0.0955994129180908,0.0413221120834351,0.064366340637207,0.0685607194900513,0.0829781889915466,0.082253098487854,0.11324667930603,0.0658748745918274,0.0419645309448242,0.0892770886421204,0.0585270524024963,0.0543437004089355,0.109135210514069,0.132621765136719,0.0659610629081726,0.0319362282752991,0.0340114831924438,0.111788928508759,0.0870508551597595,0.0833267569541931,0.052021861076355,0.0155831575393677,0.0349017977714539,0.0294882655143738,0.0653077363967896,0.101971089839935,0.0453953146934509,0.0525052547454834,0.00308239459991455,0.0683207511901855,0.0349631905555725,0.030042290687561,0.0436737537384033,0.0566965937614441,0.0477185845375061,0.0584979653358459,0.0931418538093567,0.140571296215057,0.0013580322265625,0.0477646589279175,0.101010859012604,0.0968791842460632,0.00817447900772095,0.01143878698349,0.0339576601982117,0.00467121601104736,0.000278055667877197,0.0200376510620117,0.0548998117446899,0.00393122434616089,0,0.00792938470840454,0.000220715999603271,0.0236330628395081,0.0332102179527283,0.00833529233932495,0.000742971897125244,0.00675022602081299,0.0468363165855408,0.0195407867431641,0.0180668830871582,0.00857210159301758,0.0419612526893616,0.0183173418045044,0.0838944315910339,0.0978060364723206,0.0566793084144592,0.0778544545173645,0.0237751603126526,0.0505721569061279,0.0544907450675964,0.0667405128479004,0.0362219214439392,0.109576106071472,0.0758650898933411,0.116764903068542,0.0929069519042969,0.0537848472595215,0.0663685202598572,0.0552314519882202,0.159743964672089,0.0571537017822266,0.0584011077880859,0.0495257377624512,0.0381949543952942,0.0374293923377991,0.0972617864608765,0.0504929423332214,0.0391924381256104,0.0615062117576599,0.0659589767456055,0.0424007773399353,0.061619758605957,0.0519911050796509,0.050053596496582,0.0345416665077209,0.0395309925079346,0.092597484588623,0.123837947845459,0.0296517014503479,0.0652560591697693,0.0892627239227295,0.0623595118522644,0.00488829612731934,0.00907564163208008,0.00873422622680664,0.0928152799606323,0.0663460493087769,0.062585175037384,0.0382412672042847,0.065160870552063,0.0124285817146301,0.000490963459014893,0.0162221789360046,0.058091402053833,0.0301987528800964,0.0940505862236023,0.0427656173706055,0.0828999876976013,0.0399431586265564,0.0166079998016357,0.0388970971107483,0.0515979528427124,0.0459374189376831,0.0227174162864685,0.0219923257827759,0.0401328802108765,0.0429579019546509,0.00759512186050415,0.011626660823822,0.0710506439208984,0.0392847061157227,0.00168657302856445,0.0745818614959717,0.00445234775543213,0.0157316327095032,0.02374267578125,0.0095679759979248,0.026237428188324,0.0144643783569336,0.0520496368408203,0.0597245693206787,0.0071684718132019,0.00790077447891235,0.00871473550796509,0.0665941834449768,0.0136100053787231,0.00478631258010864,0.00505274534225464,0.03276526927948,0.0161845684051514,0.015143096446991,0.0232720375061035,0.0159047245979309,0.00412631034851074,0.044772744178772
"22099038",0.125302910804749,0.131542682647705,0.0973499417304993,0.159305691719055,0.120327413082123,0.0932521224021912,0.0912407040596008,0.0818145871162415,0.0928725004196167,0.1232950091362,0.136647582054138,0.166794419288635,0.0700419545173645,0.175013601779938,0.112546145915985,0.0791584253311157,0.104130148887634,0.0898830890655518,0.109723269939423,0.0949857831001282,0.208622455596924,0.0889589190483093,0.111866593360901,0.0676898956298828,0.14736419916153,0.0601546764373779,0.0719149708747864,0.105527460575104,0.134381413459778,0.0698007941246033,0.0597460865974426,0.0985752940177917,0.0964763760566711,0.128803551197052,0.0904664993286133,0.100344359874725,0.0929716825485229,0.103528797626495,0.0492514967918396,0.0722957253456116,0.0764901041984558,0.0909075736999512,0.0901824831962585,0.121176064014435,0.0738042593002319,0.0498939156532288,0.0972064733505249,0.0664564371109009,0.0622730851173401,0.117064595222473,0.140551149845123,0.0738904476165771,0.0398656129837036,0.0419408679008484,0.119718313217163,0.0949802398681641,0.0912561416625977,0.0599512457847595,0.0235125422477722,0.0428311824798584,0.0374176502227783,0.0732371211051941,0.10990047454834,0.0533246994018555,0.0604346394538879,0.0110117793083191,0.0762501358985901,0.0428925752639771,0.0379716753959656,0.0516031384468079,0.0646259784698486,0.0556479692459106,0.0664273500442505,0.101071238517761,0.148500680923462,0.00657135248184204,0.055694043636322,0.108940243721008,0.104808568954468,0.0161038637161255,0.0193681716918945,0.0418870449066162,0.00325816869735718,0.00820744037628174,0.0121082663536072,0.0628291964530945,0.00399816036224365,0.00792938470840454,0,0.00770866870880127,0.0315624475479126,0.0411396026611328,0.00040590763092041,0.00867235660552979,0.0146796107292175,0.0547657012939453,0.0274701714515686,0.0101374983787537,0.000642716884613037,0.0498906373977661,0.0262467265129089,0.0918238162994385,0.105735421180725,0.0646086931228638,0.085783839225769,0.0317045450210571,0.0585015416145325,0.062420129776001,0.0746698975563049,0.0441513061523438,0.117505490779877,0.0837944746017456,0.124694287776947,0.100836336612701,0.061714231967926,0.0742979049682617,0.0631608366966248,0.167673349380493,0.0650830864906311,0.0663304924964905,0.0574551224708557,0.0461243391036987,0.0453587770462036,0.105191171169281,0.058422327041626,0.0471218228340149,0.0694355964660645,0.07388836145401,0.0503301620483398,0.0695491433143616,0.0599204897880554,0.0579829812049866,0.0424710512161255,0.0474603772163391,0.100526869297028,0.131767332553864,0.0375810861587524,0.0731854438781738,0.097192108631134,0.0702888965606689,0.0128176808357239,0.0170050263404846,0.0166636109352112,0.100744664669037,0.0742754340171814,0.0705145597457886,0.0461706519126892,0.0730902552604675,0.00449919700622559,0.00743842124938965,0.0241515636444092,0.0660207867622375,0.038128137588501,0.101979970932007,0.05069500207901,0.0908293724060059,0.0478725433349609,0.0245373845100403,0.0468264818191528,0.0595273375511169,0.0538668036460876,0.030646800994873,0.0140629410743713,0.048062264919281,0.0508872866630554,0.0155245065689087,0.0195560455322266,0.078980028629303,0.0472140908241272,0.00961595773696899,0.0825112462043762,0.0123817324638367,0.0236610174179077,0.0316720604896545,0.00163859128952026,0.0341668128967285,0.00653499364852905,0.0599790215492249,0.0676539540290833,0.0150978565216064,2.86102294921875e-05,0.000785350799560547,0.0745235681533813,0.0215393900871277,0.0127156972885132,0.0028766393661499,0.0406946539878845,0.00825518369674683,0.00721371173858643,0.015342652797699,0.00797533988952637,0.0120556950569153,0.0368433594703674
"22099039",0.117594242095947,0.123834013938904,0.089641273021698,0.151597023010254,0.112618744373322,0.0855434536933899,0.0835320353507996,0.0741059184074402,0.0851638317108154,0.115586340427399,0.128938913345337,0.159085750579834,0.0623332858085632,0.167304933071136,0.104837477207184,0.0714497566223145,0.096421480178833,0.0821744203567505,0.102014601230621,0.0872771143913269,0.200913786888123,0.0812502503395081,0.1041579246521,0.0599812269210815,0.139655530452728,0.0524460077285767,0.0642063021659851,0.0978187918663025,0.126672744750977,0.062092125415802,0.0520374178886414,0.0908666253089905,0.0887677073478699,0.121094882488251,0.082757830619812,0.0926356911659241,0.0852630138397217,0.0958201289176941,0.0415428280830383,0.0645870566368103,0.0687814354896545,0.0831989049911499,0.0824738144874573,0.113467395305634,0.0660955905914307,0.0421852469444275,0.0894978046417236,0.0587477684020996,0.0545644164085388,0.109355926513672,0.132842481136322,0.0661817789077759,0.0321569442749023,0.0342321991920471,0.112009644508362,0.0872715711593628,0.0835474729537964,0.0522425770759583,0.0158038735389709,0.0351225137710571,0.0297089815139771,0.0655284523963928,0.102191805839539,0.0456160306930542,0.0527259707450867,0.00330311059951782,0.0685414671897888,0.0351839065551758,0.0302630066871643,0.0438944697380066,0.0569173097610474,0.0479393005371094,0.0587186813354492,0.09336256980896,0.140792012214661,0.00113731622695923,0.0479853749275208,0.101231575012207,0.0970999002456665,0.00839519500732422,0.0116595029830933,0.0341783761978149,0.00445050001144409,0.000498771667480469,0.0198169350624084,0.0551205277442932,0.00371050834655762,0.000220715999603271,0.00770866870880127,0,0.0238537788391113,0.0334309339523315,0.00811457633972168,0.000963687896728516,0.00697094202041626,0.047057032585144,0.0197615027427673,0.0178461670875549,0.00835138559341431,0.0421819686889648,0.0185380578041077,0.0841151475906372,0.0980267524719238,0.0569000244140625,0.0780751705169678,0.0239958763122559,0.0507928729057312,0.0547114610671997,0.0669612288475037,0.0364426374435425,0.109796822071075,0.0760858058929443,0.116985619068146,0.0931276679039001,0.0540055632591248,0.0665892362594604,0.0554521679878235,0.159964680671692,0.0573744177818298,0.0586218237876892,0.0497464537620544,0.0384156703948975,0.0376501083374023,0.0974825024604797,0.0507136583328247,0.0394131541252136,0.0617269277572632,0.0661796927452087,0.0426214933395386,0.0618404746055603,0.0522118210792542,0.0502743124961853,0.0347623825073242,0.0397517085075378,0.0928182005882263,0.124058663845062,0.0298724174499512,0.0654767751693726,0.0894834399223328,0.0625802278518677,0.00510901212692261,0.00929635763168335,0.00895494222640991,0.0930359959602356,0.0665667653083801,0.0628058910369873,0.0384619832038879,0.0653815865516663,0.0122078657150269,0.000270247459411621,0.0164428949356079,0.0583121180534363,0.0304194688796997,0.0942713022232056,0.0429863333702087,0.0831207036972046,0.0401638746261597,0.016828715801239,0.0391178131103516,0.0518186688423157,0.0461581349372864,0.0229381322860718,0.0217716097831726,0.0403535962104797,0.0431786179542542,0.00781583786010742,0.0118473768234253,0.0712713599205017,0.0395054221153259,0.00190728902816772,0.074802577495575,0.0046730637550354,0.0159523487091064,0.0239633917808533,0.00934725999832153,0.0264581441879272,0.0142436623573303,0.0522703528404236,0.059945285320282,0.00738918781280518,0.00768005847930908,0.00849401950836182,0.0668148994445801,0.0138307213783264,0.00500702857971191,0.00483202934265137,0.0329859852790833,0.0159638524055481,0.0149223804473877,0.0230513215065002,0.0156840085983276,0.00434702634811401,0.0445520281791687
"22099041",0.0937404632568359,0.0999802350997925,0.0657874941825867,0.127743244171143,0.0887649655342102,0.0616896748542786,0.0596782565116882,0.0502521395683289,0.0613100528717041,0.0917325615882874,0.105085134506226,0.135231971740723,0.0384795069694519,0.143451154232025,0.0809836983680725,0.0475959777832031,0.0725677013397217,0.0583206415176392,0.07816082239151,0.0634233355522156,0.177060008049011,0.0573964715003967,0.0803041458129883,0.0361274480819702,0.115801751613617,0.0285922288894653,0.0403525233268738,0.0739650130271912,0.102818965911865,0.0382383465766907,0.02818363904953,0.0670128464698792,0.0649139285087585,0.0972411036491394,0.0589040517807007,0.0687819123268127,0.0614092350006104,0.0719663500785828,0.017689049243927,0.040733277797699,0.0449276566505432,0.0593451261520386,0.0586200356483459,0.0896136164665222,0.0422418117523193,0.0183314681053162,0.0656440258026123,0.0348939895629883,0.0307106375694275,0.0855021476745605,0.108988702297211,0.0423280000686646,0.00830316543579102,0.0103784203529358,0.0881558656692505,0.0634177923202515,0.0596936941146851,0.0283887982368469,0.00804990530014038,0.0112687349319458,0.00585520267486572,0.0416746735572815,0.0783380270004272,0.0217622518539429,0.0288721919059753,0.0205506682395935,0.0446876883506775,0.0113301277160645,0.00640922784805298,0.0200406908988953,0.033063530921936,0.024085521697998,0.0348649024963379,0.0695087909698486,0.116938233375549,0.0249910950660706,0.0241315960884094,0.0773777961730957,0.0732461214065552,0.0154585838317871,0.0121942758560181,0.0103245973587036,0.0283042788505554,0.0233550071716309,0.0436707139015198,0.0312667489051819,0.0275642871856689,0.0236330628395081,0.0315624475479126,0.0238537788391113,0,0.00957715511322021,0.031968355178833,0.0228900909423828,0.0168828368186951,0.0232032537460327,0.00409227609634399,0.0416999459266663,0.0322051644325256,0.0183281898498535,0.00531572103500366,0.0602613687515259,0.0741729736328125,0.0330462455749512,0.0542213916778564,0.000142097473144531,0.0269390940666199,0.0308576822280884,0.0431074500083923,0.0125888586044312,0.0859430432319641,0.052232027053833,0.0931318402290344,0.0692738890647888,0.0301517844200134,0.0427354574203491,0.0315983891487122,0.136110901832581,0.0335206389427185,0.0347680449485779,0.0258926749229431,0.0145618915557861,0.013796329498291,0.0736287236213684,0.0268598794937134,0.0155593752861023,0.0378731489181519,0.0423259139060974,0.0187677145004272,0.037986695766449,0.0283580422401428,0.026420533657074,0.0109086036682129,0.0158979296684265,0.068964421749115,0.100204885005951,0.00601863861083984,0.0416229963302612,0.0656296610832214,0.0387264490127563,0.0187447667121887,0.014557421207428,0.0148988366127014,0.0691822171211243,0.0427129864692688,0.038952112197876,0.0146082043647766,0.0415278077125549,0.0360616445541382,0.0241240262985229,0.00741088390350342,0.034458339214325,0.00656569004058838,0.0704175233840942,0.0191325545310974,0.0592669248580933,0.0163100957870483,0.00702506303787231,0.0152640342712402,0.0279648900032043,0.022304356098175,0.000915646553039551,0.0456253886222839,0.0164998173713684,0.0193248391151428,0.0160379409790039,0.012006402015686,0.0474175810813904,0.0156516432762146,0.0219464898109436,0.0509487986564636,0.0191807150840759,0.00790143013000488,0.000109612941741943,0.0332010388374329,0.00260436534881592,0.0380974411964417,0.0284165740013123,0.0360915064811707,0.0164645910263062,0.0315338373184204,0.0323477983474731,0.0429611206054688,0.0100230574607849,0.0188467502593994,0.0286858081817627,0.00913220643997192,0.0398176312446594,0.038776159286499,0.0469051003456116,0.039537787437439,0.0195067524909973,0.06840580701828
"22099043",0.0841633081436157,0.0904030799865723,0.0562103390693665,0.118166089057922,0.07918781042099,0.0521125197410583,0.050101101398468,0.0406749844551086,0.0517328977584839,0.0821554064750671,0.0955079793930054,0.125654816627502,0.0289023518562317,0.133873999118805,0.0714065432548523,0.0380188226699829,0.0629905462265015,0.0487434864044189,0.0685836672782898,0.0538461804389954,0.167482852935791,0.0478193163871765,0.0707269906997681,0.02655029296875,0.106224596500397,0.0190150737762451,0.0307753682136536,0.0643878579139709,0.093241810798645,0.0286611914634705,0.0186064839363098,0.0574356913566589,0.0553367733955383,0.0876639485359192,0.0493268966674805,0.0592047572135925,0.0518320798873901,0.0623891949653625,0.00811189413070679,0.0311561226844788,0.035350501537323,0.0497679710388184,0.0490428805351257,0.080036461353302,0.0326646566390991,0.00875431299209595,0.0560668706893921,0.0253168344497681,0.0211334824562073,0.0759249925613403,0.0994115471839905,0.0327508449554443,0.0012739896774292,0.000801265239715576,0.0785787105560303,0.0538406372070312,0.0501165390014648,0.0188116431236267,0.0176270604133606,0.00169157981872559,0.00372195243835449,0.0320975184440613,0.068760871887207,0.0121850967407227,0.0192950367927551,0.0301278233528137,0.0351105332374573,0.00175297260284424,0.00316792726516724,0.010463535785675,0.0234863758087158,0.0145083665847778,0.0252877473831177,0.0599316358566284,0.107361078262329,0.0345682501792908,0.0145544409751892,0.0678006410598755,0.063668966293335,0.0250357389450073,0.0217714309692383,0.000747442245483398,0.0378814339637756,0.0329321622848511,0.05324786901474,0.0216895937919617,0.0371414422988892,0.0332102179527283,0.0411396026611328,0.0334309339523315,0.00957715511322021,0,0.0415455102920532,0.032467246055603,0.0264599919319153,0.0136260986328125,0.0136694312095642,0.0512771010398865,0.0417823195457458,0.0087510347366333,0.0148928761482239,0.0506842136383057,0.0645958185195923,0.023469090461731,0.0446442365646362,0.00943505764007568,0.0173619389533997,0.0212805271148682,0.0335302948951721,0.00301170349121094,0.0763658881187439,0.0426548719406128,0.0835546851158142,0.0596967339515686,0.0205746293067932,0.0331583023071289,0.0220212340354919,0.12653374671936,0.0239434838294983,0.0251908898353577,0.0163155198097229,0.00498473644256592,0.0042191743850708,0.0640515685081482,0.0172827243804932,0.00598222017288208,0.0282959938049316,0.0327487587928772,0.00919055938720703,0.0284095406532288,0.0187808871269226,0.0168433785438538,0.00133144855499268,0.0063207745552063,0.0593872666358948,0.0906277298927307,0.00355851650238037,0.032045841217041,0.0560525059700012,0.0291492938995361,0.0283219218254089,0.0241345763206482,0.0244759917259216,0.0596050620079041,0.0331358313560486,0.0293749570846558,0.0050310492515564,0.0319506525993347,0.0456387996673584,0.0337011814117432,0.0169880390167236,0.0248811841011047,0.00301146507263184,0.060840368270874,0.0095553994178772,0.049689769744873,0.00673294067382812,0.0166022181510925,0.00568687915802002,0.0183877348899841,0.0127272009849548,0.0104928016662598,0.0552025437355042,0.00692266225814819,0.00974768400192261,0.0256150960922241,0.0215835571289062,0.0378404259681702,0.00607448816299438,0.0315236449241638,0.0413716435432434,0.0287578701972961,0.0174785852432251,0.00946754217147827,0.0427781939506531,0.0069727897644043,0.0476745963096619,0.018839418888092,0.0265143513679504,0.0260417461395264,0.0411109924316406,0.0419249534606934,0.0333839654922485,0.0196002125740051,0.0284239053726196,0.0382629632949829,0.000444948673248291,0.0493947863578796,0.0483533143997192,0.0564822554588318,0.0491149425506592,0.0290839076042175,0.0779829621315002
"22100039",0.125708818435669,0.131948590278625,0.0977558493614197,0.159711599349976,0.120733320713043,0.0936580300331116,0.0916466116905212,0.0822204947471619,0.0932784080505371,0.12370091676712,0.137053489685059,0.167200326919556,0.0704478621482849,0.175419509410858,0.112952053546906,0.0795643329620361,0.104536056518555,0.0902889966964722,0.110129177570343,0.0953916907310486,0.209028363227844,0.0893648266792297,0.112272500991821,0.0680958032608032,0.14777010679245,0.0605605840682983,0.0723208785057068,0.105933368206024,0.134787321090698,0.0702067017555237,0.060151994228363,0.0989812016487122,0.0968822836875916,0.129209458827972,0.0908724069595337,0.100750267505646,0.0933775901794434,0.103934705257416,0.04965740442276,0.072701632976532,0.0768960118293762,0.0913134813308716,0.090588390827179,0.121581971645355,0.0742101669311523,0.0502998232841492,0.0976123809814453,0.0668623447418213,0.0626789927482605,0.117470502853394,0.140957057476044,0.0742963552474976,0.040271520614624,0.0423467755317688,0.120124220848083,0.0953861474990845,0.0916620492935181,0.0603571534156799,0.0239184498786926,0.0432370901107788,0.0378235578536987,0.0736430287361145,0.11030638217926,0.0537306070327759,0.0608405470848083,0.0114176869392395,0.0766560435295105,0.0432984828948975,0.038377583026886,0.0520090460777283,0.065031886100769,0.0560538768768311,0.0668332576751709,0.101477146148682,0.148906588554382,0.00697726011276245,0.0560999512672424,0.109346151351929,0.105214476585388,0.0165097713470459,0.0197740793228149,0.0422929525375366,0.00366407632827759,0.00861334800720215,0.0117023587226868,0.0632351040840149,0.00440406799316406,0.00833529233932495,0.00040590763092041,0.00811457633972168,0.031968355178833,0.0415455102920532,0,0.0090782642364502,0.0150855183601379,0.0551716089248657,0.027876079082489,0.00973159074783325,0.000236809253692627,0.0502965450286865,0.0266526341438293,0.0922297239303589,0.106141328811646,0.0650146007537842,0.0861897468566895,0.0321104526519775,0.0589074492454529,0.0628260374069214,0.0750758051872253,0.0445572137832642,0.117911398410797,0.084200382232666,0.125100195407867,0.101242244243622,0.0621201395988464,0.0747038125991821,0.0635667443275452,0.168079257011414,0.0654889941215515,0.0667364001274109,0.0578610301017761,0.0465302467346191,0.045764684677124,0.105597078800201,0.0588282346725464,0.0475277304649353,0.0698415040969849,0.0742942690849304,0.0507360696792603,0.069955050945282,0.0603263974189758,0.058388888835907,0.0428769588470459,0.0478662848472595,0.100932776927948,0.132173240184784,0.0379869937896729,0.0735913515090942,0.0975980162620544,0.0706948041915894,0.0132235884666443,0.017410933971405,0.0170695185661316,0.101150572299957,0.0746813416481018,0.070920467376709,0.0465765595436096,0.0734961628913879,0.00409328937530518,0.00784432888031006,0.0245574712753296,0.066426694393158,0.0385340452194214,0.102385878562927,0.0511009097099304,0.0912352800369263,0.0482784509658813,0.0249432921409607,0.0472323894500732,0.0599332451820374,0.0542727112770081,0.0310527086257935,0.0136570334434509,0.0484681725502014,0.0512931942939758,0.0159304141998291,0.019961953163147,0.0793859362602234,0.0476199984550476,0.0100218653678894,0.0829171538352966,0.0127876400947571,0.0240669250488281,0.032077968120575,0.00123268365859985,0.0345727205276489,0.00612908601760864,0.0603849291801453,0.0680598616600037,0.0155037641525269,0.000434517860412598,0.000379443168640137,0.0749294757843018,0.0219452977180481,0.0131216049194336,0.00328254699707031,0.0411005616188049,0.00784927606582642,0.00680780410766602,0.0149367451667786,0.00756943225860596,0.0124616026878357,0.036437451839447
"22100040",0.116630554199219,0.122870326042175,0.0886775851249695,0.150633335113525,0.111655056476593,0.0845797657966614,0.082568347454071,0.0731422305107117,0.0842001438140869,0.11462265253067,0.127975225448608,0.158122062683105,0.0613695979118347,0.166341245174408,0.103873789310455,0.0704860687255859,0.0954577922821045,0.081210732460022,0.101050913333893,0.0863134264945984,0.199950098991394,0.0802865624427795,0.103194236755371,0.059017539024353,0.138691842556,0.0514823198318481,0.0632426142692566,0.096855103969574,0.125709056854248,0.0611284375190735,0.0510737299919128,0.089902937412262,0.0878040194511414,0.120131194591522,0.0817941427230835,0.0916720032691956,0.0842993259429932,0.0948564410209656,0.0405791401863098,0.0636233687400818,0.067817747592926,0.0822352170944214,0.0815101265907288,0.112503707408905,0.0651319026947021,0.041221559047699,0.0885341167449951,0.0577840805053711,0.0536007285118103,0.108392238616943,0.131878793239594,0.0652180910110474,0.0311932563781738,0.0332685112953186,0.111045956611633,0.0863078832626343,0.0825837850570679,0.0512788891792297,0.0148401856422424,0.0341588258743286,0.0287452936172485,0.0645647644996643,0.10122811794281,0.0446523427963257,0.0517622828483582,0.00233942270278931,0.0675777792930603,0.0342202186584473,0.0292993187904358,0.0429307818412781,0.0559536218643188,0.0469756126403809,0.0577549934387207,0.0923988819122314,0.139828324317932,0.00210100412368774,0.0470216870307922,0.100267887115479,0.096136212348938,0.0074315071105957,0.0106958150863647,0.0332146883010864,0.00541418790817261,0.000464916229248047,0.020780622959137,0.0541568398475647,0.00467419624328613,0.000742971897125244,0.00867235660552979,0.000963687896728516,0.0228900909423828,0.032467246055603,0.0090782642364502,0,0.00600725412368774,0.0460933446884155,0.0187978148460388,0.0188098549842834,0.00931507349014282,0.0412182807922363,0.0175743699073792,0.0831514596939087,0.0970630645751953,0.055936336517334,0.0771114826202393,0.0230321884155273,0.0498291850090027,0.0537477731704712,0.0659975409507751,0.035478949546814,0.108833134174347,0.0751221179962158,0.116021931171417,0.0921639800071716,0.0530418753623962,0.0656255483627319,0.054488480091095,0.159000992774963,0.0564107298851013,0.0576581358909607,0.0487827658653259,0.0374519824981689,0.0366864204406738,0.0965188145637512,0.0497499704360962,0.0384494662284851,0.0607632398605347,0.0652160048484802,0.0416578054428101,0.0608767867088318,0.0512481331825256,0.0493106245994568,0.0337986946105957,0.0387880206108093,0.0918545126914978,0.123094975948334,0.0289087295532227,0.064513087272644,0.0885197520256042,0.0616165399551392,0.00414532423019409,0.00833266973495483,0.0079912543296814,0.0920723080635071,0.0656030774116516,0.0618422031402588,0.0374982953071594,0.0644178986549377,0.0131715536117554,0.00123393535614014,0.0154792070388794,0.0573484301567078,0.0294557809829712,0.0933076143264771,0.0420226454734802,0.0821570158004761,0.0392001867294312,0.0158650279045105,0.038154125213623,0.0508549809455872,0.0451944470405579,0.0219744443893433,0.0227352976799011,0.0393899083137512,0.0422149300575256,0.00685214996337891,0.0108836889266968,0.0703076720237732,0.0385417342185974,0.000943601131439209,0.0738388895988464,0.00370937585830688,0.0149886608123779,0.0229997038841248,0.01031094789505,0.0254944562911987,0.0152073502540588,0.0513066649436951,0.0589815974235535,0.00642549991607666,0.0086437463760376,0.00945770740509033,0.0658512115478516,0.0128670334815979,0.0040433406829834,0.00579571723937988,0.0320222973823547,0.0169275403022766,0.0158860683441162,0.0240150094032288,0.0166476964950562,0.0033833384513855,0.0455157160758972
"22100041",0.110623300075531,0.116863071918488,0.0826703310012817,0.144626080989838,0.105647802352905,0.0785725116729736,0.0765610933303833,0.0671349763870239,0.0781928896903992,0.108615398406982,0.121967971324921,0.152114808559418,0.055362343788147,0.16033399105072,0.0978665351867676,0.0644788146018982,0.0894505381584167,0.0752034783363342,0.0950436592102051,0.0803061723709106,0.193942844867706,0.0742793083190918,0.0971869826316833,0.0530102849006653,0.132684588432312,0.0454750657081604,0.0572353601455688,0.0908478498458862,0.11970180273056,0.0551211833953857,0.0450664758682251,0.0838956832885742,0.0817967653274536,0.114123940467834,0.0757868885993958,0.0856647491455078,0.0782920718193054,0.0888491868972778,0.0345718860626221,0.057616114616394,0.0618104934692383,0.0762279629707336,0.075502872467041,0.106496453285217,0.0591246485710144,0.0352143049240112,0.0825268626213074,0.0517768263816833,0.0475934743881226,0.102384984493256,0.125871539115906,0.0592108368873596,0.0251860022544861,0.0272612571716309,0.105038702487946,0.0803006291389465,0.0765765309333801,0.045271635055542,0.00883293151855469,0.0281515717506409,0.0227380394935608,0.0585575103759766,0.0952208638191223,0.0386450886726379,0.0457550287246704,0.00366783142089844,0.0615705251693726,0.0282129645347595,0.023292064666748,0.0369235277175903,0.0499463677406311,0.0409683585166931,0.051747739315033,0.0863916277885437,0.133821070194244,0.00810825824737549,0.0410144329071045,0.0942606329917908,0.0901289582252502,0.00142425298690796,0.004688560962677,0.0272074341773987,0.0114214420318604,0.00647217035293579,0.0267878770828247,0.048149585723877,0.0106814503669739,0.00675022602081299,0.0146796107292175,0.00697094202041626,0.0168828368186951,0.0264599919319153,0.0150855183601379,0.00600725412368774,0,0.0400860905647278,0.0127905607223511,0.0248171091079712,0.0153223276138306,0.0352110266685486,0.0115671157836914,0.0771442055702209,0.0910558104515076,0.0499290823936462,0.0711042284965515,0.0170249342918396,0.0438219308853149,0.0477405190467834,0.0599902868270874,0.0294716954231262,0.102825880050659,0.0691148638725281,0.110014677047729,0.0861567258834839,0.0470346212387085,0.0596182942390442,0.0484812259674072,0.152993738651276,0.0504034757614136,0.0516508817672729,0.0427755117416382,0.0314447283744812,0.0306791663169861,0.0905115604400635,0.0437427163124084,0.0324422121047974,0.0547559857368469,0.0592087507247925,0.0356505513191223,0.054869532585144,0.0452408790588379,0.043303370475769,0.027791440486908,0.0327807664871216,0.0858472585678101,0.117087721824646,0.0229014754295349,0.0585058331489563,0.0825124979019165,0.0556092858314514,0.00186192989349365,0.00232541561126709,0.00198400020599365,0.0860650539398193,0.0595958232879639,0.055834949016571,0.0314910411834717,0.05841064453125,0.0191788077354431,0.00724118947982788,0.00947195291519165,0.05134117603302,0.0234485268592834,0.0873003602027893,0.0360153913497925,0.0761497616767883,0.0331929326057434,0.00985777378082275,0.0321468710899353,0.0448477268218994,0.0391871929168701,0.0159671902656555,0.0287425518035889,0.0333826541900635,0.0362076759338379,0.000844895839691162,0.00487643480300903,0.0643004179000854,0.0325344800949097,0.00506365299224854,0.0678316354751587,0.00229787826538086,0.00898140668869019,0.016992449760437,0.0163182020187378,0.019487202167511,0.0212146043777466,0.0452994108200073,0.0529743432998657,0.000418245792388916,0.0146510004997253,0.0154649615287781,0.0598439574241638,0.00685977935791016,0.00196391344070435,0.0118029713630676,0.026015043258667,0.0229347944259644,0.021893322467804,0.0300222635269165,0.0226549506187439,0.00262391567230225,0.051522970199585
"22100043",0.0705372095108032,0.0767769813537598,0.042584240436554,0.10453999042511,0.0655617117881775,0.0384864211082458,0.0364750027656555,0.0270488858222961,0.0381067991256714,0.0685293078422546,0.0818818807601929,0.11202871799469,0.0152762532234192,0.120247900485992,0.0577804446220398,0.0243927240371704,0.049364447593689,0.0351173877716064,0.0549575686454773,0.0402200818061829,0.153856754302979,0.034193217754364,0.0571008920669556,0.0129241943359375,0.0925984978675842,0.00538897514343262,0.0171492695808411,0.0507617592811584,0.0796157121658325,0.015035092830658,0.00498038530349731,0.0438095927238464,0.0417106747627258,0.0740378499031067,0.035700798034668,0.04557865858078,0.0382059812545776,0.04876309633255,0.00551420450210571,0.0175300240516663,0.0217244029045105,0.0361418724060059,0.0354167819023132,0.0664103627204895,0.0190385580062866,0.00487178564071655,0.0424407720565796,0.0116907358169556,0.00750738382339478,0.0622988939285278,0.085785448551178,0.0191247463226318,0.0149000883102417,0.0128248333930969,0.0649526119232178,0.0402145385742188,0.0364904403686523,0.00518554449081421,0.0312531590461731,0.0119345188140869,0.017348051071167,0.0184714198112488,0.0551347732543945,0.00144100189208984,0.00566893815994263,0.0437539219856262,0.0214844346046448,0.0118731260299683,0.0167940258979797,0.00316256284713745,0.00986027717590332,0.000882267951965332,0.0116616487503052,0.0463055372238159,0.0937349796295166,0.0481943488121033,0.000928342342376709,0.054174542427063,0.0500428676605225,0.0386618375778198,0.0353975296020508,0.0128786563873291,0.0515075325965881,0.0465582609176636,0.0668739676475525,0.00806349515914917,0.0507675409317017,0.0468363165855408,0.0547657012939453,0.047057032585144,0.0232032537460327,0.0136260986328125,0.0551716089248657,0.0460933446884155,0.0400860905647278,0,0.0272955298423767,0.064903199672699,0.0554084181785583,0.0048750638961792,0.0285189747810364,0.0370581150054932,0.0509697198867798,0.00984299182891846,0.0310181379318237,0.0230611562728882,0.00373584032058716,0.00765442848205566,0.0199041962623596,0.0106143951416016,0.0627397894859314,0.0290287733078003,0.0699285864830017,0.0460706353187561,0.00694853067398071,0.0195322036743164,0.00839513540267944,0.112907648086548,0.0103173851966858,0.0115647912025452,0.0026894211769104,0.00864136219024658,0.0094069242477417,0.0504254698753357,0.00365662574768066,0.00764387845993042,0.0146698951721191,0.0191226601600647,0.00443553924560547,0.0147834420204163,0.00515478849411011,0.00321727991104126,0.0122946500778198,0.0073053240776062,0.0457611680030823,0.0770016312599182,0.0171846151351929,0.0184197425842285,0.0424264073371887,0.0155231952667236,0.0419480204582214,0.0377606749534607,0.0381020903587341,0.0459789633750916,0.0195097327232361,0.0157488584518433,0.0085950493812561,0.0183245539665222,0.0592648983001709,0.0473272800445557,0.0306141376495361,0.0112550854682922,0.0166375637054443,0.0472142696380615,0.0040706992149353,0.0360636711120605,0.00689315795898438,0.030228316783905,0.00793921947479248,0.00476163625717163,0.000898897647857666,0.0241189002990723,0.0688286423683167,0.00670343637466431,0.00387841463088989,0.0392411947250366,0.0352096557617188,0.0242143273353577,0.00755161046981812,0.0451497435569763,0.0277455449104309,0.0423839688301086,0.0311046838760376,0.0230936408042908,0.0564042925834656,0.0205988883972168,0.0613006949424744,0.00521332025527954,0.0128882527351379,0.0396678447723389,0.0547370910644531,0.0555510520935059,0.019757866859436,0.0332263112068176,0.0420500040054321,0.0518890619277954,0.0140710473060608,0.0630208849906921,0.0619794130325317,0.0701083540916443,0.0627410411834717,0.04271000623703,0.0916090607643127
"22101041",0.0978327393531799,0.104072511196136,0.0698797702789307,0.131835520267487,0.0928572416305542,0.0657819509506226,0.0637705326080322,0.0543444156646729,0.0654023289680481,0.0958248376846313,0.10917741060257,0.139324247837067,0.0425717830657959,0.147543430328369,0.0850759744644165,0.0516882538795471,0.0766599774360657,0.0624129176139832,0.082253098487854,0.0675156116485596,0.181152284145355,0.0614887475967407,0.0843964219093323,0.0402197241783142,0.119894027709961,0.0326845049858093,0.0444447994232178,0.0780572891235352,0.106911242008209,0.0423306226730347,0.032275915145874,0.0711051225662231,0.0690062046051025,0.101333379745483,0.0629963278770447,0.0728741884231567,0.0655015110969543,0.0760586261749268,0.021781325340271,0.044825553894043,0.0490199327468872,0.0634374022483826,0.0627123117446899,0.0937058925628662,0.0463340878486633,0.0224237442016602,0.0697363018989563,0.0389862656593323,0.0348029136657715,0.0895944237709045,0.113080978393555,0.0464202761650085,0.012395441532135,0.0144706964492798,0.0922481417655945,0.0675100684165955,0.0637859702110291,0.0324810743331909,0.00395762920379639,0.0153610110282898,0.00994747877120972,0.0457669496536255,0.0824303030967712,0.0258545279502869,0.0329644680023193,0.0164583921432495,0.0487799644470215,0.0154224038124084,0.010501503944397,0.0241329669952393,0.03715580701828,0.028177797794342,0.0389571785926819,0.0736010670661926,0.121030509471893,0.0208988189697266,0.0282238721847534,0.0814700722694397,0.0773383975028992,0.0113663077354431,0.00810199975967407,0.0144168734550476,0.0242120027542114,0.0192627310752869,0.0395784378051758,0.0353590250015259,0.023472011089325,0.0195407867431641,0.0274701714515686,0.0197615027427673,0.00409227609634399,0.0136694312095642,0.027876079082489,0.0187978148460388,0.0127905607223511,0.0272955298423767,0,0.0376076698303223,0.0281128883361816,0.0224204659461975,0.00122344493865967,0.0643536448478699,0.0782652497291565,0.0371385216712952,0.0583136677742004,0.00423437356948853,0.0310313701629639,0.0349499583244324,0.0471997261047363,0.0166811347007751,0.0900353193283081,0.056324303150177,0.0972241163253784,0.0733661651611328,0.0342440605163574,0.0468277335166931,0.0356906652450562,0.140203177928925,0.0376129150390625,0.0388603210449219,0.0299849510192871,0.0186541676521301,0.017888605594635,0.0777209997177124,0.0309521555900574,0.0196516513824463,0.0419654250144958,0.0464181900024414,0.0228599905967712,0.042078971862793,0.0324503183364868,0.030512809753418,0.0150008797645569,0.0199902057647705,0.073056697845459,0.104297161102295,0.0101109147071838,0.0457152724266052,0.0697219371795654,0.0428187251091003,0.0146524906158447,0.010465145111084,0.0108065605163574,0.0732744932174683,0.0468052625656128,0.04304438829422,0.0187004804611206,0.0456200838088989,0.0319693684577942,0.020031750202179,0.00331860780715942,0.0385506153106689,0.0106579661369324,0.0745097994804382,0.0232248306274414,0.0633592009544373,0.0204023718833923,0.00293278694152832,0.0193563103675842,0.0320571660995483,0.026396632194519,0.00317662954330444,0.0415331125259399,0.0205920934677124,0.0234171152114868,0.0119456648826599,0.00791412591934204,0.0515098571777344,0.0197439193725586,0.0178542137145996,0.0550410747528076,0.0150884389877319,0.00380915403366089,0.00420188903808594,0.0291087627410889,0.00669664144515991,0.0340051651000977,0.0325088500976562,0.0401837825775146,0.0123723149299622,0.0274415612220764,0.0282555222511292,0.0470533967018127,0.00593078136444092,0.0147544741630554,0.0245935320854187,0.0132244825363159,0.0357253551483154,0.034683883190155,0.0428128242492676,0.035445511341095,0.0154144763946533,0.064313530921936
"22102043",0.135440409183502,0.141680181026459,0.107487440109253,0.169443190097809,0.130464911460876,0.103389620780945,0.101378202438354,0.0919520854949951,0.10300999879837,0.133432507514954,0.146785080432892,0.176931917667389,0.0801794528961182,0.185151100158691,0.122683644294739,0.0892959237098694,0.114267647266388,0.100020587444305,0.119860768318176,0.105123281478882,0.218759953975677,0.099096417427063,0.122004091739655,0.0778273940086365,0.157501697540283,0.0702921748161316,0.08205246925354,0.115664958953857,0.144518911838531,0.0799382925033569,0.0698835849761963,0.108712792396545,0.106613874435425,0.138941049575806,0.100603997707367,0.110481858253479,0.103109180927277,0.113666296005249,0.0593889951705933,0.0824332237243652,0.0866276025772095,0.101045072078705,0.100319981575012,0.131313562393188,0.0839417576789856,0.0600314140319824,0.107343971729279,0.0765939354896545,0.0724105834960938,0.127202093601227,0.150688648223877,0.0840279459953308,0.0500031113624573,0.0520783662796021,0.129855811595917,0.105117738246918,0.101393640041351,0.0700887441635132,0.0336500406265259,0.0529686808586121,0.047555148601532,0.0833746194839478,0.120037972927094,0.0634621977806091,0.0705721378326416,0.0211492776870728,0.0863876342773438,0.0530300736427307,0.0481091737747192,0.0617406368255615,0.0747634768486023,0.0657854676246643,0.0765648484230042,0.111208736896515,0.158638179302216,0.0167088508605957,0.0658315420150757,0.119077742099762,0.114946067333221,0.0262413620948792,0.0295056700706482,0.0520245432853699,0.0133956670761108,0.0183449387550354,0.00197076797485352,0.0729666948318481,0.0141356587409973,0.0180668830871582,0.0101374983787537,0.0178461670875549,0.0416999459266663,0.0512771010398865,0.00973159074783325,0.0188098549842834,0.0248171091079712,0.064903199672699,0.0376076698303223,0,0.00949478149414062,0.0600281357765198,0.0363842248916626,0.101961314678192,0.115872919559479,0.0747461915016174,0.0959213376045227,0.0418420433998108,0.0686390399932861,0.0725576281547546,0.0848073959350586,0.0542888045310974,0.12764298915863,0.0939319729804993,0.134831786155701,0.110973834991455,0.0718517303466797,0.0844354033470154,0.0732983350753784,0.177810847759247,0.0752205848693848,0.0764679908752441,0.0675926208496094,0.0562618374824524,0.0554962754249573,0.115328669548035,0.0685598254203796,0.0572593212127686,0.0795730948448181,0.0840258598327637,0.0604676604270935,0.0796866416931152,0.0700579881668091,0.0681204795837402,0.0526085495948792,0.0575978755950928,0.110664367675781,0.141904830932617,0.0477185845375061,0.0833229422569275,0.107329607009888,0.0804263949394226,0.0229551792144775,0.0271425247192383,0.0268011093139648,0.110882163047791,0.0844129323959351,0.0806520581245422,0.0563081502914429,0.0832277536392212,0.00563830137252808,0.0175759196281433,0.0342890620231628,0.0761582851409912,0.0482656359672546,0.11211746931076,0.0608325004577637,0.10096687078476,0.0580100417137146,0.0346748828887939,0.0569639801979065,0.0696648359298706,0.0640043020248413,0.0407842993736267,0.00392544269561768,0.0581997632980347,0.0610247850418091,0.0256620049476624,0.0296935439109802,0.0891175270080566,0.0573515892028809,0.0197534561157227,0.0926487445831299,0.0225192308425903,0.0337985157966614,0.0418095588684082,0.0084989070892334,0.0443043112754822,0.00360250473022461,0.0701165199279785,0.0777914524078369,0.0252353549003601,0.0101661086082458,0.00935214757919312,0.084661066532135,0.0316768884658813,0.0228531956672668,0.0130141377449036,0.0508321523666382,0.00188231468200684,0.00292378664016724,0.00520515441894531,0.00216215848922729,0.0221931934356689,0.0267058610916138
"22103043",0.125945627689362,0.132185399532318,0.0979926586151123,0.159948408603668,0.120970129966736,0.0938948392868042,0.0918834209442139,0.0824573040008545,0.0935152173042297,0.123937726020813,0.137290298938751,0.167437136173248,0.0706846714019775,0.175656318664551,0.113188862800598,0.0798011422157288,0.104772865772247,0.0905258059501648,0.110365986824036,0.0956284999847412,0.209265172481537,0.0896016359329224,0.112509310245514,0.0683326125144958,0.148006916046143,0.060797393321991,0.0725576877593994,0.106170177459717,0.135024130344391,0.0704435110092163,0.0603888034820557,0.0992180109024048,0.0971190929412842,0.129446268081665,0.0911092162132263,0.100987076759338,0.093614399433136,0.104171514511108,0.0498942136764526,0.0729384422302246,0.0771328210830688,0.0915502905845642,0.0908252000808716,0.121818780899048,0.074446976184845,0.0505366325378418,0.0978491902351379,0.0670991539955139,0.0629158020019531,0.117707312107086,0.141193866729736,0.0745331645011902,0.0405083298683167,0.0425835847854614,0.120361030101776,0.0956229567527771,0.0918988585472107,0.0605939626693726,0.0241552591323853,0.0434738993644714,0.0380603671073914,0.0738798379898071,0.110543191432953,0.0539674162864685,0.061077356338501,0.0116544961929321,0.0768928527832031,0.0435352921485901,0.0386143922805786,0.0522458553314209,0.0652686953544617,0.0562906861305237,0.0670700669288635,0.101713955402374,0.149143397808075,0.00721406936645508,0.0563367605209351,0.109582960605621,0.105451285839081,0.0167465806007385,0.0200108885765076,0.0425297617912292,0.00390088558197021,0.00885015726089478,0.0114655494689941,0.0634719133377075,0.00464087724685669,0.00857210159301758,0.000642716884613037,0.00835138559341431,0.0322051644325256,0.0417823195457458,0.000236809253692627,0.00931507349014282,0.0153223276138306,0.0554084181785583,0.0281128883361816,0.00949478149414062,0,0.0505333542823792,0.026889443397522,0.0924665331840515,0.106378138065338,0.0652514100074768,0.0864265561103821,0.0323472619056702,0.0591442584991455,0.063062846660614,0.075312614440918,0.0447940230369568,0.11814820766449,0.0844371914863586,0.12533700466156,0.101479053497314,0.0623569488525391,0.0749406218528748,0.0638035535812378,0.168316066265106,0.0657258033752441,0.0669732093811035,0.0580978393554688,0.0467670559883118,0.0460014939308167,0.105833888053894,0.059065043926239,0.0477645397186279,0.0700783133506775,0.074531078338623,0.0509728789329529,0.0701918601989746,0.0605632066726685,0.0586256980895996,0.0431137681007385,0.0481030941009521,0.101169586181641,0.132410049438477,0.0382238030433655,0.0738281607627869,0.0978348255157471,0.070931613445282,0.0134603977203369,0.0176477432250977,0.0173063278198242,0.10138738155365,0.0749181509017944,0.0711572766304016,0.0468133687973022,0.0737329721450806,0.00385648012161255,0.00808113813400269,0.0247942805290222,0.0666635036468506,0.038770854473114,0.10262268781662,0.051337718963623,0.0914720892906189,0.048515260219574,0.0251801013946533,0.0474691987037659,0.06017005443573,0.0545095205307007,0.0312895178794861,0.0134202241897583,0.048704981803894,0.0515300035476685,0.0161672234535217,0.0201987624168396,0.079622745513916,0.0478568077087402,0.010258674621582,0.0831539630889893,0.0130244493484497,0.0243037343025208,0.0323147773742676,0.000995874404907227,0.0348095297813416,0.00589227676391602,0.0606217384338379,0.0682966709136963,0.0157405734062195,0.000671327114105225,0.00014263391494751,0.0751662850379944,0.0221821069717407,0.0133584141731262,0.00351935625076294,0.0413373708724976,0.00761246681213379,0.00657099485397339,0.0146999359130859,0.00733262300491333,0.0126984119415283,0.0362006425857544
"34084022",0.0754122734069824,0.081652045249939,0.0474593043327332,0.109415054321289,0.0704367756843567,0.043361485004425,0.0413500666618347,0.0319239497184753,0.0429818630218506,0.0734043717384338,0.0867569446563721,0.116903781890869,0.0201513171195984,0.125122964382172,0.062655508518219,0.0292677879333496,0.0542395114898682,0.0399924516677856,0.0598326325416565,0.0450951457023621,0.158731818199158,0.0390682816505432,0.0619759559631348,0.0177992582321167,0.0974735617637634,0.0102640390396118,0.0220243334770203,0.0556368231773376,0.0844907760620117,0.0199101567268372,0.00985544919967651,0.0486846566200256,0.046585738658905,0.0789129137992859,0.0405758619308472,0.0504537224769592,0.0430810451507568,0.0536381602287292,0.000639140605926514,0.0224050879478455,0.0265994668006897,0.0410169363021851,0.0402918457984924,0.0712854266166687,0.0239136219024658,3.27825546264648e-06,0.0473158359527588,0.0165657997131348,0.012382447719574,0.067173957824707,0.0906605124473572,0.023999810218811,0.0100250244140625,0.00794976949691772,0.069827675819397,0.0450896024703979,0.0413655042648315,0.0100606083869934,0.0263780951499939,0.00705945491790771,0.0124729871749878,0.023346483707428,0.0600098371505737,0.00343406200408936,0.0105440020561218,0.038878858089447,0.026359498500824,0.00699806213378906,0.0119189620018005,0.00171250104904175,0.0147353410720825,0.00575733184814453,0.0165367126464844,0.0511806011199951,0.0986100435256958,0.0433192849159241,0.00580340623855591,0.0590496063232422,0.0549179315567017,0.0337867736816406,0.0305224657058716,0.0080035924911499,0.0466324687004089,0.0416831970214844,0.0619989037513733,0.0129385590553284,0.0458924770355225,0.0419612526893616,0.0498906373977661,0.0421819686889648,0.0183281898498535,0.0087510347366333,0.0502965450286865,0.0412182807922363,0.0352110266685486,0.0048750638961792,0.0224204659461975,0.0600281357765198,0.0505333542823792,0,0.0236439108848572,0.0419331789016724,0.055844783782959,0.0147180557250977,0.0358932018280029,0.018186092376709,0.00861090421676636,0.0125294923782349,0.0247792601585388,0.00573933124542236,0.0676148533821106,0.0339038372039795,0.0748036503791809,0.0509456992149353,0.0118235945701599,0.0244072675704956,0.0132701992988586,0.117782711982727,0.015192449092865,0.0164398550987244,0.0075644850730896,0.00376629829406738,0.0045318603515625,0.0553005337715149,0.00853168964385986,0.00276881456375122,0.0195449590682983,0.0239977240562439,0.00043952465057373,0.0196585059165955,0.0100298523902893,0.00809234380722046,0.00741958618164062,0.002430260181427,0.0506362318992615,0.0818766951560974,0.0123095512390137,0.0232948064804077,0.0473014712333679,0.0203982591629028,0.0370729565620422,0.0328856110572815,0.0332270264625549,0.0508540272712708,0.0243847966194153,0.0206239223480225,0.0037199854850769,0.0231996178627014,0.0543898344039917,0.0424522161483765,0.0257390737533569,0.0161301493644714,0.0117624998092651,0.0520893335342407,0.000804364681243896,0.0409387350082397,0.00201809406280518,0.0253532528877258,0.00306415557861328,0.00963670015335083,0.00397616624832153,0.0192438364028931,0.0639535784721375,0.00182837247848511,0.000996649265289307,0.0343661308288574,0.0303345918655396,0.0290893912315369,0.00267654657363892,0.0402746796607971,0.0326206088066101,0.0375089049339294,0.0262296199798584,0.0182185769081116,0.0515292286872864,0.0157238245010376,0.0564256310462952,0.0100883841514587,0.0177633166313171,0.0347927808761597,0.0498620271682739,0.0506759881973267,0.0246329307556152,0.0283512473106384,0.0371749401092529,0.0470139980316162,0.00919598340988159,0.0581458210945129,0.0571043491363525,0.0652332901954651,0.0578659772872925,0.0378349423408508,0.0867339968681335
"34084023",0.0990561842918396,0.105295956134796,0.0711032152175903,0.133058965206146,0.0940806865692139,0.0670053958892822,0.0649939775466919,0.0555678606033325,0.0666257739067078,0.097048282623291,0.110400855541229,0.140547692775726,0.0437952280044556,0.148766875267029,0.0862994194030762,0.0529116988182068,0.0778834223747253,0.0636363625526428,0.0834765434265137,0.0687390565872192,0.182375729084015,0.0627121925354004,0.0856198668479919,0.0414431691169739,0.121117472648621,0.033907949924469,0.0456682443618774,0.0792807340621948,0.108134686946869,0.0435540676116943,0.0334993600845337,0.0723285675048828,0.0702296495437622,0.102556824684143,0.0642197728157043,0.0740976333618164,0.066724956035614,0.0772820711135864,0.0230047702789307,0.0460489988327026,0.0502433776855469,0.0646608471870422,0.0639357566833496,0.0949293375015259,0.047557532787323,0.0236471891403198,0.070959746837616,0.0402097105979919,0.0360263586044312,0.0908178687095642,0.114304423332214,0.0476437211036682,0.0136188864707947,0.0156941413879395,0.0934715867042542,0.0687335133552551,0.0650094151496887,0.0337045192718506,0.00273418426513672,0.0165844559669495,0.0111709237098694,0.0469903945922852,0.0836537480354309,0.0270779728889465,0.034187912940979,0.0152349472045898,0.0500034093856812,0.0166458487510681,0.0117249488830566,0.0253564119338989,0.0383792519569397,0.0294012427330017,0.0401806235313416,0.0748245120048523,0.122253954410553,0.0196753740310669,0.0294473171234131,0.0826935172080994,0.0785618424415588,0.0101428627967834,0.0068785548210144,0.0156403183937073,0.0229885578155518,0.0180392861366272,0.0383549928665161,0.0365824699401855,0.0222485661506653,0.0183173418045044,0.0262467265129089,0.0185380578041077,0.00531572103500366,0.0148928761482239,0.0266526341438293,0.0175743699073792,0.0115671157836914,0.0285189747810364,0.00122344493865967,0.0363842248916626,0.026889443397522,0.0236439108848572,0,0.0655770897865295,0.0794886946678162,0.0383619666099548,0.0595371127128601,0.00545781850814819,0.0322548151016235,0.036173403263092,0.048423171043396,0.0179045796394348,0.0912587642669678,0.0575477480888367,0.0984475612640381,0.0745896100997925,0.0354675054550171,0.0480511784553528,0.0369141101837158,0.141426622867584,0.0388363599777222,0.0400837659835815,0.0312083959579468,0.0198776125907898,0.0191120505332947,0.0789444446563721,0.032175600528717,0.020875096321106,0.0431888699531555,0.0476416349411011,0.0240834355354309,0.0433024168014526,0.0336737632751465,0.0317362546920776,0.0162243247032166,0.0212136507034302,0.0742801427841187,0.105520606040955,0.0113343596458435,0.0469387173652649,0.0709453821182251,0.04404217004776,0.0134290456771851,0.00924170017242432,0.00958311557769775,0.0744979381561279,0.0480287075042725,0.0442678332328796,0.0199239253997803,0.0468435287475586,0.0307459235191345,0.0188083052635193,0.00209516286849976,0.0397740602493286,0.011881411075592,0.0757332444190979,0.0244482755661011,0.0645826458930969,0.021625816822052,0.00170934200286865,0.0205797553062439,0.033280611038208,0.0276200771331787,0.00440007448196411,0.0403096675872803,0.0218155384063721,0.0246405601501465,0.0107222199440002,0.00669068098068237,0.052733302116394,0.0209673643112183,0.0166307687759399,0.0562645196914673,0.0138649940490723,0.00258570909500122,0.00542533397674561,0.0278853178024292,0.00792008638381958,0.032781720161438,0.0337322950363159,0.0414072275161743,0.0111488699913025,0.0262181162834167,0.0270320773124695,0.0482768416404724,0.00470733642578125,0.0135310292243958,0.023370087146759,0.0144479274749756,0.0345019102096558,0.0334604382514954,0.0415893793106079,0.0342220664024353,0.0141910314559937,0.0630900859832764
"34085021",0.0334790945053101,0.0397188663482666,0.00552612543106079,0.0674818754196167,0.0285035967826843,0.00142830610275269,0.000583112239837646,0.010009229183197,0.00104868412017822,0.0314711928367615,0.0448237657546997,0.0749706029891968,0.021781861782074,0.0831897854804993,0.0207223296165466,0.0126653909683228,0.0123063325881958,0.00194072723388672,0.0178994536399841,0.0031619668006897,0.116798639297485,0.00286489725112915,0.0200427770614624,0.0241339206695557,0.0555403828620911,0.0316691398620605,0.0199088454246521,0.0137036442756653,0.0425575971603394,0.0220230221748352,0.0320777297019958,0.00675147771835327,0.00465255975723267,0.0369797348976135,0.0013573169708252,0.00852054357528687,0.00114786624908447,0.0117049813270569,0.0425723195075989,0.0195280909538269,0.0153337121009827,0.000916242599487305,0.00164133310317993,0.0293522477149963,0.0180195569992065,0.0419299006462097,0.00538265705108643,0.0253673791885376,0.0295507311820984,0.0252407789230347,0.0487273335456848,0.0179333686828613,0.0519582033157349,0.0498829483985901,0.0278944969177246,0.00315642356872559,0.00056767463684082,0.031872570514679,0.0683112740516663,0.0489926338195801,0.0544061660766602,0.0185866951942444,0.0180766582489014,0.038499116897583,0.0313891768455505,0.0808120369911194,0.0155736804008484,0.0489312410354614,0.0538521409034729,0.0402206778526306,0.0271978378295898,0.0361758470535278,0.025396466255188,0.00924742221832275,0.0566768646240234,0.0852524638175964,0.0361297726631165,0.0171164274215698,0.0129847526550293,0.075719952583313,0.0724556446075439,0.0499367713928223,0.0885656476020813,0.0836163759231567,0.103932082653046,0.028994619846344,0.0878256559371948,0.0838944315910339,0.0918238162994385,0.0841151475906372,0.0602613687515259,0.0506842136383057,0.0922297239303589,0.0831514596939087,0.0771442055702209,0.0370581150054932,0.0643536448478699,0.101961314678192,0.0924665331840515,0.0419331789016724,0.0655770897865295,0,0.0139116048812866,0.0272151231765747,0.00603997707366943,0.0601192712783813,0.033322274684906,0.0294036865234375,0.0171539187431335,0.0476725101470947,0.0256816744804382,0.00802934169769287,0.0328704714775085,0.00901252031326294,0.0301095843315125,0.0175259113311768,0.0286629796028137,0.0758495330810547,0.0267407298088074,0.025493323802948,0.0343686938285828,0.0456994771957397,0.0464650392532349,0.0133673548698425,0.0334014892578125,0.0447019934654236,0.022388219833374,0.0179354548454285,0.0414936542510986,0.0222746729850769,0.0319033265113831,0.0338408350944519,0.049352765083313,0.0443634390830994,0.00870305299758911,0.039943516254425,0.054242730140686,0.0186383724212646,0.00536829233169556,0.0215349197387695,0.0790061354637146,0.0748187899589539,0.0751602053642273,0.00892084836959839,0.0175483822822571,0.0213092565536499,0.0456531643867493,0.0187335610389709,0.0963230133056641,0.0843853950500488,0.0676722526550293,0.0258030295372009,0.0536956787109375,0.0101561546325684,0.0411288142204285,0.000994443893432617,0.0439512729644775,0.0672864317893982,0.0449973344802856,0.0322964787483215,0.0379570126533508,0.0611770153045654,0.10588675737381,0.0437615513801575,0.0409365296363831,0.0762993097305298,0.0722677707672119,0.0128437876701355,0.0446097254753113,0.0822078585624695,0.00931257009506226,0.0794420838356018,0.0681627988815308,0.0601517558097839,0.0934624075889587,0.05765700340271,0.0983588099479675,0.0318447947502136,0.0241698622703552,0.076725959777832,0.0917952060699463,0.092609167098999,0.0173002481460571,0.0702844262123108,0.0791081190109253,0.0889471769332886,0.051129162311554,0.100078999996185,0.0990375280380249,0.107166469097137,0.0997991561889648,0.0797681212425232,0.128667175769806
"34085022",0.0195674896240234,0.02580726146698,0.00838547945022583,0.0535702705383301,0.0145919919013977,0.0124832987785339,0.0144947171211243,0.0239208340644836,0.0128629207611084,0.0175595879554749,0.0309121608734131,0.0610589981079102,0.0356934666633606,0.0692781805992126,0.00681072473526001,0.0265769958496094,0.00160527229309082,0.0158523321151733,0.00398784875869751,0.0107496380805969,0.102887034416199,0.0167765021324158,0.00613117218017578,0.0380455255508423,0.0416287779808044,0.0455807447433472,0.0338204503059387,0.000207960605621338,0.0286459922790527,0.0359346270561218,0.0459893345832825,0.00716012716293335,0.00925904512405396,0.0230681300163269,0.0152689218521118,0.00539106130599976,0.0127637386322021,0.00220662355422974,0.0564839243888855,0.0334396958351135,0.0292453169822693,0.0148278474807739,0.0155529379844666,0.0154406428337097,0.0319311618804932,0.0558415055274963,0.0085289478302002,0.0392789840698242,0.043462336063385,0.011329174041748,0.0348157286643982,0.0318449735641479,0.0658698081970215,0.0637945532798767,0.013982892036438,0.010755181312561,0.0144792795181274,0.0457841753959656,0.0822228789329529,0.0629042387008667,0.0683177709579468,0.032498300075531,0.00416505336761475,0.0524107217788696,0.0453007817268372,0.094723641872406,0.029485285282135,0.062842845916748,0.0677637457847595,0.0541322827339172,0.0411094427108765,0.0500874519348145,0.0393080711364746,0.00466418266296387,0.0427652597427368,0.0991640686988831,0.0500413775444031,0.0032048225402832,0.000926852226257324,0.0896315574645996,0.0863672494888306,0.0638483762741089,0.102477252483368,0.0975279808044434,0.117843687534332,0.0429062247276306,0.101737260818481,0.0978060364723206,0.105735421180725,0.0980267524719238,0.0741729736328125,0.0645958185195923,0.106141328811646,0.0970630645751953,0.0910558104515076,0.0509697198867798,0.0782652497291565,0.115872919559479,0.106378138065338,0.055844783782959,0.0794886946678162,0.0139116048812866,0,0.0411267280578613,0.0199515819549561,0.074030876159668,0.0472338795661926,0.0433152914047241,0.0310655236244202,0.0615841150283813,0.0117700695991516,0.0219409465789795,0.0189588665962219,0.00489908456802368,0.0440211892127991,0.0314375162124634,0.0425745844841003,0.0619379281997681,0.040652334690094,0.0394049286842346,0.0482802987098694,0.0596110820770264,0.0603766441345215,0.000544250011444092,0.0473130941390991,0.0586135983467102,0.0362998247146606,0.0318470597267151,0.0554052591323853,0.0361862778663635,0.0458149313926697,0.0477524399757385,0.0632643699645996,0.058275043964386,0.00520855188369751,0.0260319113731384,0.0681543350219727,0.0325499773025513,0.00854331254959106,0.0354465246200562,0.0929177403450012,0.0887303948402405,0.0890718102455139,0.00499075651168823,0.0314599871635437,0.0352208614349365,0.0595647692680359,0.0326451659202576,0.110234618186951,0.0982969999313354,0.0815838575363159,0.0397146344184875,0.0676072835922241,0.00375545024871826,0.0550404191017151,0.0149060487747192,0.0578628778457642,0.0811980366706848,0.0589089393615723,0.0462080836296082,0.0518686175346375,0.0750886201858521,0.119798362255096,0.0576731562614441,0.0548481345176697,0.0902109146118164,0.0861793756484985,0.0267553925514221,0.0585213303565979,0.0961194634437561,0.0232241749763489,0.0933536887168884,0.0820744037628174,0.0740633606910706,0.107374012470245,0.0715686082839966,0.112270414829254,0.0457563996315002,0.0380814671516418,0.0906375646591187,0.105706810951233,0.106520771980286,0.0312118530273438,0.0841960310935974,0.0930197238922119,0.102858781814575,0.0650407671928406,0.113990604877472,0.112949132919312,0.121078073978424,0.113710761070251,0.0936797261238098,0.142578780651093
"34085024",0.0606942176818848,0.0669339895248413,0.0327412486076355,0.0946969985961914,0.055718719959259,0.0286434292793274,0.0266320109367371,0.0172058939933777,0.0282638072967529,0.0586863160133362,0.0720388889312744,0.102185726165771,0.00543326139450073,0.110404908657074,0.0479374527931213,0.014549732208252,0.0395214557647705,0.025274395942688,0.0451145768165588,0.0303770899772644,0.14401376247406,0.0243502259254456,0.0472579002380371,0.00308120250701904,0.0827555060386658,0.00445401668548584,0.00730627775192261,0.04091876745224,0.0697727203369141,0.0051921010017395,0.00486260652542114,0.033966600894928,0.0318676829338074,0.0641948580741882,0.0258578062057495,0.0357356667518616,0.0283629894256592,0.0389201045036316,0.0153571963310242,0.0076870322227478,0.011881411075592,0.0262988805770874,0.0255737900733948,0.056567370891571,0.00919556617736816,0.014714777469635,0.0325977802276611,0.00184774398803711,0.00233560800552368,0.0524559020996094,0.0759424567222595,0.00928175449371338,0.0247430801391602,0.0226678252220154,0.0551096200942993,0.0303715467453003,0.0266474485397339,0.00465744733810425,0.0410961508750916,0.0217775106430054,0.0271910429000854,0.00862842798233032,0.0452917814254761,0.0112839937210083,0.00417405366897583,0.0535969138145447,0.0116414427757263,0.0217161178588867,0.0266370177268982,0.0130055546760559,1.72853469848633e-05,0.00896072387695312,0.00181865692138672,0.0364625453948975,0.0838919878005981,0.0580373406410217,0.00891464948654175,0.0443315505981445,0.040199875831604,0.0485048294067383,0.0452405214309692,0.0227216482162476,0.0613505244255066,0.056401252746582,0.0767169594764709,0.00177949666976929,0.0606105327606201,0.0566793084144592,0.0646086931228638,0.0569000244140625,0.0330462455749512,0.023469090461731,0.0650146007537842,0.055936336517334,0.0499290823936462,0.00984299182891846,0.0371385216712952,0.0747461915016174,0.0652514100074768,0.0147180557250977,0.0383619666099548,0.0272151231765747,0.0411267280578613,0,0.0211751461029053,0.0329041481018066,0.0061071515083313,0.00218856334686279,0.0100612044334412,0.02045738697052,0.0528967976570129,0.0191857814788818,0.0600855946540833,0.0362276434898376,0.00289446115493774,0.00968921184539795,0.00144785642623901,0.103064656257629,0.000474393367767334,0.00172179937362671,0.00715357065200806,0.018484354019165,0.0192499160766602,0.0405824780464172,0.00618636608123779,0.0174868702888489,0.00482690334320068,0.00927966833114624,0.0142785310745239,0.0049404501914978,0.00468820333480835,0.0066257119178772,0.0221376419067383,0.0171483159065247,0.0359181761741638,0.0671586394309998,0.0270276069641113,0.00857675075531006,0.0325834155082703,0.00568020343780518,0.0517910122871399,0.0476036667823792,0.0479450821876526,0.0361359715461731,0.00966674089431763,0.0059058666229248,0.0184380412101746,0.00848156213760376,0.0691078901290894,0.0571702718734741,0.0404571294784546,0.00141209363937378,0.0264805555343628,0.0373712778091431,0.0139136910438538,0.0262206792831421,0.0167361497879028,0.0400713086128235,0.0177822113037109,0.00508135557174683,0.0107418894767761,0.0339618921279907,0.0786716341972351,0.0165464282035828,0.0137214064598083,0.0490841865539551,0.0450526475906372,0.0143713355064392,0.0173946022987366,0.0549927353858948,0.0179025530815125,0.0522269606590271,0.0409476757049561,0.0329366326332092,0.066247284412384,0.0304418802261353,0.0711436867713928,0.00462967157363892,0.00304526090621948,0.0495108366012573,0.0645800828933716,0.0653940439224243,0.00991487503051758,0.0430693030357361,0.0518929958343506,0.0617320537567139,0.0239140391349792,0.0728638768196106,0.0718224048614502,0.0799513459205627,0.0725840330123901,0.0525529980659485,0.101452052593231
"34085026",0.0395190715789795,0.045758843421936,0.0115661025047302,0.0735218524932861,0.0345435738563538,0.00746828317642212,0.00545686483383179,0.00396925210952759,0.00708866119384766,0.0375111699104309,0.0508637428283691,0.0810105800628662,0.0157418847084045,0.0892297625541687,0.0267623066902161,0.00662541389465332,0.0183463096618652,0.00409924983978271,0.0239394307136536,0.00920194387435913,0.122838616371155,0.00317507982254028,0.0260827541351318,0.0180939435958862,0.0615803599357605,0.0256291627883911,0.0138688683509827,0.0197436213493347,0.0485975742340088,0.0159830451011658,0.0260377526283264,0.0127914547920227,0.0106925368309021,0.043019711971283,0.00468266010284424,0.0145605206489563,0.00718784332275391,0.0177449584007263,0.0365323424339294,0.0134881138801575,0.00929373502731323,0.00512373447418213,0.0043986439704895,0.0353922247886658,0.0119795799255371,0.0358899235725403,0.0114226341247559,0.0193274021148682,0.023510754108429,0.0312807559967041,0.0547673106193542,0.0118933916091919,0.0459182262420654,0.0438429713249207,0.033934473991394,0.00919640064239502,0.00547230243682861,0.0258325934410095,0.0622712969779968,0.0429526567459106,0.0483661890029907,0.012546718120575,0.0241166353225708,0.0324591398239136,0.0253491997718811,0.07477205991745,0.00953370332717896,0.042891263961792,0.0478121638298035,0.0341807007789612,0.0211578607559204,0.0301358699798584,0.0193564891815186,0.0152873992919922,0.0627168416976929,0.079212486743927,0.030089795589447,0.0231564044952393,0.0190247297286987,0.0696799755096436,0.0664156675338745,0.0438967943191528,0.0825256705284119,0.0775763988494873,0.0978921055793762,0.0229546427726746,0.0817856788635254,0.0778544545173645,0.085783839225769,0.0780751705169678,0.0542213916778564,0.0446442365646362,0.0861897468566895,0.0771114826202393,0.0711042284965515,0.0310181379318237,0.0583136677742004,0.0959213376045227,0.0864265561103821,0.0358932018280029,0.0595371127128601,0.00603997707366943,0.0199515819549561,0.0211751461029053,0,0.0540792942047119,0.0272822976112366,0.0233637094497681,0.0111139416694641,0.0416325330734253,0.0317216515541077,0.00198936462402344,0.038910448551178,0.0150524973869324,0.024069607257843,0.0114859342575073,0.0226230025291443,0.0818895101547241,0.0207007527351379,0.0194533467292786,0.0283287167549133,0.0396595001220703,0.0404250621795654,0.019407331943512,0.0273615121841431,0.0386620163917542,0.0163482427597046,0.011895477771759,0.0354536771774292,0.0162346959114075,0.0258633494377136,0.0278008580207825,0.0433127880096436,0.0383234620094299,0.0147430300712585,0.0459834933280945,0.0482027530670166,0.0125983953475952,0.011408269405365,0.0154949426651001,0.0729661583900452,0.0687788128852844,0.0691202282905579,0.0149608254432678,0.0115084052085876,0.0152692794799805,0.0396131873130798,0.0126935839653015,0.0902830362319946,0.0783454179763794,0.0616322755813599,0.0197630524635315,0.0476557016372681,0.0161961317062378,0.035088837146759,0.00504553318023682,0.0379112958908081,0.0612464547157288,0.0389573574066162,0.0262565016746521,0.0319170355796814,0.055137038230896,0.0998467803001404,0.037721574306488,0.0348965525627136,0.0702593326568604,0.0662277936935425,0.00680381059646606,0.0385697484016418,0.0761678814888,0.00327259302139282,0.0734021067619324,0.0621228218078613,0.0541117787361145,0.0874224305152893,0.0516170263290405,0.0923188328742981,0.0258048176765442,0.0181298851966858,0.0706859827041626,0.0857552289962769,0.0865691900253296,0.0112602710723877,0.0642444491386414,0.0730681419372559,0.0829071998596191,0.0450891852378845,0.0940390229225159,0.0929975509643555,0.101126492023468,0.0937591791152954,0.0737281441688538,0.122627198696136
"34086021",0.0935983657836914,0.0998381376266479,0.0656453967094421,0.127601146697998,0.0886228680610657,0.061547577381134,0.0595361590385437,0.0501100420951843,0.0611679553985596,0.0915904641151428,0.104943037033081,0.135089874267578,0.0383374094963074,0.143309056758881,0.080841600894928,0.0474538803100586,0.0724256038665771,0.0581785440444946,0.0780187249183655,0.063281238079071,0.176917910575867,0.0572543740272522,0.0801620483398438,0.0359853506088257,0.115659654140472,0.0284501314163208,0.0402104258537292,0.0738229155540466,0.102676868438721,0.0380962491035461,0.0280415415763855,0.0668707489967346,0.064771831035614,0.0970990061759949,0.0587619543075562,0.0686398148536682,0.0612671375274658,0.0718242526054382,0.0175469517707825,0.0405911803245544,0.0447855591773987,0.059203028678894,0.0584779381752014,0.0894715189933777,0.0420997142791748,0.0181893706321716,0.0655019283294678,0.0347518920898438,0.030568540096283,0.085360050201416,0.108846604824066,0.04218590259552,0.00816106796264648,0.0102363228797913,0.088013768196106,0.0632756948471069,0.0595515966415405,0.0282467007637024,0.00819200277328491,0.0111266374588013,0.00571310520172119,0.041532576084137,0.0781959295272827,0.0216201543807983,0.0287300944328308,0.020692765712738,0.044545590877533,0.0111880302429199,0.00626713037490845,0.0198985934257507,0.0329214334487915,0.0239434242248535,0.0347228050231934,0.0693666934967041,0.116796135902405,0.0251331925392151,0.0239894986152649,0.0772356986999512,0.0731040239334106,0.0156006813049316,0.0123363733291626,0.0101824998855591,0.0284463763237,0.0234971046447754,0.0438128113746643,0.0311246514320374,0.0277063846588135,0.0237751603126526,0.0317045450210571,0.0239958763122559,0.000142097473144531,0.00943505764007568,0.0321104526519775,0.0230321884155273,0.0170249342918396,0.0230611562728882,0.00423437356948853,0.0418420433998108,0.0323472619056702,0.018186092376709,0.00545781850814819,0.0601192712783813,0.074030876159668,0.0329041481018066,0.0540792942047119,0,0.0267969965934753,0.0307155847549438,0.0429653525352478,0.0124467611312866,0.0858009457588196,0.0520899295806885,0.0929897427558899,0.0691317915916443,0.0300096869468689,0.0425933599472046,0.0314562916755676,0.135968804359436,0.033378541469574,0.0346259474754333,0.0257505774497986,0.0144197940826416,0.0136542320251465,0.0734866261482239,0.0267177820205688,0.0154172778129578,0.0377310514450073,0.0421838164329529,0.0186256170272827,0.0378445982933044,0.0282159447669983,0.0262784361839294,0.0107665061950684,0.015755832195282,0.0688223242759705,0.100062787532806,0.00587654113769531,0.0414808988571167,0.0654875636100769,0.0385843515396118,0.0188868641853333,0.0146995186805725,0.0150409340858459,0.0690401196479797,0.0425708889961243,0.0388100147247314,0.0144661068916321,0.0413857102394104,0.0362037420272827,0.0242661237716675,0.00755298137664795,0.0343162417411804,0.00642359256744385,0.0702754259109497,0.0189904570579529,0.0591248273849487,0.0161679983139038,0.00716716051101685,0.0151219367980957,0.0278227925300598,0.0221622586250305,0.00105774402618408,0.0457674860954285,0.0163577198982239,0.0191827416419983,0.0161800384521484,0.0121484994888306,0.0472754836082458,0.0155095458030701,0.0220885872840881,0.0508067011833191,0.0193228125572205,0.00804352760314941,3.24845314025879e-05,0.0333431363105774,0.00246226787567139,0.0382395386695862,0.0282744765281677,0.0359494090080261,0.0166066884994507,0.0316759347915649,0.0324898958206177,0.0428190231323242,0.0101651549339294,0.0189888477325439,0.0288279056549072,0.00899010896682739,0.039959728717804,0.0389182567596436,0.0470471978187561,0.0396798849105835,0.0196488499641418,0.0685479044914246
"34086023",0.0668013691902161,0.0730411410331726,0.0388484001159668,0.100804150104523,0.0618258714675903,0.0347505807876587,0.0327391624450684,0.023313045501709,0.0343709588050842,0.0647934675216675,0.0781460404396057,0.108292877674103,0.011540412902832,0.116512060165405,0.0540446043014526,0.0206568837165833,0.0456286072731018,0.0313815474510193,0.0512217283248901,0.0364842414855957,0.150120913982391,0.0304573774337769,0.0533650517463684,0.00918835401535034,0.0888626575469971,0.00165313482284546,0.0134134292602539,0.0470259189605713,0.0758798718452454,0.0112992525100708,0.00124454498291016,0.0400737524032593,0.0379748344421387,0.0703020095825195,0.0319649577140808,0.0418428182601929,0.0344701409339905,0.0450272560119629,0.00925004482269287,0.0137941837310791,0.0179885625839233,0.0324060320854187,0.0316809415817261,0.0626745223999023,0.0153027176856995,0.00860762596130371,0.0387049317359924,0.00795489549636841,0.00377154350280762,0.0585630536079407,0.0820496082305908,0.0153889060020447,0.0186359286308289,0.0165606737136841,0.0612167716026306,0.0364786982536316,0.0327546000480652,0.00144970417022705,0.0349889993667603,0.0156703591346741,0.0210838913917542,0.0147355794906616,0.0513989329338074,0.005176842212677,0.00193309783935547,0.0474897623062134,0.0177485942840576,0.0156089663505554,0.0205298662185669,0.00689840316772461,0.00612443685531616,0.00285357236862183,0.00792580842971802,0.0425696969032288,0.0899991393089294,0.0519301891326904,0.00280749797821045,0.0504387021064758,0.0463070273399353,0.042397677898407,0.0391333699226379,0.0166144967079163,0.0552433729171753,0.0502941012382507,0.0706098079681396,0.00432765483856201,0.0545033812522888,0.0505721569061279,0.0585015416145325,0.0507928729057312,0.0269390940666199,0.0173619389533997,0.0589074492454529,0.0498291850090027,0.0438219308853149,0.00373584032058716,0.0310313701629639,0.0686390399932861,0.0591442584991455,0.00861090421676636,0.0322548151016235,0.033322274684906,0.0472338795661926,0.0061071515083313,0.0272822976112366,0.0267969965934753,0,0.00391858816146851,0.0161683559417725,0.0143502354621887,0.0590039491653442,0.0252929329872131,0.0661927461624146,0.0423347949981689,0.00321269035339355,0.0157963633537292,0.00465929508209229,0.109171807765961,0.00658154487609863,0.00782895088195801,0.00104641914367676,0.0123772025108337,0.0131427645683289,0.0466896295547485,7.92145729064941e-05,0.0113797187805176,0.010934054851532,0.0153868198394775,0.00817137956619263,0.0110476016998291,0.00141894817352295,0.000518560409545898,0.016030490398407,0.0110411643981934,0.0420253276824951,0.0732657909393311,0.02092045545578,0.0146839022636414,0.0386905670166016,0.0117873549461365,0.0456838607788086,0.0414965152740479,0.0418379306793213,0.0422431230545044,0.0157738924026489,0.0120130181312561,0.0123308897018433,0.0145887136459351,0.0630007386207581,0.0510631203651428,0.0343499779701233,0.00751924514770508,0.0203734040260315,0.0434784293174744,0.00780653953552246,0.0323278307914734,0.0106289982795715,0.0339641571044922,0.0116750597953796,0.00102579593658447,0.00463473796844482,0.0278547406196594,0.0725644826889038,0.0104392766952515,0.00761425495147705,0.0429770350456238,0.0389454960823059,0.0204784870147705,0.0112874507904053,0.0488855838775635,0.0240097045898438,0.0461198091506958,0.0348405241966248,0.0268294811248779,0.0601401329040527,0.024334728717804,0.0650365352630615,0.00147747993469238,0.00915241241455078,0.043403685092926,0.0584729313850403,0.059286892414093,0.0160220265388489,0.0369621515274048,0.0457858443260193,0.0556249022483826,0.0178068876266479,0.0667567253112793,0.0657152533531189,0.0738441944122314,0.0664768815040588,0.0464458465576172,0.0953449010848999
"34086025",0.0628827810287476,0.0691225528717041,0.0349298119544983,0.0968855619430542,0.0579072833061218,0.0308319926261902,0.0288205742835999,0.0193944573402405,0.0304523706436157,0.060874879360199,0.0742274522781372,0.104374289512634,0.00762182474136353,0.112593472003937,0.0501260161399841,0.0167382955551147,0.0417100191116333,0.0274629592895508,0.0473031401634216,0.0325656533241272,0.146202325820923,0.0265387892723083,0.0494464635848999,0.00526976585388184,0.0849440693855286,0.00226545333862305,0.0094948410987854,0.0431073307991028,0.0719612836837769,0.00738066434860229,0.00267404317855835,0.0361551642417908,0.0340562462806702,0.066383421421051,0.0280463695526123,0.0379242300987244,0.030551552772522,0.0411086678504944,0.0131686329841614,0.0098755955696106,0.0140699744224548,0.0284874439239502,0.0277623534202576,0.0587559342384338,0.011384129524231,0.0125262141227722,0.0347863435745239,0.0040363073348999,0.000147044658660889,0.0546444654464722,0.0781310200691223,0.0114703178405762,0.0225545167922974,0.0204792618751526,0.0572981834411621,0.0325601100921631,0.0288360118865967,0.00246888399124146,0.0389075875282288,0.0195889472961426,0.0250024795532227,0.0108169913291931,0.0474803447723389,0.00909543037414551,0.00198549032211304,0.0514083504676819,0.0138300061225891,0.0195275545120239,0.0244484543800354,0.0108169913291931,0.00220584869384766,0.00677216053009033,0.00400722026824951,0.0386511087417603,0.0860805511474609,0.0558487772941589,0.00672608613967896,0.0465201139450073,0.0423884391784668,0.0463162660598755,0.0430519580841064,0.0205330848693848,0.0591619610786438,0.0542126893997192,0.0745283961296082,0.000409066677093506,0.0584219694137573,0.0544907450675964,0.062420129776001,0.0547114610671997,0.0308576822280884,0.0212805271148682,0.0628260374069214,0.0537477731704712,0.0477405190467834,0.00765442848205566,0.0349499583244324,0.0725576281547546,0.063062846660614,0.0125294923782349,0.036173403263092,0.0294036865234375,0.0433152914047241,0.00218856334686279,0.0233637094497681,0.0307155847549438,0.00391858816146851,0,0.012249767780304,0.0182688236236572,0.0550853610038757,0.0213743448257446,0.062274158000946,0.0384162068367004,0.000705897808074951,0.0118777751922607,0.000740706920623779,0.105253219604492,0.00266295671463013,0.0039103627204895,0.00496500730514526,0.0162957906723022,0.0170613527297974,0.04277104139328,0.003997802734375,0.0152983069419861,0.00701546669006348,0.011468231678009,0.0120899677276611,0.0071290135383606,0.00249963998794556,0.0044371485710144,0.0199490785598755,0.0149597525596619,0.0381067395210266,0.0693472027778625,0.0248390436172485,0.0107653141021729,0.0347719788551331,0.00786876678466797,0.0496024489402771,0.0454151034355164,0.0457565188407898,0.0383245348930359,0.0118553042411804,0.0080944299697876,0.0162494778633118,0.0106701254844666,0.0669193267822266,0.0549817085266113,0.0382685661315918,0.00360065698623657,0.0242919921875,0.0395598411560059,0.011725127696991,0.0284092426300049,0.01454758644104,0.0378827452659607,0.0155936479568481,0.00289279222488403,0.00855332612991333,0.0317733287811279,0.0764830708503723,0.01435786485672,0.0115328431129456,0.0468956232070923,0.0428640842437744,0.016559898853302,0.0152060389518738,0.052804172039032,0.0200911164283752,0.0500383973121643,0.0387591123580933,0.0307480692863464,0.0640587210655212,0.0282533168792725,0.06895512342453,0.00244110822677612,0.00523382425308228,0.0473222732543945,0.0623915195465088,0.0632054805755615,0.0121034383773804,0.0408807396888733,0.0497044324874878,0.0595434904098511,0.0217254757881165,0.0706753134727478,0.0696338415145874,0.0777627825737,0.0703954696655273,0.0503644347190857,0.0992634892463684
"34087021",0.0506330132484436,0.0568727850914001,0.0226800441741943,0.0846357941627502,0.0456575155258179,0.0185822248458862,0.0165708065032959,0.00714468955993652,0.0182026028633118,0.048625111579895,0.0619776844978333,0.0921245217323303,0.00462794303894043,0.100343704223633,0.0378762483596802,0.00448852777481079,0.0294602513313293,0.0152131915092468,0.0350533723831177,0.0203158855438232,0.133952558040619,0.0142890214920044,0.0371966958045959,0.00698000192642212,0.0726943016052246,0.014515221118927,0.00275492668151855,0.0308575630187988,0.0597115159034729,0.00486910343170166,0.0149238109588623,0.0239053964614868,0.0218064785003662,0.0541336536407471,0.0157966017723083,0.0256744623184204,0.018301784992218,0.0288589000701904,0.0254184007644653,0.00237417221069336,0.00182020664215088,0.0162376761436462,0.0155125856399536,0.0465061664581299,0.000865638256072998,0.0247759819030762,0.02253657579422,0.00821346044540405,0.0123968124389648,0.0423946976661682,0.0658812522888184,0.000779449939727783,0.0348042845726013,0.0327290296554565,0.0450484156608582,0.0203103423118591,0.0165862441062927,0.0147186517715454,0.0511573553085327,0.0318387150764465,0.0372522473335266,0.00143277645111084,0.0352305769920349,0.0213451981544495,0.014235258102417,0.0636581182479858,0.00158023834228516,0.0317773222923279,0.0366982221603394,0.0230667591094971,0.0100439190864563,0.0190219283103943,0.00824254751205444,0.0264013409614563,0.073830783367157,0.0680985450744629,0.0189758539199829,0.0342703461647034,0.0301386713981628,0.0585660338401794,0.0553017258644104,0.0327828526496887,0.0714117288589478,0.0664624571800232,0.0867781639099121,0.0118407011032104,0.0706717371940613,0.0667405128479004,0.0746698975563049,0.0669612288475037,0.0431074500083923,0.0335302948951721,0.0750758051872253,0.0659975409507751,0.0599902868270874,0.0199041962623596,0.0471997261047363,0.0848073959350586,0.075312614440918,0.0247792601585388,0.048423171043396,0.0171539187431335,0.0310655236244202,0.0100612044334412,0.0111139416694641,0.0429653525352478,0.0161683559417725,0.012249767780304,0,0.0305185914039612,0.0428355932235718,0.00912457704544067,0.0500243902206421,0.0261664390563965,0.0129556655883789,0.000371992588043213,0.0115090608596802,0.0930034518241882,0.00958681106567383,0.00833940505981445,0.0172147750854492,0.0285455584526062,0.0293111205101013,0.0305212736129761,0.016247570514679,0.02754807472229,0.00523430109024048,0.000781536102294922,0.0243397355079651,0.00512075424194336,0.0147494077682495,0.0166869163513184,0.0321988463401794,0.0272095203399658,0.0258569717407227,0.0570974349975586,0.0370888113975525,0.0014844536781311,0.0225222110748291,0.00438100099563599,0.0618522167205811,0.0576648712158203,0.0580062866210938,0.0260747671127319,0.000394463539123535,0.00415533781051636,0.0284992456436157,0.0015796422958374,0.0791690945625305,0.0672314763069153,0.0505183339118958,0.00864911079406738,0.036541759967804,0.0273100733757019,0.0239748954772949,0.0161594748497009,0.026797354221344,0.0501325130462646,0.0278434157371521,0.015142560005188,0.0208030939102173,0.0440230965614319,0.0887328386306763,0.0266076326370239,0.0237826108932495,0.0591453909873962,0.0551138520240784,0.00431013107299805,0.0274558067321777,0.0650539398193359,0.00784134864807129,0.0622881650924683,0.0510088801383972,0.0429978370666504,0.0763084888458252,0.0405030846595764,0.081204891204834,0.0146908760070801,0.00701594352722168,0.0595720410346985,0.0746412873268127,0.0754552483558655,0.000146329402923584,0.0531305074691772,0.0619542002677917,0.071793258190155,0.0339752435684204,0.0829250812530518,0.0818836092948914,0.0900125503540039,0.0826452374458313,0.0626142024993896,0.111513257026672
"34087022",0.0811516046524048,0.0873913764953613,0.0531986355781555,0.115154385566711,0.0761761069297791,0.0491008162498474,0.0470893979072571,0.0376632809638977,0.0487211942672729,0.0791437029838562,0.0924962759017944,0.122643113136292,0.0258906483650208,0.130862295627594,0.0683948397636414,0.035007119178772,0.0599788427352905,0.045731782913208,0.0655719637870789,0.0508344769477844,0.16447114944458,0.0448076128959656,0.0677152872085571,0.0235385894775391,0.103212893009186,0.0160033702850342,0.0277636647224426,0.06137615442276,0.0902301073074341,0.0256494879722595,0.0155947804450989,0.054423987865448,0.0523250699043274,0.0846522450447083,0.0463151931762695,0.0561930537223816,0.0488203763961792,0.0593774914741516,0.00510019063949585,0.0281444191932678,0.0323387980461121,0.0467562675476074,0.0460311770439148,0.0770247578620911,0.0296529531478882,0.00574260950088501,0.0530551671981812,0.0223051309585571,0.0181217789649963,0.0729132890701294,0.0963998436927795,0.0297391414642334,0.00428569316864014,0.00221043825149536,0.0755670070648193,0.0508289337158203,0.0471048355102539,0.0157999396324158,0.0206387639045715,0.00132012367248535,0.00673365592956543,0.0290858149528503,0.0657491683959961,0.00917339324951172,0.0162833333015442,0.0331395268440247,0.0320988297462463,0.0012587308883667,0.00617963075637817,0.00745183229446411,0.0204746723175049,0.0114966630935669,0.0222760438919067,0.0569199323654175,0.104349374771118,0.0375799536705017,0.0115427374839783,0.0647889375686646,0.060657262802124,0.0280474424362183,0.0247831344604492,0.00226426124572754,0.0408931374549866,0.035943865776062,0.0562595725059509,0.0186778903007507,0.0401531457901001,0.0362219214439392,0.0441513061523438,0.0364426374435425,0.0125888586044312,0.00301170349121094,0.0445572137832642,0.035478949546814,0.0294716954231262,0.0106143951416016,0.0166811347007751,0.0542888045310974,0.0447940230369568,0.00573933124542236,0.0179045796394348,0.0476725101470947,0.0615841150283813,0.02045738697052,0.0416325330734253,0.0124467611312866,0.0143502354621887,0.0182688236236572,0.0305185914039612,0,0.073354184627533,0.0396431684494019,0.0805429816246033,0.0566850304603577,0.0175629258155823,0.030146598815918,0.019009530544281,0.123522043228149,0.0209317803382874,0.0221791863441467,0.013303816318512,0.00197303295135498,0.00120747089385986,0.0610398650169373,0.0142710208892822,0.00297051668167114,0.0252842903137207,0.0297370553016663,0.00617885589599609,0.0253978371620178,0.0157691836357117,0.0138316750526428,0.00168025493621826,0.00330907106399536,0.0563755631446838,0.0876160264015198,0.00657021999359131,0.0290341377258301,0.0530408024787903,0.0261375904083252,0.0313336253166199,0.0271462798118591,0.0274876952171326,0.0565933585166931,0.0301241278648376,0.0263632535934448,0.00201934576034546,0.0289389491081238,0.0486505031585693,0.0367128849029541,0.0199997425079346,0.0218694806098938,0.00602316856384277,0.0578286647796631,0.00654369592666626,0.0466780662536621,0.00372123718261719,0.0196139216423035,0.00267517566680908,0.0153760313987732,0.0097154974937439,0.0135045051574707,0.0582142472267151,0.00391095876693726,0.00673598051071167,0.0286267995834351,0.0245952606201172,0.0348287224769592,0.00306278467178345,0.0345353484153748,0.0383599400520325,0.0317695736885071,0.020490288734436,0.0124792456626892,0.045789897441864,0.00998449325561523,0.0506862998008728,0.0158277153968811,0.0235026478767395,0.0290534496307373,0.0441226959228516,0.0449366569519043,0.0303722620010376,0.0226119160652161,0.0314356088638306,0.0412746667861938,0.00345665216445923,0.0524064898490906,0.0513650178909302,0.0594939589500427,0.0521266460418701,0.0320956110954285,0.0809946656227112
"34087023",0.00779742002487183,0.0140371918678284,0.0201555490493774,0.0418002009391785,0.00282192230224609,0.0242533683776855,0.0262647867202759,0.0356909036636353,0.02463299036026,0.00578951835632324,0.0191420912742615,0.0492889285087585,0.0474635362625122,0.057508111000061,0.0049593448638916,0.038347065448761,0.0133753418922424,0.027622401714325,0.0077822208404541,0.0225197076797485,0.0911169648170471,0.0285465717315674,0.00563889741897583,0.0498155951499939,0.0298587083816528,0.0573508143424988,0.0455905199050903,0.0119780302047729,0.0168759226799011,0.0477046966552734,0.0577594041824341,0.018930196762085,0.0210291147232056,0.0112980604171753,0.0270389914512634,0.0171611309051514,0.0245338082313538,0.0139766931533813,0.0682539939880371,0.0452097654342651,0.0410153865814209,0.0265979170799255,0.0273230075836182,0.00367057323455811,0.0437012314796448,0.0676115751266479,0.0202990174293518,0.0510490536689758,0.0552324056625366,0.000440895557403564,0.0230456590652466,0.0436150431632996,0.0776398777961731,0.0755646228790283,0.00221282243728638,0.0225252509117126,0.0262493491172791,0.0575542449951172,0.0939929485321045,0.0746743083000183,0.0800878405570984,0.0442683696746826,0.00760501623153687,0.0641807913780212,0.0570708513259888,0.106493711471558,0.0412553548812866,0.0746129155158997,0.0795338153839111,0.0659023523330688,0.0528795123100281,0.0618575215339661,0.0510781407356262,0.0164342522621155,0.0309951901435852,0.110934138298035,0.0618114471435547,0.00856524705886841,0.0126969218254089,0.101401627063751,0.0981373190879822,0.0756184458732605,0.11424732208252,0.109298050403595,0.129613757133484,0.0546762943267822,0.113507330417633,0.109576106071472,0.117505490779877,0.109796822071075,0.0859430432319641,0.0763658881187439,0.117911398410797,0.108833134174347,0.102825880050659,0.0627397894859314,0.0900353193283081,0.12764298915863,0.11814820766449,0.0676148533821106,0.0912587642669678,0.0256816744804382,0.0117700695991516,0.0528967976570129,0.0317216515541077,0.0858009457588196,0.0590039491653442,0.0550853610038757,0.0428355932235718,0.073354184627533,0,0.0337110161781311,0.00718879699707031,0.0166691541671753,0.0557912588119507,0.043207585811615,0.054344654083252,0.0501678586006165,0.0524224042892456,0.0511749982833862,0.060050368309021,0.071381151676178,0.0721467137336731,0.0123143196105957,0.0590831637382507,0.0703836679458618,0.0480698943138123,0.0436171293258667,0.0671753287315369,0.0479563474655151,0.0575850009918213,0.0595225095748901,0.0750344395637512,0.0700451135635376,0.0169786214828491,0.0142618417739868,0.0799244046211243,0.0443200469017029,0.0203133821487427,0.0472165942192078,0.104687809944153,0.100500464439392,0.100841879844666,0.0167608261108398,0.0432300567626953,0.0469909310340881,0.0713348388671875,0.0444152355194092,0.122004687786102,0.110067069530487,0.0933539271354675,0.0514847040176392,0.0793773531913757,0.0155255198478699,0.0668104887008667,0.0266761183738708,0.0696329474449158,0.0929681062698364,0.0706790089607239,0.0579781532287598,0.0636386871337891,0.0868586897850037,0.131568431854248,0.0694432258605957,0.0666182041168213,0.101980984210968,0.0979494452476501,0.0385254621505737,0.0702913999557495,0.107889533042908,0.0349942445755005,0.10512375831604,0.093844473361969,0.0858334302902222,0.119144082069397,0.0833386778831482,0.124040484428406,0.0575264692306519,0.0498515367507935,0.10240763425827,0.117476880550385,0.118290841579437,0.0429819226264954,0.095966100692749,0.104789793491364,0.114628851413727,0.0768108367919922,0.125760674476624,0.124719202518463,0.132848143577576,0.125480830669403,0.105449795722961,0.154348850250244
"34087025",0.0415084362030029,0.0477482080459595,0.0135554671287537,0.0755112171173096,0.0365329384803772,0.00945764780044556,0.00744622945785522,0.00197988748550415,0.00907802581787109,0.0395005345344543,0.0528531074523926,0.0829999446868896,0.0137525200843811,0.0912191271781921,0.0287516713142395,0.00463604927062988,0.0203356742858887,0.00608861446380615,0.025928795337677,0.0111913084983826,0.124827980995178,0.00516444444656372,0.0280721187591553,0.0161045789718628,0.0635697245597839,0.0236397981643677,0.0118795037269592,0.0217329859733582,0.0505869388580322,0.0139936804771423,0.024048388004303,0.0147808194160461,0.0126819014549255,0.0450090765953064,0.00667202472686768,0.0165498852729797,0.00917720794677734,0.0197343230247498,0.034542977809906,0.011498749256134,0.00730437040328979,0.00711309909820557,0.00638800859451294,0.0373815894126892,0.00999021530151367,0.0339005589485168,0.0134119987487793,0.0173380374908447,0.0215213894844055,0.0332701206207275,0.0567566752433777,0.00990402698516846,0.043928861618042,0.0418536067008972,0.0359238386154175,0.0111857652664185,0.00746166706085205,0.0238432288169861,0.0602819323539734,0.0409632921218872,0.0463768243789673,0.0105573534965515,0.0261059999465942,0.0304697751998901,0.0233598351478577,0.0727826952934265,0.00754433870315552,0.0409018993377686,0.04582279920578,0.0321913361549377,0.019168496131897,0.028146505355835,0.0173671245574951,0.0172767639160156,0.0647062063217163,0.0772231221199036,0.0281004309654236,0.0251457691192627,0.0210140943527222,0.0676906108856201,0.0644263029098511,0.0419074296951294,0.0805363059043884,0.0755870342254639,0.0959027409553528,0.0209652781486511,0.079796314239502,0.0758650898933411,0.0837944746017456,0.0760858058929443,0.052232027053833,0.0426548719406128,0.084200382232666,0.0751221179962158,0.0691148638725281,0.0290287733078003,0.056324303150177,0.0939319729804993,0.0844371914863586,0.0339038372039795,0.0575477480888367,0.00802934169769287,0.0219409465789795,0.0191857814788818,0.00198936462402344,0.0520899295806885,0.0252929329872131,0.0213743448257446,0.00912457704544067,0.0396431684494019,0.0337110161781311,0,0.0408998131752014,0.0170418620109558,0.0220802426338196,0.00949656963348389,0.0206336379051208,0.0838788747787476,0.0187113881111145,0.0174639821052551,0.0263393521308899,0.0376701354980469,0.038435697555542,0.0213966965675354,0.0253721475601196,0.0366726517677307,0.0143588781356812,0.0099061131477356,0.0334643125534058,0.014245331287384,0.0238739848136902,0.025811493396759,0.0413234233856201,0.0363340973854065,0.016732394695282,0.0479728579521179,0.0462133884429932,0.0106090307235718,0.0133976340293884,0.0135055780410767,0.0709767937660217,0.066789448261261,0.0671308636665344,0.0169501900672913,0.00951904058456421,0.013279914855957,0.0376238226890564,0.0107042193412781,0.0882936716079712,0.076356053352356,0.0596429109573364,0.0177736878395081,0.0456663370132446,0.0181854963302612,0.0330994725227356,0.00703489780426025,0.0359219312667847,0.0592570900917053,0.0369679927825928,0.0242671370506287,0.029927670955658,0.0531476736068726,0.0978574156761169,0.0357322096824646,0.0329071879386902,0.0682699680328369,0.064238429069519,0.00481444597244263,0.0365803837776184,0.0741785168647766,0.00128322839736938,0.0714127421379089,0.0601334571838379,0.0521224141120911,0.0854330658912659,0.0496276617050171,0.0903294682502747,0.0238154530525208,0.0161405205726624,0.0686966180801392,0.0837658643722534,0.0845798254013062,0.00927090644836426,0.0622550845146179,0.0710787773132324,0.0809178352355957,0.0430998206138611,0.0920496582984924,0.091008186340332,0.0991371273994446,0.091769814491272,0.0717387795448303,0.120637834072113
"34087027",0.000608623027801514,0.00684839487075806,0.0273443460464478,0.0346114039421082,0.00436687469482422,0.0314421653747559,0.0334535837173462,0.0428797006607056,0.0318217873573303,0.00139927864074707,0.0119532942771912,0.0421001315116882,0.0546523332595825,0.0503193140029907,0.0121481418609619,0.0455358624458313,0.0205641388893127,0.0348111987113953,0.0149710178375244,0.0297085046768188,0.0839281678199768,0.0357353687286377,0.0128276944160461,0.0570043921470642,0.0226699113845825,0.0645396113395691,0.0527793169021606,0.0191668272018433,0.00968712568283081,0.0548934936523438,0.0649482011795044,0.0261189937591553,0.0282179117202759,0.00410926342010498,0.0342277884483337,0.0243499279022217,0.0317226052284241,0.0211654901504517,0.0754427909851074,0.0523985624313354,0.0482041835784912,0.0337867140769958,0.0345118045806885,0.00351822376251221,0.0508900284767151,0.0748003721237183,0.0274878144264221,0.0582378506660461,0.0624212026596069,0.00762969255447388,0.0158568620681763,0.0508038401603699,0.0848286747932434,0.0827534198760986,0.00497597455978394,0.029714047908783,0.0334381461143494,0.0647430419921875,0.101181745529175,0.0818631052970886,0.0872766375541687,0.0514571666717529,0.0147938132286072,0.0713695883750916,0.0642596483230591,0.113682508468628,0.0484441518783569,0.08180171251297,0.0867226123809814,0.0730911493301392,0.0600683093070984,0.0690463185310364,0.0582669377326965,0.0236230492591858,0.0238063931465149,0.118122935295105,0.069000244140625,0.0157540440559387,0.0198857188224792,0.108590424060822,0.105326116085052,0.0828072428703308,0.12143611907959,0.116486847400665,0.136802554130554,0.0618650913238525,0.120696127414703,0.116764903068542,0.124694287776947,0.116985619068146,0.0931318402290344,0.0835546851158142,0.125100195407867,0.116021931171417,0.110014677047729,0.0699285864830017,0.0972241163253784,0.134831786155701,0.12533700466156,0.0748036503791809,0.0984475612640381,0.0328704714775085,0.0189588665962219,0.0600855946540833,0.038910448551178,0.0929897427558899,0.0661927461624146,0.062274158000946,0.0500243902206421,0.0805429816246033,0.00718879699707031,0.0408998131752014,0,0.0238579511642456,0.062980055809021,0.0503963828086853,0.0615334510803223,0.0429790616035461,0.0596112012863159,0.0583637952804565,0.0672391653060913,0.0785699486732483,0.0793355107307434,0.019503116607666,0.066271960735321,0.0775724649429321,0.0552586913108826,0.050805926322937,0.0743641257286072,0.0551451444625854,0.0647737979888916,0.0667113065719604,0.0822232365608215,0.0772339105606079,0.0241674184799194,0.0070730447769165,0.0871132016181946,0.0515088438987732,0.027502179145813,0.0544053912162781,0.111876606941223,0.107689261436462,0.108030676841736,0.0239496231079102,0.0504188537597656,0.0541797280311584,0.0785236358642578,0.0516040325164795,0.129193484783173,0.117255866527557,0.100542724132538,0.0586735010147095,0.086566150188446,0.0227143168449402,0.073999285697937,0.0338649153709412,0.0768217444419861,0.100156903266907,0.0778678059577942,0.0651669502258301,0.0708274841308594,0.094047486782074,0.138757228851318,0.076632022857666,0.0738070011138916,0.109169781208038,0.10513824224472,0.045714259147644,0.0774801969528198,0.115078330039978,0.0421830415725708,0.11231255531311,0.101033270359039,0.0930222272872925,0.126332879066467,0.0905274748802185,0.131229281425476,0.0647152662277222,0.0570403337478638,0.109596431255341,0.124665677547455,0.125479638576508,0.0501707196235657,0.103154897689819,0.111978590488434,0.121817648410797,0.0839996337890625,0.132949471473694,0.131907999515533,0.140036940574646,0.132669627666473,0.112638592720032,0.161537647247314
"34088024",0.0244665741920471,0.0307063460350037,0.00348639488220215,0.0584693551063538,0.0194910764694214,0.00758421421051025,0.00959563255310059,0.01902174949646,0.00796383619308472,0.0224586725234985,0.0358112454414368,0.0659580826759338,0.0307943820953369,0.0741772651672363,0.0117098093032837,0.0216779112815857,0.00329381227493286,0.0109532475471497,0.00888693332672119,0.00585055351257324,0.107786118984222,0.0118774175643921,0.0110302567481995,0.0331464409828186,0.0465278625488281,0.0406816601753235,0.028921365737915,0.00469112396240234,0.0335450768470764,0.0310355424880981,0.0410902500152588,0.00226104259490967,0.00435996055603027,0.0279672145843506,0.0103698372840881,0.000491976737976074,0.00786465406417847,0.00269246101379395,0.0515848398208618,0.0285406112670898,0.0243462324142456,0.00992876291275024,0.0106538534164429,0.0203397274017334,0.0270320773124695,0.0509424209594727,0.00362986326217651,0.0343798995018005,0.0385632514953613,0.0162282586097717,0.0397148132324219,0.0269458889961243,0.0609707236289978,0.058895468711853,0.0188819766044617,0.00585609674453735,0.00958019495010376,0.0408850908279419,0.0773237943649292,0.058005154132843,0.0634186863899231,0.0275992155075073,0.00906413793563843,0.0475116372108459,0.0404016971588135,0.0898245573043823,0.0245862007141113,0.0579437613487244,0.0628646612167358,0.0492331981658936,0.0362103581428528,0.0451883673667908,0.0344089865684509,0.000234901905059814,0.0476643443107605,0.0942649841308594,0.0451422929763794,0.00810390710830688,0.00397223234176636,0.0847324728965759,0.0814681649208069,0.0589492917060852,0.0975781679153442,0.0926288962364197,0.112944602966309,0.0380071401596069,0.0968381762504578,0.0929069519042969,0.100836336612701,0.0931276679039001,0.0692738890647888,0.0596967339515686,0.101242244243622,0.0921639800071716,0.0861567258834839,0.0460706353187561,0.0733661651611328,0.110973834991455,0.101479053497314,0.0509456992149353,0.0745896100997925,0.00901252031326294,0.00489908456802368,0.0362276434898376,0.0150524973869324,0.0691317915916443,0.0423347949981689,0.0384162068367004,0.0261664390563965,0.0566850304603577,0.0166691541671753,0.0170418620109558,0.0238579511642456,0,0.0391221046447754,0.0265384316444397,0.0376754999160767,0.0668370127677917,0.0357532501220703,0.0345058441162109,0.0433812141418457,0.0547119975090027,0.0554775595664978,0.00435483455657959,0.0424140095710754,0.0537145137786865,0.031400740146637,0.0269479751586914,0.0505061745643616,0.0312871932983398,0.040915846824646,0.0428533554077148,0.0583652853965759,0.0533759593963623,0.000309467315673828,0.0309309959411621,0.063255250453949,0.0276508927345276,0.00364422798156738,0.0305474400520325,0.0880186557769775,0.0838313102722168,0.0841727256774902,9.16719436645508e-05,0.02656090259552,0.0303217768669128,0.0546656847000122,0.0277460813522339,0.105335533618927,0.0933979153633118,0.0766847729682922,0.0348155498504639,0.0627081990242004,0.00114363431930542,0.0501413345336914,0.0100069642066956,0.0529637932777405,0.0762989521026611,0.0540098547935486,0.0413089990615845,0.0469695329666138,0.0701895356178284,0.114899277687073,0.0527740716934204,0.049949049949646,0.0853118300437927,0.0812802910804749,0.0218563079833984,0.0536222457885742,0.0912203788757324,0.0183250904083252,0.0884546041488647,0.0771753191947937,0.0691642761230469,0.102474927902222,0.0666695237159729,0.10737133026123,0.0408573150634766,0.0331823825836182,0.085738480091095,0.100807726383209,0.101621687412262,0.0263127684593201,0.0792969465255737,0.0881206393241882,0.0979596972465515,0.0601416826248169,0.109091520309448,0.108050048351288,0.1161789894104,0.108811676502228,0.0887806415557861,0.137679696083069
"34088025",0.0635886788368225,0.0698284506797791,0.0356357097625732,0.0975914597511292,0.0586131811141968,0.0315378904342651,0.0295264720916748,0.0201003551483154,0.0311582684516907,0.0615807771682739,0.0749333500862122,0.105080187320709,0.00832772254943848,0.113299369812012,0.0508319139480591,0.0174441933631897,0.0424159169197083,0.0281688570976257,0.0480090379714966,0.0332715511322021,0.146908223628998,0.0272446870803833,0.0501523613929749,0.00597566366195679,0.0856499671936035,0.0015595555305481,0.0102007389068604,0.0438132286071777,0.0726671814918518,0.00808656215667725,0.0019681453704834,0.0368610620498657,0.0347621440887451,0.067089319229126,0.0287522673606873,0.0386301279067993,0.0312574505805969,0.0418145656585693,0.0124627351760864,0.0105814933776855,0.0147758722305298,0.0291933417320251,0.0284682512283325,0.0594618320465088,0.0120900273323059,0.0118203163146973,0.0354922413825989,0.00474220514297485,0.000558853149414062,0.0553503632545471,0.0788369178771973,0.0121762156486511,0.0218486189842224,0.0197733640670776,0.0580040812492371,0.033266007900238,0.0295419096946716,0.0017629861831665,0.0382016897201538,0.0188830494880676,0.0242965817451477,0.0115228891372681,0.0481862425804138,0.00838953256607056,0.00127959251403809,0.0507024526596069,0.0145359039306641,0.018821656703949,0.0237425565719604,0.0101110935211182,0.00291174650192261,0.00606626272201538,0.00471311807632446,0.0393570065498352,0.0867864489555359,0.055142879486084,0.006020188331604,0.0472260117530823,0.0430943369865417,0.0456103682518005,0.0423460602760315,0.0198271870613098,0.0584560632705688,0.0535067915916443,0.0738224983215332,0.00111496448516846,0.0577160716056824,0.0537848472595215,0.061714231967926,0.0540055632591248,0.0301517844200134,0.0205746293067932,0.0621201395988464,0.0530418753623962,0.0470346212387085,0.00694853067398071,0.0342440605163574,0.0718517303466797,0.0623569488525391,0.0118235945701599,0.0354675054550171,0.0301095843315125,0.0440211892127991,0.00289446115493774,0.024069607257843,0.0300096869468689,0.00321269035339355,0.000705897808074951,0.0129556655883789,0.0175629258155823,0.0557912588119507,0.0220802426338196,0.062980055809021,0.0391221046447754,0,0.0125836730003357,0.00144660472869873,0.105959117412567,0.00336885452270508,0.00461626052856445,0.00425910949707031,0.0155898928642273,0.0163554549217224,0.043476939201355,0.00329190492630005,0.0145924091339111,0.00772136449813843,0.012174129486084,0.0113840699195862,0.00783491134643555,0.00179374217987061,0.00373125076293945,0.0192431807518005,0.0142538547515869,0.0388126373291016,0.0700531005859375,0.0241331458091736,0.0114712119102478,0.035477876663208,0.00857466459274292,0.0488965511322021,0.0447092056274414,0.0450506210327148,0.0390304327011108,0.0125612020492554,0.00880032777786255,0.0155435800552368,0.0113760232925415,0.0662134289741516,0.0542758107185364,0.0375626683235168,0.00430655479431152,0.023586094379425,0.0402657389640808,0.011019229888916,0.0291151404380798,0.0138416886329651,0.0371768474578857,0.0148877501487732,0.00218689441680908,0.00784742832183838,0.031067430973053,0.0757771730422974,0.013651967048645,0.0108269453048706,0.0461897253990173,0.0421581864356995,0.017265796661377,0.0145001411437988,0.052098274230957,0.0207970142364502,0.0493324995040894,0.0380532145500183,0.0300421714782715,0.0633528232574463,0.0275474190711975,0.0682492256164551,0.00173521041870117,0.00593972206115723,0.0466163754463196,0.0616856217384338,0.0624995827674866,0.0128093361854553,0.0401748418807983,0.0489985346794128,0.0588375926017761,0.0210195779800415,0.0699694156646729,0.0689279437065125,0.077056884765625,0.0696895718574524,0.0496585369110107,0.0985575914382935
"34088027",0.0510050058364868,0.0572447776794434,0.0230520367622375,0.0850077867507935,0.0460295081138611,0.0189542174339294,0.0169427990913391,0.00751668214797974,0.018574595451355,0.0489971041679382,0.0623496770858765,0.0924965143203735,0.00425595045089722,0.100715696811676,0.0382482409477234,0.004860520362854,0.0298322439193726,0.01558518409729,0.0354253649711609,0.0206878781318665,0.134324550628662,0.0146610140800476,0.0375686883926392,0.00660800933837891,0.0730662941932678,0.0141432285308838,0.00238293409347534,0.031229555606842,0.0600835084915161,0.00449711084365845,0.0145518183708191,0.02427738904953,0.0221784710884094,0.0545056462287903,0.0161685943603516,0.0260464549064636,0.0186737775802612,0.0292308926582336,0.0250464081764221,0.00200217962265015,0.00219219923019409,0.0166096687316895,0.0158845782279968,0.0468781590461731,0.000493645668029785,0.024403989315033,0.0229085683822632,0.00784146785736084,0.0120248198509216,0.0427666902542114,0.0662532448768616,0.00040745735168457,0.0344322919845581,0.0323570370674133,0.0454204082489014,0.0206823348999023,0.0169582366943359,0.0143466591835022,0.0507853627204895,0.0314667224884033,0.0368802547454834,0.00106078386306763,0.0356025695800781,0.0209732055664062,0.0138632655143738,0.0632861256599426,0.00195223093032837,0.0314053297042847,0.0363262295722961,0.0226947665214539,0.00967192649841309,0.0186499357223511,0.00787055492401123,0.0267733335494995,0.0742027759552002,0.0677265524864197,0.0186038613319397,0.0346423387527466,0.0305106639862061,0.0581940412521362,0.0549297332763672,0.0324108600616455,0.0710397362709045,0.06609046459198,0.0864061713218689,0.0114687085151672,0.0702997446060181,0.0663685202598572,0.0742979049682617,0.0665892362594604,0.0427354574203491,0.0331583023071289,0.0747038125991821,0.0656255483627319,0.0596182942390442,0.0195322036743164,0.0468277335166931,0.0844354033470154,0.0749406218528748,0.0244072675704956,0.0480511784553528,0.0175259113311768,0.0314375162124634,0.00968921184539795,0.0114859342575073,0.0425933599472046,0.0157963633537292,0.0118777751922607,0.000371992588043213,0.030146598815918,0.043207585811615,0.00949656963348389,0.0503963828086853,0.0265384316444397,0.0125836730003357,0,0.011137068271637,0.0933754444122314,0.00921481847763062,0.00796741247177124,0.016842782497406,0.028173565864563,0.0289391279220581,0.0308932662010193,0.0158755779266357,0.0271760821342468,0.00486230850219727,0.000409543514251709,0.0239677429199219,0.00474876165390015,0.0143774151802063,0.0163149237632751,0.0318268537521362,0.0268375277519226,0.0262289643287659,0.0574694275856018,0.0367168188095093,0.00111246109008789,0.0228942036628723,0.00400900840759277,0.0614802241325378,0.0572928786277771,0.0576342940330505,0.0264467597007751,2.24709510803223e-05,0.00378334522247314,0.0281272530555725,0.00120764970779419,0.0787971019744873,0.0668594837188721,0.0501463413238525,0.00827711820602417,0.0361697673797607,0.0276820659637451,0.0236029028892517,0.0165314674377441,0.0264253616333008,0.0497605204582214,0.0274714231491089,0.0147705674171448,0.0204311013221741,0.0436511039733887,0.0883608460426331,0.0262356400489807,0.0234106183052063,0.058773398399353,0.0547418594360352,0.00468212366104126,0.0270838141441345,0.0646819472312927,0.0082133412361145,0.061916172504425,0.050636887550354,0.0426258444786072,0.075936496257782,0.0401310920715332,0.0808328986167908,0.0143188834190369,0.00664395093917847,0.0592000484466553,0.0742692947387695,0.0750832557678223,0.000225663185119629,0.052758514881134,0.0615822076797485,0.0714212656021118,0.0336032509803772,0.0825530886650085,0.0815116167068481,0.0896405577659607,0.0822732448577881,0.0622422099113464,0.111141264438629
"34089023",0.0621420741081238,0.0683818459510803,0.0341891050338745,0.0961448550224304,0.057166576385498,0.0300912857055664,0.0280798673629761,0.0186537504196167,0.0297116637229919,0.0601341724395752,0.0734867453575134,0.10363358259201,0.00688111782073975,0.111852765083313,0.0493853092193604,0.015997588634491,0.0409693121910095,0.026722252368927,0.0465624332427979,0.0318249464035034,0.145461618900299,0.0257980823516846,0.0487057566642761,0.00452905893325806,0.0842033624649048,0.00300616025924683,0.00875413417816162,0.042366623878479,0.0712205767631531,0.00663995742797852,0.00341475009918213,0.035414457321167,0.0333155393600464,0.0656427145004272,0.0273056626319885,0.0371835231781006,0.0298108458518982,0.0403679609298706,0.0139093399047852,0.00913488864898682,0.0133292675018311,0.0277467370033264,0.0270216464996338,0.0580152273178101,0.0106434226036072,0.013266921043396,0.0340456366539001,0.00329560041427612,0.000887751579284668,0.0539037585258484,0.0773903131484985,0.0107296109199524,0.0232952237129211,0.0212199687957764,0.0565574765205383,0.0318194031715393,0.0280953049659729,0.00320959091186523,0.0396482944488525,0.0203296542167664,0.0257431864738464,0.0100762844085693,0.0467396378517151,0.00983613729476929,0.00272619724273682,0.0521490573883057,0.0130892992019653,0.0202682614326477,0.0251891613006592,0.0115576982498169,0.00146514177322388,0.00751286745071411,0.00326651334762573,0.0379104018211365,0.0853398442268372,0.0565894842147827,0.00746679306030273,0.0457794070243835,0.041647732257843,0.0470569729804993,0.0437926650047302,0.0212737917900085,0.0599026679992676,0.054953396320343,0.0752691030502319,0.000331640243530273,0.0591626763343811,0.0552314519882202,0.0631608366966248,0.0554521679878235,0.0315983891487122,0.0220212340354919,0.0635667443275452,0.054488480091095,0.0484812259674072,0.00839513540267944,0.0356906652450562,0.0732983350753784,0.0638035535812378,0.0132701992988586,0.0369141101837158,0.0286629796028137,0.0425745844841003,0.00144785642623901,0.0226230025291443,0.0314562916755676,0.00465929508209229,0.000740706920623779,0.0115090608596802,0.019009530544281,0.054344654083252,0.0206336379051208,0.0615334510803223,0.0376754999160767,0.00144660472869873,0.011137068271637,0,0.104512512683868,0.00192224979400635,0.00316965579986572,0.00570571422576904,0.017036497592926,0.0178020596504211,0.0420303344726562,0.00473850965499878,0.0160390138626099,0.0062747597694397,0.0107275247573853,0.0128306746482849,0.00638830661773682,0.00324034690856934,0.00517785549163818,0.0206897854804993,0.0157004594802856,0.0373660326004028,0.0686064958572388,0.0255797505378723,0.0100246071815491,0.0340312719345093,0.00712805986404419,0.0503431558609009,0.0461558103561401,0.0464972257614136,0.0375838279724121,0.0111145973205566,0.00735372304916382,0.0169901847839355,0.00992941856384277,0.0676600337028503,0.0557224154472351,0.0390092730522156,0.00285995006561279,0.0250326991081238,0.0388191342353821,0.0124658346176147,0.0276685357093811,0.0152882933616638,0.0386234521865845,0.0163343548774719,0.00363349914550781,0.00929403305053711,0.0325140357017517,0.0772237777709961,0.0150985717773438,0.0122735500335693,0.0476363301277161,0.0436047911643982,0.0158191919326782,0.0159467458724976,0.0535448789596558,0.0193504095077515,0.0507791042327881,0.039499819278717,0.0314887762069702,0.064799427986145,0.0289940237998962,0.0696958303451538,0.0031818151473999,0.0044931173324585,0.0480629801750183,0.0631322264671326,0.0639461874961853,0.0113627314567566,0.0416214466094971,0.0504451394081116,0.0602841973304749,0.0224661827087402,0.0714160203933716,0.0703745484352112,0.0785034894943237,0.0711361765861511,0.0511051416397095,0.100004196166992
"34089024",0.0423704385757446,0.0361306667327881,0.0703234076499939,0.00836765766143799,0.0473459362983704,0.074421226978302,0.0764326453208923,0.0858587622642517,0.0748008489608765,0.0443783402442932,0.031025767326355,0.00087893009185791,0.0976313948631287,0.00734025239944458,0.0551272034645081,0.0885149240493774,0.0635432004928589,0.0777902603149414,0.0579500794410706,0.072687566280365,0.0409491062164307,0.0787144303321838,0.0558067560195923,0.0999834537506104,0.0203091502189636,0.107518672943115,0.0957583785057068,0.0621458888053894,0.0332919359207153,0.0978725552558899,0.107927262783051,0.0690980553627014,0.071196973323822,0.0388697981834412,0.0772068500518799,0.0673289895057678,0.0747016668319702,0.0641445517539978,0.118421852588654,0.0953776240348816,0.0911832451820374,0.076765775680542,0.0774908661842346,0.0464972853660583,0.0938690900802612,0.117779433727264,0.0704668760299683,0.101216912269592,0.105400264263153,0.05060875415802,0.0271221995353699,0.093782901763916,0.12780773639679,0.125732481479645,0.0479550361633301,0.0726931095123291,0.0764172077178955,0.107722103595734,0.144160807132721,0.124842166900635,0.130255699157715,0.0944362282752991,0.0577728748321533,0.114348649978638,0.107238709926605,0.156661570072174,0.0914232134819031,0.124780774116516,0.129701673984528,0.116070210933685,0.103047370910645,0.112025380134583,0.101245999336243,0.0666021108627319,0.0191726684570312,0.161101996898651,0.111979305744171,0.0587331056594849,0.0628647804260254,0.151569485664368,0.148305177688599,0.125786304473877,0.164415180683136,0.159465909004211,0.1797816157341,0.104844152927399,0.16367518901825,0.159743964672089,0.167673349380493,0.159964680671692,0.136110901832581,0.12653374671936,0.168079257011414,0.159000992774963,0.152993738651276,0.112907648086548,0.140203177928925,0.177810847759247,0.168316066265106,0.117782711982727,0.141426622867584,0.0758495330810547,0.0619379281997681,0.103064656257629,0.0818895101547241,0.135968804359436,0.109171807765961,0.105253219604492,0.0930034518241882,0.123522043228149,0.0501678586006165,0.0838788747787476,0.0429790616035461,0.0668370127677917,0.105959117412567,0.0933754444122314,0.104512512683868,0,0.102590262889862,0.101342856884003,0.110218226909637,0.121549010276794,0.12231457233429,0.0624821782112122,0.109251022338867,0.120551526546478,0.0982377529144287,0.0937849879264832,0.117343187332153,0.0981242060661316,0.107752859592438,0.109690368175507,0.125202298164368,0.120212972164154,0.0671464800834656,0.0359060168266296,0.130092263221741,0.0944879055023193,0.0704812407493591,0.0973844528198242,0.154855668544769,0.150668323040009,0.151009738445282,0.0669286847114563,0.0933979153633118,0.0971587896347046,0.121502697467804,0.0945830941200256,0.172172546386719,0.160234928131104,0.143521785736084,0.101652562618256,0.129545211791992,0.0656933784484863,0.116978347301483,0.0768439769744873,0.119800806045532,0.143135964870453,0.12084686756134,0.108146011829376,0.113806545734406,0.13702654838562,0.181736290454865,0.119611084461212,0.116786062717438,0.152148842811584,0.148117303848267,0.0886933207511902,0.120459258556366,0.158057391643524,0.0851621031761169,0.155291616916656,0.144012331962585,0.136001288890839,0.169311940670013,0.133506536483765,0.174208343029022,0.107694327831268,0.10001939535141,0.152575492858887,0.167644739151001,0.168458700180054,0.0931497812271118,0.146133959293365,0.15495765209198,0.164796710014343,0.126978695392609,0.17592853307724,0.17488706111908,0.183016002178192,0.17564868927002,0.155617654323578,0.204516708850861
"34089026",0.0602198243141174,0.066459596157074,0.0322668552398682,0.0942226052284241,0.0552443265914917,0.0281690359115601,0.0261576175689697,0.0167315006256104,0.0277894139289856,0.0582119226455688,0.0715644955635071,0.101711332798004,0.0049588680267334,0.109930515289307,0.047463059425354,0.0140753388404846,0.0390470623970032,0.0248000025749207,0.0446401834487915,0.0299026966094971,0.143539369106293,0.0238758325576782,0.0467835068702698,0.00260680913925171,0.0822811126708984,0.00492841005325317,0.00683188438415527,0.0404443740844727,0.0692983269691467,0.00471770763397217,0.00533699989318848,0.0334922075271606,0.03139328956604,0.0637204647064209,0.0253834128379822,0.0352612733840942,0.0278885960578918,0.0384457111358643,0.0158315896987915,0.00721263885498047,0.0114070177078247,0.0258244872093201,0.0250993967056274,0.0560929775238037,0.00872117280960083,0.0151891708374023,0.0321233868598938,0.00137335062026978,0.00281000137329102,0.051981508731842,0.0754680633544922,0.00880736112594604,0.0252174735069275,0.0231422185897827,0.054635226726532,0.029897153377533,0.0261730551719666,0.00513184070587158,0.0415705442428589,0.0222519040107727,0.0276654362678528,0.00815403461456299,0.0448173880577087,0.0117583870887756,0.00464844703674316,0.054071307182312,0.011167049407959,0.0221905112266541,0.0271114110946655,0.0134799480438232,0.000457108020782471,0.00943511724472046,0.00134426355361938,0.0359881520271301,0.0834175944328308,0.0585117340087891,0.00938904285430908,0.0438571572303772,0.0397254824638367,0.0489792227745056,0.0457149147987366,0.0231960415840149,0.0618249177932739,0.0568756461143494,0.0771913528442383,0.00225389003753662,0.0610849261283875,0.0571537017822266,0.0650830864906311,0.0573744177818298,0.0335206389427185,0.0239434838294983,0.0654889941215515,0.0564107298851013,0.0504034757614136,0.0103173851966858,0.0376129150390625,0.0752205848693848,0.0657258033752441,0.015192449092865,0.0388363599777222,0.0267407298088074,0.040652334690094,0.000474393367767334,0.0207007527351379,0.033378541469574,0.00658154487609863,0.00266295671463013,0.00958681106567383,0.0209317803382874,0.0524224042892456,0.0187113881111145,0.0596112012863159,0.0357532501220703,0.00336885452270508,0.00921481847763062,0.00192224979400635,0.102590262889862,0,0.00124740600585938,0.00762796401977539,0.0189587473869324,0.0197243094444275,0.0401080846786499,0.00666075944900513,0.0179612636566162,0.00435250997543335,0.00880527496337891,0.0147529244422913,0.00446605682373047,0.00516259670257568,0.00710010528564453,0.0226120352745056,0.017622709274292,0.0354437828063965,0.0666842460632324,0.0275020003318787,0.00810235738754272,0.0321090221405029,0.00520581007003784,0.0522654056549072,0.0480780601501465,0.0484194755554199,0.0356615781784058,0.00919234752655029,0.00543147325515747,0.0189124345779419,0.00800716876983643,0.0695822834968567,0.0576446652412415,0.0409315228462219,0.000937700271606445,0.0269549489021301,0.0368968844413757,0.0143880844116211,0.0257462859153748,0.0172105431556702,0.0405457019805908,0.0182566046714783,0.00555574893951416,0.0112162828445435,0.0344362854957581,0.0791460275650024,0.0170208215713501,0.0141957998275757,0.0495585799217224,0.0455270409584045,0.0138969421386719,0.0178689956665039,0.0554671287536621,0.0174281597137451,0.0527013540267944,0.0414220690727234,0.0334110260009766,0.0667216777801514,0.0309162735939026,0.0716180801391602,0.00510406494140625,0.00257086753845215,0.0499852299690247,0.0650544762611389,0.0658684372901917,0.00944048166275024,0.0435436964035034,0.0523673892021179,0.0622064471244812,0.0243884325027466,0.0733382701873779,0.0722967982292175,0.0804257392883301,0.0730584263801575,0.0530273914337158,0.101926445960999
"34089027",0.0589724183082581,0.0652121901512146,0.0310194492340088,0.0929751992225647,0.0539969205856323,0.0269216299057007,0.0249102115631104,0.015484094619751,0.0265420079231262,0.0569645166397095,0.0703170895576477,0.100463926792145,0.00371146202087402,0.108683109283447,0.0462156534194946,0.0128279328346252,0.0377996563911438,0.0235525965690613,0.0433927774429321,0.0286552906036377,0.142291963100433,0.0226284265518188,0.0455361008644104,0.00135940313339233,0.0810337066650391,0.00617581605911255,0.0055844783782959,0.0391969680786133,0.0680509209632874,0.00347030162811279,0.00658440589904785,0.0322448015213013,0.0301458835601807,0.0624730587005615,0.0241360068321228,0.0340138673782349,0.0266411900520325,0.0371983051300049,0.0170789957046509,0.00596523284912109,0.0101596117019653,0.0245770812034607,0.0238519906997681,0.0548455715179443,0.00747376680374146,0.0164365768432617,0.0308759808540344,0.0001259446144104,0.00405740737915039,0.0507341027259827,0.0742206573486328,0.00755995512008667,0.0264648795127869,0.0243896245956421,0.0533878207206726,0.0286497473716736,0.0249256491661072,0.00637924671173096,0.0428179502487183,0.0234993100166321,0.0289128422737122,0.00690662860870361,0.0435699820518494,0.013005793094635,0.00589585304260254,0.0553187131881714,0.00991964340209961,0.0234379172325134,0.0283588171005249,0.0147273540496826,0.00170451402664185,0.0106825232505798,9.68575477600098e-05,0.0347407460212708,0.0821701884269714,0.0597591400146484,0.0106364488601685,0.0426097512245178,0.0384780764579773,0.050226628780365,0.0469623208045959,0.0244434475898743,0.0630723237991333,0.0581230521202087,0.0784387588500977,0.003501296043396,0.0623323321342468,0.0584011077880859,0.0663304924964905,0.0586218237876892,0.0347680449485779,0.0251908898353577,0.0667364001274109,0.0576581358909607,0.0516508817672729,0.0115647912025452,0.0388603210449219,0.0764679908752441,0.0669732093811035,0.0164398550987244,0.0400837659835815,0.025493323802948,0.0394049286842346,0.00172179937362671,0.0194533467292786,0.0346259474754333,0.00782895088195801,0.0039103627204895,0.00833940505981445,0.0221791863441467,0.0511749982833862,0.0174639821052551,0.0583637952804565,0.0345058441162109,0.00461626052856445,0.00796741247177124,0.00316965579986572,0.101342856884003,0.00124740600585938,0,0.00887537002563477,0.0202061533927917,0.0209717154502869,0.0388606786727905,0.0079081654548645,0.0192086696624756,0.00310510396957397,0.00755786895751953,0.0160003304481506,0.00321865081787109,0.00641000270843506,0.00834751129150391,0.023859441280365,0.0188701152801514,0.0341963768005371,0.065436840057373,0.028749406337738,0.00685495138168335,0.0308616161346436,0.00395840406417847,0.0535128116607666,0.0493254661560059,0.0496668815612793,0.0344141721725464,0.00794494152069092,0.0041840672492981,0.0201598405838013,0.00675976276397705,0.0708296895027161,0.0588920712471008,0.0421789288520813,0.00030970573425293,0.0282023549079895,0.0356494784355164,0.0156354904174805,0.0244988799095154,0.0184579491615295,0.0417931079864502,0.0195040106773376,0.00680315494537354,0.0124636888504028,0.0356836915016174,0.0803934335708618,0.0182682275772095,0.0154432058334351,0.0508059859275818,0.0467744469642639,0.0126495361328125,0.0191164016723633,0.0567145347595215,0.0161807537078857,0.0539487600326538,0.0426694750785828,0.0346584320068359,0.0679690837860107,0.032163679599762,0.0728654861450195,0.00635147094726562,0.00132346153259277,0.051232635974884,0.0663018822669983,0.067115843296051,0.00819307565689087,0.0447911024093628,0.0536147952079773,0.0634538531303406,0.025635838508606,0.0745856761932373,0.0735442042350769,0.0816731452941895,0.0743058323860168,0.0542747974395752,0.103173851966858
"34090021",0.0678477883338928,0.0740875601768494,0.0398948192596436,0.101850569248199,0.0628722906112671,0.0357969999313354,0.0337855815887451,0.0243594646453857,0.035417377948761,0.0658398866653442,0.0791924595832825,0.10933929681778,0.0125868320465088,0.117558479309082,0.0550910234451294,0.02170330286026,0.0466750264167786,0.032427966594696,0.0522681474685669,0.0375306606292725,0.151167333126068,0.0315037965774536,0.0544114708900452,0.0102347731590271,0.0899090766906738,0.00269955396652222,0.0144598484039307,0.048072338104248,0.0769262909889221,0.0123456716537476,0.00229096412658691,0.041120171546936,0.0390212535858154,0.0713484287261963,0.0330113768577576,0.0428892374038696,0.0355165600776672,0.0460736751556396,0.00820362567901611,0.0148406028747559,0.0190349817276001,0.0334524512290955,0.0327273607254028,0.0637209415435791,0.0163491368293762,0.00756120681762695,0.0397513508796692,0.00900131464004517,0.00481796264648438,0.0596094727516174,0.0830960273742676,0.0164353251457214,0.0175895094871521,0.0155142545700073,0.0622631907463074,0.0375251173973083,0.0338010191917419,0.00249612331390381,0.0339425802230835,0.0146239399909973,0.0200374722480774,0.0157819986343384,0.0524453520774841,0.00413042306900024,0.00297951698303223,0.0464433431625366,0.0187950134277344,0.0145625472068787,0.0194834470748901,0.00585198402404785,0.00717085599899292,0.00180715322494507,0.00897222757339478,0.0436161160469055,0.0910455584526062,0.0508837699890137,0.00176107883453369,0.0514851212501526,0.0473534464836121,0.0413512587547302,0.0380869507789612,0.0155680775642395,0.0541969537734985,0.049247682094574,0.0695633888244629,0.00537407398223877,0.0534569621086121,0.0495257377624512,0.0574551224708557,0.0497464537620544,0.0258926749229431,0.0163155198097229,0.0578610301017761,0.0487827658653259,0.0427755117416382,0.0026894211769104,0.0299849510192871,0.0675926208496094,0.0580978393554688,0.0075644850730896,0.0312083959579468,0.0343686938285828,0.0482802987098694,0.00715357065200806,0.0283287167549133,0.0257505774497986,0.00104641914367676,0.00496500730514526,0.0172147750854492,0.013303816318512,0.060050368309021,0.0263393521308899,0.0672391653060913,0.0433812141418457,0.00425910949707031,0.016842782497406,0.00570571422576904,0.110218226909637,0.00762796401977539,0.00887537002563477,0,0.011330783367157,0.0120963454246521,0.0477360486984253,0.000967204570770264,0.0103332996368408,0.0119804739952087,0.0164332389831543,0.00712496042251587,0.0120940208435059,0.00246536731719971,0.000527858734130859,0.0149840712547302,0.0099947452545166,0.0430717468261719,0.0743122100830078,0.0198740363121033,0.0157303214073181,0.0397369861602783,0.0128337740898132,0.0446374416351318,0.0404500961303711,0.0407915115356445,0.0432895421981812,0.0168203115463257,0.0130594372749329,0.0112844705581665,0.0156351327896118,0.0619543194770813,0.0500167012214661,0.0333035588264465,0.00856566429138184,0.0193269848823547,0.0445248484611511,0.0067601203918457,0.0333742499351501,0.00958257913589478,0.0329177379608154,0.0106286406517029,0.00207221508026123,0.00358831882476807,0.0268083214759827,0.0715180635452271,0.00939285755157471,0.00656783580780029,0.041930615901947,0.0378990769386292,0.0215249061584473,0.0102410316467285,0.0478391647338867,0.0250561237335205,0.045073390007019,0.033794105052948,0.0257830619812012,0.059093713760376,0.0232883095741272,0.0639901161193848,0.00252389907836914,0.0101988315582275,0.0423572659492493,0.0574265122413635,0.0582404732704163,0.0170684456825256,0.035915732383728,0.0447394251823425,0.0545784831047058,0.0167604684829712,0.0657103061676025,0.0646688342094421,0.0727977752685547,0.0654304623603821,0.0453994274139404,0.0942984819412231
"34090022",0.0791785717010498,0.0854183435440063,0.0512256026268005,0.113181352615356,0.0742030739784241,0.0471277832984924,0.0451163649559021,0.0356902480125427,0.046748161315918,0.0771706700325012,0.0905232429504395,0.120670080184937,0.0239176154136658,0.128889262676239,0.0664218068122864,0.033034086227417,0.0580058097839355,0.043758749961853,0.0635989308357239,0.0488614439964294,0.162498116493225,0.0428345799446106,0.0657422542572021,0.0215655565261841,0.101239860057831,0.0140303373336792,0.0257906317710876,0.059403121471405,0.0882570743560791,0.0236764550209045,0.0136217474937439,0.052450954914093,0.0503520369529724,0.0826792120933533,0.0443421602249146,0.0542200207710266,0.0468473434448242,0.0574044585227966,0.00312715768814087,0.0261713862419128,0.0303657650947571,0.0447832345962524,0.0440581440925598,0.0750517249107361,0.0276799201965332,0.00376957654953003,0.0510821342468262,0.0203320980072021,0.0161487460136414,0.0709402561187744,0.0944268107414246,0.0277661085128784,0.00625872611999512,0.00418347120285034,0.0735939741134644,0.0488559007644653,0.0451318025588989,0.0138269066810608,0.0226117968559265,0.00329315662384033,0.00870668888092041,0.0271127820014954,0.0637761354446411,0.00720036029815674,0.0143103003501892,0.0351125597953796,0.0301257967948914,0.00323176383972168,0.00815266370773315,0.00547879934310913,0.0185016393661499,0.00952363014221191,0.0203030109405518,0.0549468994140625,0.102376341819763,0.0395529866218567,0.00956970453262329,0.0628159046173096,0.058684229850769,0.0300204753875732,0.0267561674118042,0.00423729419708252,0.0428661704063416,0.037916898727417,0.0582326054573059,0.0167048573493958,0.0421261787414551,0.0381949543952942,0.0461243391036987,0.0384156703948975,0.0145618915557861,0.00498473644256592,0.0465302467346191,0.0374519824981689,0.0314447283744812,0.00864136219024658,0.0186541676521301,0.0562618374824524,0.0467670559883118,0.00376629829406738,0.0198776125907898,0.0456994771957397,0.0596110820770264,0.018484354019165,0.0396595001220703,0.0144197940826416,0.0123772025108337,0.0162957906723022,0.0285455584526062,0.00197303295135498,0.071381151676178,0.0376701354980469,0.0785699486732483,0.0547119975090027,0.0155898928642273,0.028173565864563,0.017036497592926,0.121549010276794,0.0189587473869324,0.0202061533927917,0.011330783367157,0,0.000765562057495117,0.0590668320655823,0.0122979879379272,0.000997483730316162,0.0233112573623657,0.0277640223503113,0.00420582294464111,0.0234248042106628,0.0137961506843567,0.0118586421012878,0.00365328788757324,0.00133603811264038,0.0544025301933289,0.0856429934501648,0.00854325294494629,0.0270611047744751,0.0510677695274353,0.0241645574569702,0.0333066582679749,0.0291193127632141,0.0294607281684875,0.0546203255653381,0.0281510949134827,0.0243902206420898,4.63128089904785e-05,0.0269659161567688,0.0506235361099243,0.0386859178543091,0.0219727754592896,0.0198964476585388,0.00799620151519775,0.0558556318283081,0.00457066297531128,0.0447050333023071,0.00174820423126221,0.0215869545936584,0.000702142715454102,0.0134029984474182,0.00774246454238892,0.0154775381088257,0.0601872801780701,0.00193792581558228,0.00476294755935669,0.03059983253479,0.0265682935714722,0.0328556895256042,0.00108975172042847,0.0365083813667297,0.0363869071006775,0.0337426066398621,0.022463321685791,0.0144522786140442,0.047762930393219,0.0119575262069702,0.0526593327522278,0.0138546824455261,0.0215296149253845,0.0310264825820923,0.0460957288742065,0.0469096899032593,0.0283992290496826,0.024584949016571,0.0334086418151855,0.0432476997375488,0.00542968511581421,0.0543795228004456,0.0533380508422852,0.0614669919013977,0.0540996789932251,0.0340686440467834,0.0829676985740662
"34090025",0.0799441337585449,0.0861839056015015,0.0519911646842957,0.113946914672852,0.0749686360359192,0.0478933453559875,0.0458819270133972,0.0364558100700378,0.0475137233734131,0.0779362320899963,0.0912888050079346,0.121435642242432,0.0246831774711609,0.129654824733734,0.0671873688697815,0.0337996482849121,0.0587713718414307,0.0445243120193481,0.064364492893219,0.0496270060539246,0.16326367855072,0.0436001420021057,0.0665078163146973,0.0223311185836792,0.102005422115326,0.0147958993911743,0.0265561938285828,0.0601686835289001,0.0890226364135742,0.0244420170783997,0.014387309551239,0.0532165169715881,0.0511175990104675,0.0834447741508484,0.0451077222824097,0.0549855828285217,0.0476129055023193,0.0581700205802917,0.00389271974563599,0.026936948299408,0.0311313271522522,0.0455487966537476,0.0448237061500549,0.0758172869682312,0.0284454822540283,0.00453513860702515,0.0518476963043213,0.0210976600646973,0.0169143080711365,0.0717058181762695,0.0951923727989197,0.0285316705703735,0.0054931640625,0.00341790914535522,0.0743595361709595,0.0496214628219604,0.045897364616394,0.0145924687385559,0.0218462347984314,0.00252759456634521,0.00794112682342529,0.0278783440589905,0.0645416975021362,0.00796592235565186,0.0150758624076843,0.0343469977378845,0.0308913588523865,0.00246620178222656,0.00738710165023804,0.00624436140060425,0.019267201423645,0.010289192199707,0.0210685729980469,0.0557124614715576,0.103141903877258,0.0387874245643616,0.0103352665901184,0.0635814666748047,0.0594497919082642,0.0292549133300781,0.0259906053543091,0.0034717321395874,0.0421006083488464,0.0371513366699219,0.0574670433998108,0.0174704194068909,0.04136061668396,0.0374293923377991,0.0453587770462036,0.0376501083374023,0.013796329498291,0.0042191743850708,0.045764684677124,0.0366864204406738,0.0306791663169861,0.0094069242477417,0.017888605594635,0.0554962754249573,0.0460014939308167,0.0045318603515625,0.0191120505332947,0.0464650392532349,0.0603766441345215,0.0192499160766602,0.0404250621795654,0.0136542320251465,0.0131427645683289,0.0170613527297974,0.0293111205101013,0.00120747089385986,0.0721467137336731,0.038435697555542,0.0793355107307434,0.0554775595664978,0.0163554549217224,0.0289391279220581,0.0178020596504211,0.12231457233429,0.0197243094444275,0.0209717154502869,0.0120963454246521,0.000765562057495117,0,0.0598323941230774,0.0130635499954224,0.00176304578781128,0.0240768194198608,0.0285295844078064,0.00497138500213623,0.024190366268158,0.0145617127418518,0.012624204158783,0.00288772583007812,0.0021016001701355,0.055168092250824,0.0864085555076599,0.00777769088745117,0.0278266668319702,0.0518333315849304,0.0249301195144653,0.0325410962104797,0.028353750705719,0.0286951661109924,0.0553858876228333,0.0289166569709778,0.025155782699585,0.000811874866485596,0.0277314782142639,0.0498579740524292,0.037920355796814,0.0212072134017944,0.0206620097160339,0.00723063945770264,0.0566211938858032,0.0053362250328064,0.0454705953598022,0.00251376628875732,0.0208213925361633,0.00146770477294922,0.0141685605049133,0.00850802659988403,0.0147119760513306,0.059421718120575,0.00270348787307739,0.00552850961685181,0.0298342704772949,0.0258027315139771,0.0336212515830994,0.00185531377792358,0.0357428193092346,0.0371524691581726,0.0329770445823669,0.0216977596282959,0.0136867165565491,0.0469973683357239,0.0111919641494751,0.0518937706947327,0.0146202445030212,0.0222951769828796,0.0302609205245972,0.0453301668167114,0.0461441278457642,0.0291647911071777,0.0238193869590759,0.0326430797576904,0.0424821376800537,0.00466412305831909,0.0536139607429504,0.05257248878479,0.0607014298439026,0.05333411693573,0.0333030819892883,0.082202136516571
"34090028",0.0201117396354675,0.0263515114784241,0.00784122943878174,0.0541145205497742,0.0151362419128418,0.0119390487670898,0.0139504671096802,0.0233765840530396,0.0123186707496643,0.0181038379669189,0.0314564108848572,0.0616032481193542,0.0351492166519165,0.0698224306106567,0.0073549747467041,0.0260327458381653,0.00106102228164673,0.0153080821037292,0.0045320987701416,0.0102053880691528,0.103431284427643,0.0162322521209717,0.00667542219161987,0.0375012755393982,0.0421730279922485,0.0450364947319031,0.0332762002944946,0.000336289405822754,0.0291902422904968,0.0353903770446777,0.0454450845718384,0.00661587715148926,0.00871479511260986,0.023612380027771,0.0147246718406677,0.00484681129455566,0.0122194886207581,0.00166237354278564,0.0559396743774414,0.0328954458236694,0.0287010669708252,0.0142835974693298,0.0150086879730225,0.0159848928451538,0.0313869118690491,0.0552972555160522,0.0079846978187561,0.0387347340583801,0.0429180860519409,0.0118734240531921,0.0353599786758423,0.0313007235527039,0.0653255581855774,0.0632503032684326,0.0145271420478821,0.0102109313011169,0.0139350295066833,0.0452399253845215,0.0816786289215088,0.0623599886894226,0.0677735209465027,0.0319540500640869,0.00470930337905884,0.0518664717674255,0.0447565317153931,0.0941793918609619,0.0289410352706909,0.062298595905304,0.0672194957733154,0.0535880327224731,0.0405651926994324,0.0495432019233704,0.0387638211250305,0.00411993265151978,0.0433095097541809,0.098619818687439,0.049497127532959,0.00374907255172729,0.000382602214813232,0.0890873074531555,0.0858229994773865,0.0633041262626648,0.101933002471924,0.0969837307929993,0.117299437522888,0.0423619747161865,0.101193010807037,0.0972617864608765,0.105191171169281,0.0974825024604797,0.0736287236213684,0.0640515685081482,0.105597078800201,0.0965188145637512,0.0905115604400635,0.0504254698753357,0.0777209997177124,0.115328669548035,0.105833888053894,0.0553005337715149,0.0789444446563721,0.0133673548698425,0.000544250011444092,0.0405824780464172,0.019407331943512,0.0734866261482239,0.0466896295547485,0.04277104139328,0.0305212736129761,0.0610398650169373,0.0123143196105957,0.0213966965675354,0.019503116607666,0.00435483455657959,0.043476939201355,0.0308932662010193,0.0420303344726562,0.0624821782112122,0.0401080846786499,0.0388606786727905,0.0477360486984253,0.0590668320655823,0.0598323941230774,0,0.046768844127655,0.0580693483352661,0.0357555747032166,0.031302809715271,0.0548610091209412,0.0356420278549194,0.0452706813812256,0.0472081899642944,0.0627201199531555,0.0577307939529419,0.00466430187225342,0.0265761613845825,0.0676100850105286,0.0320057272911072,0.00799906253814697,0.0349022746086121,0.0923734903335571,0.0881861448287964,0.0885275602340698,0.00444650650024414,0.0309157371520996,0.0346766114234924,0.0590205192565918,0.0321009159088135,0.109690368175507,0.0977527499198914,0.0810396075248718,0.0391703844070435,0.06706303358078,0.00321120023727417,0.054496169090271,0.0143617987632751,0.0573186278343201,0.0806537866592407,0.0583646893501282,0.0456638336181641,0.0513243675231934,0.074544370174408,0.119254112243652,0.05712890625,0.0543038845062256,0.0896666646003723,0.0856351256370544,0.026211142539978,0.0579770803451538,0.095575213432312,0.0226799249649048,0.0928094387054443,0.0815301537513733,0.0735191106796265,0.106829762458801,0.0710243582725525,0.11172616481781,0.0452121496200562,0.0375372171401978,0.0900933146476746,0.105162560939789,0.105976521968842,0.0306676030158997,0.0836517810821533,0.0924754738807678,0.102314531803131,0.0644965171813965,0.113446354866028,0.112404882907867,0.12053382396698,0.113166511058807,0.0931354761123657,0.142034530639648
"34090029",0.0668805837631226,0.0731203556060791,0.0389276146888733,0.100883364677429,0.0619050860404968,0.0348297953605652,0.0328183770179749,0.0233922600746155,0.0344501733779907,0.064872682094574,0.0782252550125122,0.108372092247009,0.0116196274757385,0.116591274738312,0.0541238188743591,0.0207360982894897,0.0457078218460083,0.0314607620239258,0.0513009428977966,0.0365634560585022,0.150200128555298,0.0305365920066833,0.0534442663192749,0.00926756858825684,0.0889418721199036,0.00173234939575195,0.0134926438331604,0.0471051335334778,0.0759590864181519,0.0113784670829773,0.00132375955581665,0.0401529669761658,0.0380540490150452,0.070381224155426,0.0320441722869873,0.0419220328330994,0.034549355506897,0.0451064705848694,0.00917083024978638,0.0138733983039856,0.0180677771568298,0.0324852466583252,0.0317601561546326,0.0627537369728088,0.015381932258606,0.00852841138839722,0.0387841463088989,0.0080341100692749,0.00385075807571411,0.0586422681808472,0.0821288228034973,0.0154681205749512,0.0185567140579224,0.0164814591407776,0.0612959861755371,0.0365579128265381,0.0328338146209717,0.00152891874313354,0.0349097847938538,0.0155911445617676,0.0210046768188477,0.0148147940635681,0.0514781475067139,0.00509762763977051,0.00201231241226196,0.0474105477333069,0.0178278088569641,0.0155297517776489,0.0204506516456604,0.00681918859481812,0.00620365142822266,0.00277435779571533,0.00800502300262451,0.0426489114761353,0.0900783538818359,0.0518509745597839,0.00272828340530396,0.0505179166793823,0.0463862419128418,0.0423184633255005,0.0390541553497314,0.0165352821350098,0.0551641583442688,0.0502148866653442,0.0705305933952332,0.00440686941146851,0.0544241666793823,0.0504929423332214,0.058422327041626,0.0507136583328247,0.0268598794937134,0.0172827243804932,0.0588282346725464,0.0497499704360962,0.0437427163124084,0.00365662574768066,0.0309521555900574,0.0685598254203796,0.059065043926239,0.00853168964385986,0.032175600528717,0.0334014892578125,0.0473130941390991,0.00618636608123779,0.0273615121841431,0.0267177820205688,7.92145729064941e-05,0.003997802734375,0.016247570514679,0.0142710208892822,0.0590831637382507,0.0253721475601196,0.066271960735321,0.0424140095710754,0.00329190492630005,0.0158755779266357,0.00473850965499878,0.109251022338867,0.00666075944900513,0.0079081654548645,0.000967204570770264,0.0122979879379272,0.0130635499954224,0.046768844127655,0,0.0113005042076111,0.0110132694244385,0.015466034412384,0.00809216499328613,0.0111268162727356,0.00149816274642944,0.000439345836639404,0.0159512758255005,0.0109619498252869,0.0421045422554016,0.0733450055122375,0.0208412408828735,0.0147631168365479,0.0387697815895081,0.011866569519043,0.0456046462059021,0.0414173007011414,0.0417587161064148,0.0423223376274109,0.0158531069755554,0.0120922327041626,0.0122516751289368,0.0146679282188416,0.0629215240478516,0.0509839057922363,0.0342707633972168,0.00759845972061157,0.020294189453125,0.0435576438903809,0.00772732496261597,0.0324070453643799,0.010549783706665,0.0338849425315857,0.0115958452224731,0.00110501050949097,0.00455552339553833,0.0277755260467529,0.0724852681159973,0.010360062122345,0.00753504037857056,0.0428978204727173,0.0388662815093994,0.020557701587677,0.0112082362174988,0.048806369304657,0.0240889191627502,0.0460405945777893,0.0347613096237183,0.0267502665519714,0.0600609183311462,0.0242555141448975,0.064957320690155,0.00155669450759888,0.00923162698745728,0.0433244705200195,0.0583937168121338,0.0592076778411865,0.0161012411117554,0.0368829369544983,0.0457066297531128,0.0555456876754761,0.0177276730537415,0.0666775107383728,0.0656360387802124,0.073764979839325,0.0663976669311523,0.0463666319847107,0.0952656865119934
"34091022",0.0781810879707336,0.0844208598136902,0.0502281188964844,0.11218386888504,0.0732055902481079,0.0461302995681763,0.0441188812255859,0.0346927642822266,0.0457506775856018,0.0761731863021851,0.0895257592201233,0.11967259645462,0.0229201316833496,0.127891778945923,0.0654243230819702,0.0320366024971008,0.0570083260536194,0.0427612662315369,0.0626014471054077,0.0478639602661133,0.161500632762909,0.0418370962142944,0.064744770526886,0.0205680727958679,0.100242376327515,0.013032853603363,0.0247931480407715,0.0584056377410889,0.0872595906257629,0.0226789712905884,0.0126242637634277,0.0514534711837769,0.0493545532226562,0.0816817283630371,0.0433446764945984,0.0532225370407104,0.0458498597145081,0.0564069747924805,0.00212967395782471,0.0251739025115967,0.0293682813644409,0.0437857508659363,0.0430606603622437,0.0740542411804199,0.026682436466217,0.00277209281921387,0.05008465051651,0.019334614276886,0.0151512622833252,0.0699427723884583,0.0934293270111084,0.0267686247825623,0.00725620985031128,0.0051809549331665,0.0725964903831482,0.0478584170341492,0.0441343188285828,0.0128294229507446,0.0236092805862427,0.00429064035415649,0.00970417261123657,0.0261152982711792,0.062778651714325,0.00620287656784058,0.013312816619873,0.0361100435256958,0.0291283130645752,0.00422924757003784,0.00915014743804932,0.00448131561279297,0.0175041556358337,0.00852614641189575,0.0193055272102356,0.0539494156837463,0.101378858089447,0.0405504703521729,0.00857222080230713,0.0618184208869934,0.0576867461204529,0.0310179591178894,0.0277536511421204,0.00523477792739868,0.0438636541366577,0.0389143824577332,0.0592300891876221,0.0157073736190796,0.0431236624717712,0.0391924381256104,0.0471218228340149,0.0394131541252136,0.0155593752861023,0.00598222017288208,0.0475277304649353,0.0384494662284851,0.0324422121047974,0.00764387845993042,0.0196516513824463,0.0572593212127686,0.0477645397186279,0.00276881456375122,0.020875096321106,0.0447019934654236,0.0586135983467102,0.0174868702888489,0.0386620163917542,0.0154172778129578,0.0113797187805176,0.0152983069419861,0.02754807472229,0.00297051668167114,0.0703836679458618,0.0366726517677307,0.0775724649429321,0.0537145137786865,0.0145924091339111,0.0271760821342468,0.0160390138626099,0.120551526546478,0.0179612636566162,0.0192086696624756,0.0103332996368408,0.000997483730316162,0.00176304578781128,0.0580693483352661,0.0113005042076111,0,0.0223137736320496,0.0267665386199951,0.00320833921432495,0.0224273204803467,0.0127986669540405,0.0108611583709717,0.0046507716178894,0.000338554382324219,0.0534050464630127,0.0846455097198486,0.00954073667526245,0.0260636210441589,0.0500702857971191,0.0231670737266541,0.034304141998291,0.0301167964935303,0.0304582118988037,0.053622841835022,0.0271536111831665,0.0233927369117737,0.000951170921325684,0.0259684324264526,0.0516210198402405,0.0396834015846252,0.0229702591896057,0.0188989639282227,0.00899368524551392,0.0548581480979919,0.00357317924499512,0.043707549571991,0.000750720500946045,0.0225844383239746,0.000295341014862061,0.0124055147171021,0.00674498081207275,0.0164750218391418,0.0611847639083862,0.000940442085266113,0.00376546382904053,0.0315973162651062,0.0275657773017883,0.0318582057952881,9.22679901123047e-05,0.0375058650970459,0.0353894233703613,0.0347400903701782,0.0234608054161072,0.0154497623443604,0.0487604141235352,0.0129550099372864,0.0536568164825439,0.01285719871521,0.0205321311950684,0.0320239663124084,0.0470932126045227,0.0479071736335754,0.0274017453193665,0.0255824327468872,0.0344061255455017,0.044245183467865,0.00642716884613037,0.0553770065307617,0.0543355345726013,0.0624644756317139,0.0550971627235413,0.0350661277770996,0.0839651823043823
"34091025",0.0558673143386841,0.0621070861816406,0.0279143452644348,0.0898700952529907,0.0508918166160583,0.0238165259361267,0.0218051075935364,0.012378990650177,0.0234369039535522,0.0538594126701355,0.0672119855880737,0.0973588228225708,0.000606358051300049,0.105578005313873,0.0431105494499207,0.00972282886505127,0.0346945524215698,0.0204474925994873,0.0402876734733582,0.0255501866340637,0.139186859130859,0.0195233225822449,0.0424309968948364,0.00174570083618164,0.0779286026954651,0.00928092002868652,0.00247937440872192,0.0360918641090393,0.0649458169937134,0.000365197658538818,0.00968950986862183,0.0291396975517273,0.0270407795906067,0.0593679547309875,0.0210309028625488,0.0309087634086609,0.0235360860824585,0.0340932011604309,0.0201840996742249,0.00286012887954712,0.00705450773239136,0.0214719772338867,0.0207468867301941,0.0517404675483704,0.00436866283416748,0.0195416808128357,0.0277708768844604,0.00297915935516357,0.00716251134872437,0.0476289987564087,0.0711155533790588,0.0044548511505127,0.0295699834823608,0.0274947285652161,0.0502827167510986,0.0255446434020996,0.0218205451965332,0.00948435068130493,0.0459230542182922,0.0266044139862061,0.0320179462432861,0.00380152463912964,0.0404648780822754,0.016110897064209,0.00900095701217651,0.0584238171577454,0.00681453943252563,0.0265430212020874,0.0314639210700989,0.0178324580192566,0.00480961799621582,0.0137876272201538,0.00300824642181396,0.0316356420516968,0.0790650844573975,0.0628642439842224,0.0137415528297424,0.0395046472549438,0.0353729724884033,0.053331732749939,0.0500674247741699,0.0275485515594482,0.0661774277687073,0.0612281560897827,0.0815438628196716,0.00660640001296997,0.0654374361038208,0.0615062117576599,0.0694355964660645,0.0617269277572632,0.0378731489181519,0.0282959938049316,0.0698415040969849,0.0607632398605347,0.0547559857368469,0.0146698951721191,0.0419654250144958,0.0795730948448181,0.0700783133506775,0.0195449590682983,0.0431888699531555,0.022388219833374,0.0362998247146606,0.00482690334320068,0.0163482427597046,0.0377310514450073,0.010934054851532,0.00701546669006348,0.00523430109024048,0.0252842903137207,0.0480698943138123,0.0143588781356812,0.0552586913108826,0.031400740146637,0.00772136449813843,0.00486230850219727,0.0062747597694397,0.0982377529144287,0.00435250997543335,0.00310510396957397,0.0119804739952087,0.0233112573623657,0.0240768194198608,0.0357555747032166,0.0110132694244385,0.0223137736320496,0,0.00445276498794556,0.0191054344177246,0.000113546848297119,0.00951510667800903,0.0114526152610779,0.026964545249939,0.0219752192497253,0.0310912728309631,0.0623317360877991,0.031854510307312,0.00374984741210938,0.0277565121650696,0.000853300094604492,0.0566179156303406,0.0524305701255798,0.0527719855308533,0.0313090682029724,0.00483983755111694,0.00107896327972412,0.0232649445533752,0.00365465879440308,0.07393479347229,0.0619971752166748,0.0452840328216553,0.0034148097038269,0.0313074588775635,0.0325443744659424,0.0187405943870544,0.0213937759399414,0.0215630531311035,0.0448982119560242,0.0226091146469116,0.00990825891494751,0.0155687928199768,0.0387887954711914,0.0834985375404358,0.0213733315467834,0.018548309803009,0.0539110898971558,0.0498795509338379,0.00954443216323853,0.0222215056419373,0.0598196387290955,0.0130756497383118,0.0570538640022278,0.0457745790481567,0.0377635359764099,0.0710741877555847,0.0352687835693359,0.0759705901145935,0.0094565749168396,0.0017816424369812,0.054337739944458,0.0694069862365723,0.070220947265625,0.00508797168731689,0.0478962063789368,0.0567198991775513,0.0665589570999146,0.0287409424781799,0.0776907801628113,0.0766493082046509,0.0847782492637634,0.0774109363555908,0.0573799014091492,0.106278955936432
"34091028",0.0514145493507385,0.0576543211936951,0.0234615802764893,0.0854173302650452,0.0464390516281128,0.0193637609481812,0.0173523426055908,0.00792622566223145,0.0189841389656067,0.0494066476821899,0.0627592206001282,0.0929060578346252,0.00384640693664551,0.101125240325928,0.0386577844619751,0.00527006387710571,0.0302417874336243,0.0159947276115417,0.0358349084854126,0.0210974216461182,0.134734094142914,0.0150705575942993,0.0379782319068909,0.0061984658241272,0.0734758377075195,0.0137336850166321,0.00197339057922363,0.0316390991210938,0.0604930520057678,0.00408756732940674,0.0141422748565674,0.0246869325637817,0.0225880146026611,0.054915189743042,0.0165781378746033,0.0264559984207153,0.0190833210945129,0.0296404361724854,0.0246368646621704,0.00159263610839844,0.0026017427444458,0.0170192122459412,0.0162941217422485,0.0472877025604248,8.41021537780762e-05,0.0239944458007812,0.0233181118965149,0.00743192434310913,0.0116152763366699,0.0431762337684631,0.0666627883911133,2.08616256713867e-06,0.0340227484703064,0.0319474935531616,0.0458299517631531,0.0210918784141541,0.0173677802085876,0.0139371156692505,0.0503758192062378,0.0310571789741516,0.0364707112312317,0.000651240348815918,0.0360121130943298,0.0205636620521545,0.0134537220001221,0.0628765821456909,0.00236177444458008,0.030995786190033,0.0359166860580444,0.0222852230072021,0.00926238298416138,0.0182403922080994,0.00746101140975952,0.0271828770637512,0.0746123194694519,0.067317008972168,0.018194317817688,0.0350518822669983,0.0309202075004578,0.0577844977378845,0.0545201897621155,0.0320013165473938,0.0706301927566528,0.0656809210777283,0.0859966278076172,0.0110591650009155,0.0698902010917664,0.0659589767456055,0.07388836145401,0.0661796927452087,0.0423259139060974,0.0327487587928772,0.0742942690849304,0.0652160048484802,0.0592087507247925,0.0191226601600647,0.0464181900024414,0.0840258598327637,0.074531078338623,0.0239977240562439,0.0476416349411011,0.0179354548454285,0.0318470597267151,0.00927966833114624,0.011895477771759,0.0421838164329529,0.0153868198394775,0.011468231678009,0.000781536102294922,0.0297370553016663,0.0436171293258667,0.0099061131477356,0.050805926322937,0.0269479751586914,0.012174129486084,0.000409543514251709,0.0107275247573853,0.0937849879264832,0.00880527496337891,0.00755786895751953,0.0164332389831543,0.0277640223503113,0.0285295844078064,0.031302809715271,0.015466034412384,0.0267665386199951,0.00445276498794556,0,0.0235581994056702,0.00433921813964844,0.0139678716659546,0.0159053802490234,0.0314173102378845,0.0264279842376709,0.0266385078430176,0.0578789710998535,0.0363072752952576,0.000702917575836182,0.023303747177124,0.00359946489334106,0.0610706806182861,0.0568833351135254,0.0572247505187988,0.0268563032150269,0.000387072563171387,0.00337380170822144,0.0277177095413208,0.00079810619354248,0.0783875584602356,0.0664499402046204,0.0497367978096008,0.00786757469177246,0.035760223865509,0.0280916094779968,0.023193359375,0.0169410109519958,0.0260158181190491,0.0493509769439697,0.0270618796348572,0.0143610239028931,0.0200215578079224,0.043241560459137,0.0879513025283813,0.025826096534729,0.0230010747909546,0.0583638548851013,0.0543323159217834,0.00509166717529297,0.0266742706298828,0.064272403717041,0.00862288475036621,0.0615066289901733,0.0502273440361023,0.0422163009643555,0.0755269527435303,0.0397215485572815,0.0804233551025391,0.0139093399047852,0.00623440742492676,0.0587905049324036,0.0738597512245178,0.0746737122535706,0.000635206699371338,0.0523489713668823,0.0611726641654968,0.0710117220878601,0.0331937074661255,0.0821435451507568,0.0811020731925964,0.089231014251709,0.0818637013435364,0.0618326663970947,0.110731720924377
"34091029",0.0749727487564087,0.0812125205993652,0.0470197796821594,0.108975529670715,0.069997251033783,0.0429219603538513,0.040910542011261,0.0314844250679016,0.0425423383712769,0.0729648470878601,0.0863174200057983,0.116464257240295,0.0197117924690247,0.124683439731598,0.0622159838676453,0.0288282632827759,0.0537999868392944,0.0395529270172119,0.0593931078910828,0.0446556210517883,0.158292293548584,0.0386287569999695,0.061536431312561,0.017359733581543,0.0970340371131897,0.00982451438903809,0.0215848088264465,0.0551972985267639,0.084051251411438,0.0194706320762634,0.00941592454910278,0.0482451319694519,0.0461462140083313,0.0784733891487122,0.0401363372802734,0.0500141978263855,0.0426415205001831,0.0531986355781555,0.00107866525650024,0.0219655632972717,0.026159942150116,0.0405774116516113,0.0398523211479187,0.070845901966095,0.0234740972518921,0.000436246395111084,0.0468763113021851,0.016126275062561,0.0119429230690002,0.0667344331741333,0.0902209877967834,0.0235602855682373,0.0104645490646362,0.00838929414749146,0.0693881511688232,0.0446500778198242,0.0409259796142578,0.00962108373641968,0.0268176198005676,0.00749897956848145,0.0129125118255615,0.0229069590568542,0.0595703125,0.00299453735351562,0.0101044774055481,0.0393183827400208,0.0259199738502502,0.00743758678436279,0.0123584866523743,0.00127297639846802,0.0142958164215088,0.0053178071975708,0.0160971879959106,0.0507410764694214,0.0981705188751221,0.0437588095664978,0.00536388158798218,0.0586100816726685,0.0544784069061279,0.0342262983322144,0.0309619903564453,0.00844311714172363,0.0470719933509827,0.0421227216720581,0.062438428401947,0.0124990344047546,0.0463320016860962,0.0424007773399353,0.0503301620483398,0.0426214933395386,0.0187677145004272,0.00919055938720703,0.0507360696792603,0.0416578054428101,0.0356505513191223,0.00443553924560547,0.0228599905967712,0.0604676604270935,0.0509728789329529,0.00043952465057373,0.0240834355354309,0.0414936542510986,0.0554052591323853,0.0142785310745239,0.0354536771774292,0.0186256170272827,0.00817137956619263,0.0120899677276611,0.0243397355079651,0.00617885589599609,0.0671753287315369,0.0334643125534058,0.0743641257286072,0.0505061745643616,0.0113840699195862,0.0239677429199219,0.0128306746482849,0.117343187332153,0.0147529244422913,0.0160003304481506,0.00712496042251587,0.00420582294464111,0.00497138500213623,0.0548610091209412,0.00809216499328613,0.00320833921432495,0.0191054344177246,0.0235581994056702,0,0.0192189812660217,0.00959032773971558,0.00765281915664673,0.00785911083221436,0.00286978483200073,0.0501967072486877,0.0814371705055237,0.0127490758895874,0.022855281829834,0.0468619465827942,0.0199587345123291,0.037512481212616,0.0333251357078552,0.0336665511131287,0.050414502620697,0.0239452719688416,0.0201843976974487,0.00415951013565063,0.0227600932121277,0.0548293590545654,0.0428917407989502,0.0261785984039307,0.0156906247138977,0.0122020244598389,0.051649808883667,0.000364840030670166,0.040499210357666,0.00245761871337891,0.0257927775382996,0.00350368022918701,0.0091971755027771,0.0035366415977478,0.0196833610534668,0.0643931031227112,0.00226789712905884,0.000557124614715576,0.0348056554794312,0.0307741165161133,0.0286498665809631,0.00311607122421265,0.0407142043113708,0.0321810841560364,0.0379484295845032,0.0266691446304321,0.0186581015586853,0.0519687533378601,0.0161633491516113,0.0568651556968689,0.00964885950088501,0.0173237919807434,0.0352323055267334,0.0503015518188477,0.0511155128479004,0.0241934061050415,0.0287907719612122,0.0376144647598267,0.0474535226821899,0.00963550806045532,0.0585853457450867,0.0575438737869263,0.0656728148460388,0.0583055019378662,0.0382744669914246,0.0871735215187073
"34091030",0.055753767490387,0.0619935393333435,0.0278007984161377,0.0897565484046936,0.0507782697677612,0.0237029790878296,0.0216915607452393,0.0122654438018799,0.0233233571052551,0.0537458658218384,0.0670984387397766,0.0972452759742737,0.00049281120300293,0.105464458465576,0.0429970026016235,0.00960928201675415,0.0345810055732727,0.0203339457511902,0.040174126625061,0.0254366397857666,0.139073312282562,0.0194097757339478,0.0423174500465393,0.00185924768447876,0.077815055847168,0.00939446687698364,0.0023658275604248,0.0359783172607422,0.0648322701454163,0.000251650810241699,0.00980305671691895,0.0290261507034302,0.0269272327423096,0.0592544078826904,0.0209173560142517,0.0307952165603638,0.0234225392341614,0.0339796543121338,0.020297646522522,0.00274658203125,0.00694096088409424,0.0213584303855896,0.020633339881897,0.0516269207000732,0.00425511598587036,0.0196552276611328,0.0276573300361633,0.00309270620346069,0.00727605819702148,0.0475154519081116,0.0710020065307617,0.00434130430221558,0.029683530330658,0.0276082754135132,0.0501691699028015,0.0254310965538025,0.0217069983482361,0.00959789752960205,0.0460366010665894,0.0267179608345032,0.0321314930915833,0.00368797779083252,0.0403513312339783,0.0162244439125061,0.00911450386047363,0.0585373640060425,0.00670099258422852,0.0266565680503845,0.031577467918396,0.0179460048675537,0.00492316484451294,0.0139011740684509,0.00312179327011108,0.0315220952033997,0.0789515376091003,0.0629777908325195,0.0138550996780396,0.0393911004066467,0.0352594256401062,0.0534452795982361,0.050180971622467,0.0276620984077454,0.0662909746170044,0.0613417029380798,0.0816574096679688,0.00671994686126709,0.0655509829521179,0.061619758605957,0.0695491433143616,0.0618404746055603,0.037986695766449,0.0284095406532288,0.069955050945282,0.0608767867088318,0.054869532585144,0.0147834420204163,0.042078971862793,0.0796866416931152,0.0701918601989746,0.0196585059165955,0.0433024168014526,0.0222746729850769,0.0361862778663635,0.0049404501914978,0.0162346959114075,0.0378445982933044,0.0110476016998291,0.0071290135383606,0.00512075424194336,0.0253978371620178,0.0479563474655151,0.014245331287384,0.0551451444625854,0.0312871932983398,0.00783491134643555,0.00474876165390015,0.00638830661773682,0.0981242060661316,0.00446605682373047,0.00321865081787109,0.0120940208435059,0.0234248042106628,0.024190366268158,0.0356420278549194,0.0111268162727356,0.0224273204803467,0.000113546848297119,0.00433921813964844,0.0192189812660217,0,0.00962865352630615,0.011566162109375,0.0270780920982361,0.0220887660980225,0.030977725982666,0.062218189239502,0.0319680571556091,0.00363630056381226,0.0276429653167725,0.000739753246307373,0.0567314624786377,0.052544116973877,0.0528855323791504,0.0311955213546753,0.00472629070281982,0.000965416431427002,0.0233784914016724,0.00354111194610596,0.0740483403205872,0.0621107220649719,0.0453975796699524,0.00352835655212402,0.0314210057258606,0.0324308276176453,0.0188541412353516,0.0212802290916443,0.0216765999794006,0.0450117588043213,0.0227226614952087,0.0100218057632446,0.0156823396682739,0.0389023423194885,0.0836120843887329,0.0214868783950806,0.0186618566513062,0.0540246367454529,0.049993097782135,0.00943088531494141,0.0223350524902344,0.0599331855773926,0.0129621028900146,0.0571674108505249,0.0458881258964539,0.037877082824707,0.0711877346038818,0.0353823304176331,0.0760841369628906,0.00957012176513672,0.00189518928527832,0.0544512867927551,0.0695205330848694,0.0703344941139221,0.00497442483901978,0.0480097532272339,0.0568334460258484,0.0666725039482117,0.0288544893264771,0.0778043270111084,0.076762855052948,0.0848917961120605,0.0775244832038879,0.0574934482574463,0.106392502784729
"34092022",0.0653824210166931,0.0716221928596497,0.0374294519424438,0.0993852019309998,0.0604069232940674,0.0333316326141357,0.0313202142715454,0.021894097328186,0.0329520106315613,0.0633745193481445,0.0767270922660828,0.10687392950058,0.0101214647293091,0.115093111991882,0.0526256561279297,0.0192379355430603,0.0442096590995789,0.0299625992774963,0.0498027801513672,0.0350652933120728,0.148701965808868,0.0290384292602539,0.0519461035728455,0.00776940584182739,0.0874437093734741,0.00023418664932251,0.011994481086731,0.0456069707870483,0.0744609236717224,0.00988030433654785,0.000174403190612793,0.0386548042297363,0.0365558862686157,0.0688830614089966,0.0305460095405579,0.0404238700866699,0.0330511927604675,0.0436083078384399,0.0106689929962158,0.0123752355575562,0.0165696144104004,0.0309870839118958,0.0302619934082031,0.0612555742263794,0.0138837695121765,0.0100265741348267,0.0372859835624695,0.00653594732284546,0.00235259532928467,0.0571441054344177,0.0806306600570679,0.0139699578285217,0.0200548768043518,0.017979621887207,0.0597978234291077,0.0350597500801086,0.0313356518745422,3.07559967041016e-05,0.0364079475402832,0.017089307308197,0.0225028395652771,0.0133166313171387,0.0499799847602844,0.00659579038619995,0.00051414966583252,0.0489087104797363,0.0163296461105347,0.0170279145240784,0.0219488143920898,0.00831735134124756,0.00470548868179321,0.00427252054214478,0.00650686025619507,0.0411507487297058,0.0885801911354065,0.0533491373062134,0.0042264461517334,0.0490197539329529,0.0448880791664124,0.0438166260719299,0.0405523180961609,0.0180334448814392,0.0566623210906982,0.0517130494117737,0.0720287561416626,0.00290870666503906,0.0559223294258118,0.0519911050796509,0.0599204897880554,0.0522118210792542,0.0283580422401428,0.0187808871269226,0.0603263974189758,0.0512481331825256,0.0452408790588379,0.00515478849411011,0.0324503183364868,0.0700579881668091,0.0605632066726685,0.0100298523902893,0.0336737632751465,0.0319033265113831,0.0458149313926697,0.00468820333480835,0.0258633494377136,0.0282159447669983,0.00141894817352295,0.00249963998794556,0.0147494077682495,0.0157691836357117,0.0575850009918213,0.0238739848136902,0.0647737979888916,0.040915846824646,0.00179374217987061,0.0143774151802063,0.00324034690856934,0.107752859592438,0.00516259670257568,0.00641000270843506,0.00246536731719971,0.0137961506843567,0.0145617127418518,0.0452706813812256,0.00149816274642944,0.0127986669540405,0.00951510667800903,0.0139678716659546,0.00959032773971558,0.00962865352630615,0,0.00193750858306885,0.0174494385719299,0.0124601125717163,0.0406063795089722,0.0718468427658081,0.022339403629303,0.0132649540901184,0.0372716188430786,0.0103684067726135,0.0471028089523315,0.0429154634475708,0.0432568788528442,0.0408241748809814,0.014354944229126,0.0105940699577332,0.0137498378753662,0.0131697654724121,0.064419686794281,0.0524820685386658,0.0357689261436462,0.00610029697418213,0.0217923521995544,0.0420594811439514,0.00922548770904541,0.0309088826179504,0.0120479464530945,0.0353831052780151,0.0130940079689026,0.000393152236938477,0.00605368614196777,0.0292736887931824,0.0739834308624268,0.0118582248687744,0.009033203125,0.0443959832191467,0.0403644442558289,0.0190595388412476,0.0127063989639282,0.0503045320510864,0.0225907564163208,0.0475387573242188,0.0362594723701477,0.0282484292984009,0.0615590810775757,0.0257536768913269,0.0664554834365845,5.85317611694336e-05,0.00773346424102783,0.044822633266449,0.0598918795585632,0.060705840587616,0.0146030783653259,0.0383810997009277,0.0472047924995422,0.0570438504219055,0.0192258358001709,0.0681756734848022,0.0671342015266418,0.0752631425857544,0.0678958296775818,0.0478647947311401,0.0967638492584229
"34092025",0.067319929599762,0.0735597014427185,0.0393669605255127,0.101322710514069,0.0623444318771362,0.0352691411972046,0.0332577228546143,0.0238316059112549,0.0348895192146301,0.0653120279312134,0.0786646008491516,0.108811438083649,0.0120589733123779,0.117030620574951,0.0545631647109985,0.0211754441261292,0.0461471676826477,0.0319001078605652,0.051740288734436,0.0370028018951416,0.150639474391937,0.0309759378433228,0.0538836121559143,0.00970691442489624,0.089381217956543,0.00217169523239136,0.0139319896697998,0.0475444793701172,0.0763984322547913,0.0118178129196167,0.00176310539245605,0.0405923128128052,0.0384933948516846,0.0708205699920654,0.0324835181236267,0.0423613786697388,0.0349887013435364,0.0455458164215088,0.00873148441314697,0.014312744140625,0.0185071229934692,0.0329245924949646,0.032199501991272,0.0631930828094482,0.0158212780952454,0.00808906555175781,0.0392234921455383,0.00847345590591431,0.00429010391235352,0.0590816140174866,0.0825681686401367,0.0159074664115906,0.018117368221283,0.0160421133041382,0.0617353320121765,0.0369972586631775,0.0332731604576111,0.00196826457977295,0.0344704389572144,0.0151517987251282,0.0205653309822083,0.0152541399002075,0.0519174933433533,0.0046582818031311,0.00245165824890137,0.0469712018966675,0.0182671546936035,0.0150904059410095,0.020011305809021,0.00637984275817871,0.00664299726486206,0.00233501195907593,0.00844436883926392,0.0430882573127747,0.0905176997184753,0.0514116287231445,0.00228893756866455,0.0509572625160217,0.0468255877494812,0.0418791174888611,0.038614809513092,0.0160959362983704,0.0547248125076294,0.0497755408287048,0.0700912475585938,0.00484621524810791,0.0539848208427429,0.050053596496582,0.0579829812049866,0.0502743124961853,0.026420533657074,0.0168433785438538,0.058388888835907,0.0493106245994568,0.043303370475769,0.00321727991104126,0.030512809753418,0.0681204795837402,0.0586256980895996,0.00809234380722046,0.0317362546920776,0.0338408350944519,0.0477524399757385,0.0066257119178772,0.0278008580207825,0.0262784361839294,0.000518560409545898,0.0044371485710144,0.0166869163513184,0.0138316750526428,0.0595225095748901,0.025811493396759,0.0667113065719604,0.0428533554077148,0.00373125076293945,0.0163149237632751,0.00517785549163818,0.109690368175507,0.00710010528564453,0.00834751129150391,0.000527858734130859,0.0118586421012878,0.012624204158783,0.0472081899642944,0.000439345836639404,0.0108611583709717,0.0114526152610779,0.0159053802490234,0.00765281915664673,0.011566162109375,0.00193750858306885,0,0.0155119299888611,0.0105226039886475,0.042543888092041,0.073784351348877,0.0204018950462341,0.0152024626731873,0.0392091274261475,0.0123059153556824,0.0451653003692627,0.040977954864502,0.0413193702697754,0.0427616834640503,0.0162924528121948,0.012531578540802,0.0118123292922974,0.015107274055481,0.0624821782112122,0.0505445599555969,0.0338314175605774,0.00803780555725098,0.0198548436164856,0.0439969897270203,0.00728797912597656,0.0328463912010193,0.0101104378700256,0.0334455966949463,0.0111564993858337,0.00154435634613037,0.00411617755889893,0.0273361802101135,0.0720459222793579,0.00992071628570557,0.00709569454193115,0.0424584746360779,0.03842693567276,0.0209970474243164,0.0107688903808594,0.0483670234680176,0.0245282649993896,0.0456012487411499,0.0343219637870789,0.026310920715332,0.0596215724945068,0.0238161683082581,0.0645179748535156,0.00199604034423828,0.00967097282409668,0.0428851246833801,0.0579543709754944,0.0587683320045471,0.0165405869483948,0.0364435911178589,0.0452672839164734,0.0551063418388367,0.0172883272171021,0.0662381649017334,0.065196692943573,0.0733256340026855,0.0659583210945129,0.0459272861480713,0.094826340675354
"34092027",0.082831859588623,0.0890716314315796,0.0548788905143738,0.11683464050293,0.0778563618659973,0.0507810711860657,0.0487696528434753,0.039343535900116,0.0504014492034912,0.0808239579200745,0.0941765308380127,0.12432336807251,0.027570903301239,0.132542550563812,0.0700750946998596,0.0366873741149902,0.0616590976715088,0.0474120378494263,0.0672522187232971,0.0525147318840027,0.166151404380798,0.0464878678321838,0.0693955421447754,0.0252188444137573,0.104893147945404,0.0176836252212524,0.0294439196586609,0.0630564093589783,0.0919103622436523,0.0273297429084778,0.0172750353813171,0.0561042428016663,0.0540053248405457,0.0863324999809265,0.0479954481124878,0.0578733086585999,0.0505006313323975,0.0610577464103699,0.00678044557571411,0.0298246741294861,0.0340190529823303,0.0484365224838257,0.0477114319801331,0.0787050127983093,0.0313332080841064,0.00742286443710327,0.0547354221343994,0.0239853858947754,0.0198020339012146,0.0745935440063477,0.0980800986289978,0.0314193964004517,0.00260543823242188,0.0005301833152771,0.0772472620010376,0.0525091886520386,0.0487850904464722,0.017480194568634,0.0189585089683533,0.00036013126373291,0.00505340099334717,0.0307660698890686,0.0674294233322144,0.01085364818573,0.0179635882377625,0.0314592719078064,0.0337790846824646,0.000421524047851562,0.00449937582015991,0.00913208723068237,0.0221549272537231,0.0131769180297852,0.023956298828125,0.0586001873016357,0.106029629707336,0.0358996987342834,0.0132229924201965,0.0664691925048828,0.0623375177383423,0.0263671875,0.023102879524231,0.000584006309509277,0.0392128825187683,0.0342636108398438,0.0545793175697327,0.020358145236969,0.0384728908538818,0.0345416665077209,0.0424710512161255,0.0347623825073242,0.0109086036682129,0.00133144855499268,0.0428769588470459,0.0337986946105957,0.027791440486908,0.0122946500778198,0.0150008797645569,0.0526085495948792,0.0431137681007385,0.00741958618164062,0.0162243247032166,0.049352765083313,0.0632643699645996,0.0221376419067383,0.0433127880096436,0.0107665061950684,0.016030490398407,0.0199490785598755,0.0321988463401794,0.00168025493621826,0.0750344395637512,0.0413234233856201,0.0822232365608215,0.0583652853965759,0.0192431807518005,0.0318268537521362,0.0206897854804993,0.125202298164368,0.0226120352745056,0.023859441280365,0.0149840712547302,0.00365328788757324,0.00288772583007812,0.0627201199531555,0.0159512758255005,0.0046507716178894,0.026964545249939,0.0314173102378845,0.00785911083221436,0.0270780920982361,0.0174494385719299,0.0155119299888611,0,0.00498932600021362,0.0580558180809021,0.089296281337738,0.00488996505737305,0.0307143926620483,0.0547210574150085,0.0278178453445435,0.0296533703804016,0.0254660248756409,0.0258074402809143,0.0582736134529114,0.0318043828010559,0.0280435085296631,0.00369960069656372,0.030619204044342,0.0469702482223511,0.0350326299667358,0.0183194875717163,0.0235497355461121,0.00434291362762451,0.0595089197158813,0.00822395086288452,0.0483583211898804,0.00540149211883545,0.0179336667060852,0.00435543060302734,0.0170562863349915,0.0113957524299622,0.0118242502212524,0.0565339922904968,0.00559121370315552,0.00841623544692993,0.0269465446472168,0.0229150056838989,0.0365089774131775,0.00474303960800171,0.0328550934791565,0.0400401949882507,0.0300893187522888,0.0188100337982178,0.0107989907264709,0.0441096425056458,0.00830423831939697,0.0490060448646545,0.0175079703330994,0.0251829028129578,0.027373194694519,0.0424424409866333,0.043256402015686,0.0320525169372559,0.0209316611289978,0.0297553539276123,0.0395944118499756,0.00177639722824097,0.0507262349128723,0.0496847629547119,0.0578137040138245,0.0504463911056519,0.0304153561592102,0.0793144106864929
"34092028",0.0778425335884094,0.084082305431366,0.0498895645141602,0.111845314502716,0.0728670358657837,0.0457917451858521,0.0437803268432617,0.0343542098999023,0.0454121232032776,0.0758346319198608,0.0891872048377991,0.119334042072296,0.0225815773010254,0.127553224563599,0.065085768699646,0.0316980481147766,0.0566697716712952,0.0424227118492126,0.0622628927230835,0.0475254058837891,0.161162078380585,0.0414985418319702,0.0644062161445618,0.0202295184135437,0.0999038219451904,0.0126942992210388,0.0244545936584473,0.0580670833587646,0.0869210362434387,0.0223404169082642,0.0122857093811035,0.0511149168014526,0.049015998840332,0.0813431739807129,0.0430061221122742,0.0528839826583862,0.0455113053321838,0.0560684204101562,0.00179111957550049,0.0248353481292725,0.0290297269821167,0.0434471964836121,0.0427221059799194,0.0737156867980957,0.0263438820838928,0.00243353843688965,0.0497460961341858,0.0189960598945618,0.014812707901001,0.069604218006134,0.0930907726287842,0.026430070400238,0.0075947642326355,0.00551950931549072,0.072257936000824,0.047519862651825,0.0437957644462585,0.0124908685684204,0.0239478349685669,0.00462919473648071,0.0100427269935608,0.025776743888855,0.0624400973320007,0.00586432218551636,0.0129742622375488,0.03644859790802,0.028789758682251,0.00456780195236206,0.00948870182037354,0.00414276123046875,0.0171656012535095,0.00818759202957153,0.0189669728279114,0.0536108613014221,0.101040303707123,0.0408890247344971,0.00823366641998291,0.0614798665046692,0.0573481917381287,0.0313565135002136,0.0280922055244446,0.0055733323097229,0.0442022085189819,0.0392529368400574,0.0595686435699463,0.0153688192367554,0.0434622168540955,0.0395309925079346,0.0474603772163391,0.0397517085075378,0.0158979296684265,0.0063207745552063,0.0478662848472595,0.0387880206108093,0.0327807664871216,0.0073053240776062,0.0199902057647705,0.0575978755950928,0.0481030941009521,0.002430260181427,0.0212136507034302,0.0443634390830994,0.058275043964386,0.0171483159065247,0.0383234620094299,0.015755832195282,0.0110411643981934,0.0149597525596619,0.0272095203399658,0.00330907106399536,0.0700451135635376,0.0363340973854065,0.0772339105606079,0.0533759593963623,0.0142538547515869,0.0268375277519226,0.0157004594802856,0.120212972164154,0.017622709274292,0.0188701152801514,0.0099947452545166,0.00133603811264038,0.0021016001701355,0.0577307939529419,0.0109619498252869,0.000338554382324219,0.0219752192497253,0.0264279842376709,0.00286978483200073,0.0220887660980225,0.0124601125717163,0.0105226039886475,0.00498932600021362,0,0.0530664920806885,0.0843069553375244,0.00987929105758667,0.0257250666618347,0.0497317314147949,0.0228285193443298,0.0346426963806152,0.0304553508758545,0.0307967662811279,0.0532842874526978,0.0268150568008423,0.0230541825294495,0.0012897253036499,0.0256298780441284,0.0519595742225647,0.0400219559669495,0.0233088135719299,0.0185604095458984,0.00933223962783813,0.0545195937156677,0.0032346248626709,0.0433689951896667,0.000412166118621826,0.0229229927062988,0.000633895397186279,0.0120669603347778,0.00640642642974854,0.0168135762214661,0.0615233182907104,0.000601887702941895,0.00342690944671631,0.0319358706474304,0.0279043316841125,0.0315196514129639,0.000246286392211914,0.0378444194793701,0.0350508689880371,0.0350786447525024,0.0237993597984314,0.0157883167266846,0.0490989685058594,0.0132935643196106,0.0539953708648682,0.0125186443328857,0.0201935768127441,0.0323625206947327,0.0474317669868469,0.0482457280158997,0.0270631909370422,0.0259209871292114,0.0347446799278259,0.0445837378501892,0.00676572322845459,0.0557155609130859,0.0546740889549255,0.0628030300140381,0.0554357171058655,0.0354046821594238,0.0843037366867065
"34092029",0.0247760415077209,0.0310158133506775,0.00317692756652832,0.0587788224220276,0.0198005437850952,0.00727474689483643,0.00928616523742676,0.0187122821807861,0.00765436887741089,0.0227681398391724,0.0361207127571106,0.0662675499916077,0.0304849147796631,0.0744867324829102,0.0120192766189575,0.0213684439659119,0.00360327959060669,0.0106437802314758,0.00919640064239502,0.00554108619689941,0.108095586299896,0.0115679502487183,0.0113397240638733,0.0328369736671448,0.046837329864502,0.0403721928596497,0.0286118984222412,0.00500059127807617,0.0338545441627502,0.0307260751724243,0.040780782699585,0.00195157527923584,0.00405049324035645,0.0282766819000244,0.0100603699684143,0.000182509422302246,0.00755518674850464,0.00300192832946777,0.051275372505188,0.028231143951416,0.0240367650985718,0.00961929559707642,0.010344386100769,0.0206491947174072,0.0267226099967957,0.0506329536437988,0.00332039594650269,0.0340704321861267,0.0382537841796875,0.0165377259254456,0.0400242805480957,0.0266364216804504,0.060661256313324,0.0585860013961792,0.0191914439201355,0.00554662942886353,0.00927072763442993,0.0405756235122681,0.0770143270492554,0.0576956868171692,0.0631092190742493,0.0272897481918335,0.00937360525131226,0.0472021698951721,0.0400922298431396,0.0895150899887085,0.0242767333984375,0.0576342940330505,0.062555193901062,0.0489237308502197,0.035900890827179,0.0448789000511169,0.0340995192527771,0.000544369220733643,0.0479738116264343,0.0939555168151855,0.0448328256607056,0.00841337442398071,0.00428169965744019,0.0844230055809021,0.0811586976051331,0.0586398243904114,0.0972687005996704,0.0923194289207458,0.112635135650635,0.0376976728439331,0.0965287089347839,0.092597484588623,0.100526869297028,0.0928182005882263,0.068964421749115,0.0593872666358948,0.100932776927948,0.0918545126914978,0.0858472585678101,0.0457611680030823,0.073056697845459,0.110664367675781,0.101169586181641,0.0506362318992615,0.0742801427841187,0.00870305299758911,0.00520855188369751,0.0359181761741638,0.0147430300712585,0.0688223242759705,0.0420253276824951,0.0381067395210266,0.0258569717407227,0.0563755631446838,0.0169786214828491,0.016732394695282,0.0241674184799194,0.000309467315673828,0.0388126373291016,0.0262289643287659,0.0373660326004028,0.0671464800834656,0.0354437828063965,0.0341963768005371,0.0430717468261719,0.0544025301933289,0.055168092250824,0.00466430187225342,0.0421045422554016,0.0534050464630127,0.0310912728309631,0.0266385078430176,0.0501967072486877,0.030977725982666,0.0406063795089722,0.042543888092041,0.0580558180809021,0.0530664920806885,0,0.0312404632568359,0.0629457831382751,0.0273414254188538,0.00333476066589355,0.0302379727363586,0.0877091884613037,0.083521842956543,0.0838632583618164,0.000217795372009277,0.0262514352798462,0.030012309551239,0.0543562173843384,0.0274366140365601,0.105026066303253,0.0930884480476379,0.0763753056526184,0.03450608253479,0.0623987317085266,0.00145310163497925,0.0498318672180176,0.00969749689102173,0.0526543259620667,0.0759894847869873,0.0537003874778748,0.0409995317459106,0.0466600656509399,0.0698800683021545,0.114589810371399,0.0524646043777466,0.0496395826339722,0.0850023627281189,0.080970823764801,0.0215468406677246,0.0533127784729004,0.0909109115600586,0.0180156230926514,0.0881451368331909,0.0768658518791199,0.068854808807373,0.102165460586548,0.0663600564002991,0.107061862945557,0.0405478477478027,0.0328729152679443,0.0854290127754211,0.100498259067535,0.101312220096588,0.0260033011436462,0.0789874792098999,0.0878111720085144,0.0976502299308777,0.0598322153091431,0.108782052993774,0.107740581035614,0.115869522094727,0.108502209186554,0.0884711742401123,0.137370228767395
"34092031",0.00646442174911499,0.000224649906158447,0.0344173908233643,0.0275383591651917,0.0114399194717407,0.0385152101516724,0.0405266284942627,0.0499527454376221,0.0388948321342468,0.00847232341766357,0.00488024950027466,0.0350270867347717,0.061725378036499,0.0432462692260742,0.0192211866378784,0.0526089072227478,0.0276371836662292,0.0418842434883118,0.0220440626144409,0.0367815494537354,0.0768551230430603,0.0428084135055542,0.0199007391929626,0.0640774369239807,0.015596866607666,0.0716126561164856,0.0598523616790771,0.0262398719787598,0.00261408090591431,0.0619665384292603,0.0720212459564209,0.0331920385360718,0.0352909564971924,0.00296378135681152,0.0413008332252502,0.0314229726791382,0.0387956500053406,0.0282385349273682,0.0825158357620239,0.059471607208252,0.0552772283554077,0.0408597588539124,0.041584849357605,0.0105912685394287,0.0579630732536316,0.0818734169006348,0.0345608592033386,0.0653108954429626,0.0694942474365234,0.0147027373313904,0.00878381729125977,0.0578768849372864,0.0919017195701599,0.0898264646530151,0.0120490193367004,0.0367870926856995,0.0405111908912659,0.071816086769104,0.108254790306091,0.0889361500740051,0.0943496823310852,0.0585302114486694,0.0218668580055237,0.0784426331520081,0.0713326930999756,0.120755553245544,0.0555171966552734,0.0888747572898865,0.0937956571578979,0.0801641941070557,0.0671413540840149,0.0761193633079529,0.065339982509613,0.0306960940361023,0.0167333483695984,0.125195980072021,0.0760732889175415,0.0228270888328552,0.0269587635993958,0.115663468837738,0.112399160861969,0.0898802876472473,0.128509163856506,0.123559892177582,0.143875598907471,0.068938136100769,0.12776917219162,0.123837947845459,0.131767332553864,0.124058663845062,0.100204885005951,0.0906277298927307,0.132173240184784,0.123094975948334,0.117087721824646,0.0770016312599182,0.104297161102295,0.141904830932617,0.132410049438477,0.0818766951560974,0.105520606040955,0.039943516254425,0.0260319113731384,0.0671586394309998,0.0459834933280945,0.100062787532806,0.0732657909393311,0.0693472027778625,0.0570974349975586,0.0876160264015198,0.0142618417739868,0.0479728579521179,0.0070730447769165,0.0309309959411621,0.0700531005859375,0.0574694275856018,0.0686064958572388,0.0359060168266296,0.0666842460632324,0.065436840057373,0.0743122100830078,0.0856429934501648,0.0864085555076599,0.0265761613845825,0.0733450055122375,0.0846455097198486,0.0623317360877991,0.0578789710998535,0.0814371705055237,0.062218189239502,0.0718468427658081,0.073784351348877,0.089296281337738,0.0843069553375244,0.0312404632568359,0,0.0941862463951111,0.0585818886756897,0.0345752239227295,0.0614784359931946,0.11894965171814,0.114762306213379,0.115103721618652,0.0310226678848267,0.0574918985366821,0.061252772808075,0.0855966806411743,0.058677077293396,0.136266529560089,0.124328911304474,0.107615768909454,0.065746545791626,0.0936391949653625,0.0297873616218567,0.0810723304748535,0.0409379601478577,0.0838947892189026,0.107229948043823,0.0849408507347107,0.0722399950027466,0.0779005289077759,0.10112053155899,0.145830273628235,0.0837050676345825,0.0808800458908081,0.116242825984955,0.112211287021637,0.0527873039245605,0.0845532417297363,0.122151374816895,0.0492560863494873,0.119385600090027,0.108106315135956,0.100095272064209,0.133405923843384,0.097600519657135,0.138302326202393,0.0717883110046387,0.0641133785247803,0.116669476032257,0.131738722324371,0.132552683353424,0.0572437644004822,0.110227942466736,0.11905163526535,0.128890693187714,0.091072678565979,0.14002251625061,0.13898104429245,0.147109985351562,0.13974267244339,0.119711637496948,0.168610692024231
"34093022",0.0877218246459961,0.0939615964889526,0.0597688555717468,0.121724605560303,0.0827463269233704,0.0556710362434387,0.0536596179008484,0.044233500957489,0.0552914142608643,0.0857139229774475,0.0990664958953857,0.129213333129883,0.0324608683586121,0.137432515621185,0.0749650597572327,0.0415773391723633,0.0665490627288818,0.0523020029067993,0.0721421837806702,0.0574046969413757,0.171041369438171,0.0513778328895569,0.0742855072021484,0.0301088094711304,0.109783113002777,0.0225735902786255,0.0343338847160339,0.0679463744163513,0.0968003273010254,0.0322197079658508,0.0221650004386902,0.0609942078590393,0.0588952898979187,0.0912224650382996,0.0528854131698608,0.0627632737159729,0.0553905963897705,0.0659477114677429,0.0116704106330872,0.0347146391868591,0.0389090180397034,0.0533264875411987,0.0526013970375061,0.0835949778556824,0.0362231731414795,0.0123128294944763,0.0596253871917725,0.0288753509521484,0.0246919989585876,0.0794835090637207,0.102970063686371,0.0363093614578247,0.00228452682495117,0.00435978174209595,0.0821372270584106,0.0573991537094116,0.0536750555038452,0.0223701596260071,0.0140685439109802,0.00525009632110596,0.000163435935974121,0.0356560349464417,0.0723193883895874,0.015743613243103,0.0228535532951355,0.0265693068504333,0.0386690497398376,0.00531148910522461,0.000390589237213135,0.0140220522880554,0.0270448923110962,0.0180668830871582,0.028846263885498,0.0634901523590088,0.110919594764709,0.0310097336769104,0.0181129574775696,0.0713591575622559,0.0672274827957153,0.021477222442627,0.0182129144668579,0.00430595874786377,0.0343229174613953,0.0293736457824707,0.0496893525123596,0.025248110294342,0.0335829257965088,0.0296517014503479,0.0375810861587524,0.0298724174499512,0.00601863861083984,0.00355851650238037,0.0379869937896729,0.0289087295532227,0.0229014754295349,0.0171846151351929,0.0101109147071838,0.0477185845375061,0.0382238030433655,0.0123095512390137,0.0113343596458435,0.054242730140686,0.0681543350219727,0.0270276069641113,0.0482027530670166,0.00587654113769531,0.02092045545578,0.0248390436172485,0.0370888113975525,0.00657021999359131,0.0799244046211243,0.0462133884429932,0.0871132016181946,0.063255250453949,0.0241331458091736,0.0367168188095093,0.0255797505378723,0.130092263221741,0.0275020003318787,0.028749406337738,0.0198740363121033,0.00854325294494629,0.00777769088745117,0.0676100850105286,0.0208412408828735,0.00954073667526245,0.031854510307312,0.0363072752952576,0.0127490758895874,0.0319680571556091,0.022339403629303,0.0204018950462341,0.00488996505737305,0.00987929105758667,0.0629457831382751,0.0941862463951111,0,0.0356043577194214,0.0596110224723816,0.0327078104019165,0.0247634053230286,0.0205760598182678,0.0209174752235413,0.0631635785102844,0.036694347858429,0.0329334735870361,0.00858956575393677,0.0355091691017151,0.042080283164978,0.0301426649093628,0.0134295225143433,0.0284397006034851,0.000547051429748535,0.0643988847732544,0.0131139159202576,0.0532482862472534,0.0102914571762085,0.0130437016487122,0.00924539566040039,0.0219462513923645,0.0162857174873352,0.00693428516387939,0.0516440272331238,0.0104811787605286,0.013306200504303,0.0220565795898438,0.0180250406265259,0.0413989424705505,0.00963300466537476,0.0279651284217834,0.0449301600456238,0.0251993536949158,0.0139200687408447,0.0059090256690979,0.0392196774482727,0.00341427326202393,0.0441160798072815,0.0223979353904724,0.0300728678703308,0.022483229637146,0.0375524759292603,0.038366436958313,0.0369424819946289,0.0160416960716248,0.0248653888702393,0.0347044467926025,0.00311356782913208,0.0458362698554993,0.0447947978973389,0.0529237389564514,0.0455564260482788,0.0255253911018372,0.0744244456291199
"34093024",0.0521174669265747,0.0583572387695312,0.0241644978523254,0.0861202478408813,0.047141969203949,0.0200666785240173,0.018055260181427,0.00862914323806763,0.0196870565414429,0.0501095652580261,0.0634621381759644,0.0936089754104614,0.00314348936080933,0.101828157901764,0.0393607020378113,0.00597298145294189,0.0309447050094604,0.0166976451873779,0.0365378260612488,0.0218003392219543,0.13543701171875,0.0157734751701355,0.0386811494827271,0.00549554824829102,0.0741787552833557,0.0130307674407959,0.00127047300338745,0.0323420166969299,0.061195969581604,0.00338464975357056,0.0134393572807312,0.0253898501396179,0.0232909321784973,0.0556181073188782,0.0172810554504395,0.0271589159965515,0.0197862386703491,0.0303433537483215,0.0239339470863342,0.000889718532562256,0.00330466032028198,0.0177221298217773,0.0169970393180847,0.047990620136261,0.000618815422058105,0.0232915282249451,0.0240210294723511,0.00672900676727295,0.0109123587608337,0.0438791513442993,0.0673657059669495,0.00070500373840332,0.0333198308944702,0.0312445759773254,0.0465328693389893,0.0217947959899902,0.0180706977844238,0.0132341980934143,0.0496729016304016,0.0303542613983154,0.0357677936553955,5.16772270202637e-05,0.036715030670166,0.0198607444763184,0.0127508044242859,0.0621736645698547,0.00306469202041626,0.0302928686141968,0.0352137684822083,0.021582305431366,0.0085594654083252,0.0175374746322632,0.00675809383392334,0.0278857946395874,0.0753152370452881,0.0666140913963318,0.0174914002418518,0.0357547998428345,0.0316231250762939,0.0570815801620483,0.0538172721862793,0.0312983989715576,0.0699272751808167,0.0649780035018921,0.085293710231781,0.0103562474250793,0.0691872835159302,0.0652560591697693,0.0731854438781738,0.0654767751693726,0.0416229963302612,0.032045841217041,0.0735913515090942,0.064513087272644,0.0585058331489563,0.0184197425842285,0.0457152724266052,0.0833229422569275,0.0738281607627869,0.0232948064804077,0.0469387173652649,0.0186383724212646,0.0325499773025513,0.00857675075531006,0.0125983953475952,0.0414808988571167,0.0146839022636414,0.0107653141021729,0.0014844536781311,0.0290341377258301,0.0443200469017029,0.0106090307235718,0.0515088438987732,0.0276508927345276,0.0114712119102478,0.00111246109008789,0.0100246071815491,0.0944879055023193,0.00810235738754272,0.00685495138168335,0.0157303214073181,0.0270611047744751,0.0278266668319702,0.0320057272911072,0.0147631168365479,0.0260636210441589,0.00374984741210938,0.000702917575836182,0.022855281829834,0.00363630056381226,0.0132649540901184,0.0152024626731873,0.0307143926620483,0.0257250666618347,0.0273414254188538,0.0585818886756897,0.0356043577194214,0,0.0240066647529602,0.00289654731750488,0.06036776304245,0.0561804175376892,0.0565218329429626,0.027559220790863,0.00108999013900757,0.00267088413238525,0.0270147919654846,9.51886177062988e-05,0.0776846408843994,0.0657470226287842,0.0490338802337646,0.00716465711593628,0.0350573062896729,0.028794527053833,0.0224904417991638,0.017643928527832,0.0253129005432129,0.0486480593681335,0.026358962059021,0.0136581063270569,0.0193186402320862,0.0425386428833008,0.0872483849525452,0.0251231789588928,0.0222981572151184,0.0576609373092651,0.0536293983459473,0.00579458475112915,0.0259713530540466,0.0635694861412048,0.00932580232620239,0.0608037114143372,0.0495244264602661,0.0415133833885193,0.0748240351676941,0.0390186309814453,0.0797204375267029,0.013206422328949,0.00553148984909058,0.0580875873565674,0.0731568336486816,0.0739707946777344,0.00133812427520752,0.0516460537910461,0.0604697465896606,0.0703088045120239,0.0324907898902893,0.0814406275749207,0.0803991556167603,0.0885280966758728,0.0811607837677002,0.0611297488212585,0.110028803348541
"34093025",0.0281108021736145,0.034350574016571,0.000157833099365234,0.0621135830879211,0.0231353044509888,0.00393998622894287,0.0059514045715332,0.0153775215148926,0.00431960821151733,0.0261029005050659,0.0394554734230042,0.0696023106575012,0.0271501541137695,0.0778214931488037,0.0153540372848511,0.0180336833000183,0.00693804025650024,0.00730901956558228,0.0125311613082886,0.00220632553100586,0.11143034696579,0.00823318958282471,0.0146744847297668,0.0295022130012512,0.0501720905303955,0.0370374321937561,0.0252771377563477,0.00833535194396973,0.0371893048286438,0.0273913145065308,0.0374460220336914,0.00138318538665771,0.000715732574462891,0.031611442565918,0.00672560930252075,0.00315225124359131,0.00422042608261108,0.00633668899536133,0.0479406118392944,0.0248963832855225,0.0207020044326782,0.00628453493118286,0.00700962543487549,0.0239839553833008,0.0233878493309021,0.0472981929779053,1.43647193908691e-05,0.0307356715202332,0.0349190235137939,0.0198724865913391,0.0433590412139893,0.0233016610145569,0.0573264956474304,0.0552512407302856,0.0225262045860291,0.00221186876296997,0.00593596696853638,0.0372408628463745,0.0736795663833618,0.0543609261512756,0.0597744584083557,0.0239549875259399,0.0127083659172058,0.0438674092292786,0.0367574691772461,0.0861803293228149,0.0209419727325439,0.054299533367157,0.0592204332351685,0.0455889701843262,0.0325661301612854,0.0415441393852234,0.0307647585868835,0.0038791298866272,0.0513085722923279,0.090620756149292,0.041498064994812,0.0117481350898743,0.00761646032333374,0.0810882449150085,0.0778239369392395,0.0553050637245178,0.0939339399337769,0.0889846682548523,0.109300374984741,0.0343629121780396,0.0931939482688904,0.0892627239227295,0.097192108631134,0.0894834399223328,0.0656296610832214,0.0560525059700012,0.0975980162620544,0.0885197520256042,0.0825124979019165,0.0424264073371887,0.0697219371795654,0.107329607009888,0.0978348255157471,0.0473014712333679,0.0709453821182251,0.00536829233169556,0.00854331254959106,0.0325834155082703,0.011408269405365,0.0654875636100769,0.0386905670166016,0.0347719788551331,0.0225222110748291,0.0530408024787903,0.0203133821487427,0.0133976340293884,0.027502179145813,0.00364422798156738,0.035477876663208,0.0228942036628723,0.0340312719345093,0.0704812407493591,0.0321090221405029,0.0308616161346436,0.0397369861602783,0.0510677695274353,0.0518333315849304,0.00799906253814697,0.0387697815895081,0.0500702857971191,0.0277565121650696,0.023303747177124,0.0468619465827942,0.0276429653167725,0.0372716188430786,0.0392091274261475,0.0547210574150085,0.0497317314147949,0.00333476066589355,0.0345752239227295,0.0596110224723816,0.0240066647529602,0,0.0269032120704651,0.0843744277954102,0.0801870822906494,0.0805284976959229,0.00355255603790283,0.0229166746139526,0.0266775488853455,0.0510214567184448,0.0241018533706665,0.10169130563736,0.0897536873817444,0.0730405449867249,0.0311713218688965,0.0590639710426331,0.0047878623008728,0.046497106552124,0.00636273622512817,0.0493195652961731,0.0726547241210938,0.0503656268119812,0.0376647710800171,0.0433253049850464,0.066545307636261,0.111255049705505,0.049129843711853,0.0463048219680786,0.0816676020622253,0.0776360630989075,0.0182120800018311,0.0499780178070068,0.087576150894165,0.0146808624267578,0.0848103761672974,0.0735310912132263,0.0655200481414795,0.0988306999206543,0.0630252957344055,0.103727102279663,0.0372130870819092,0.0295381546020508,0.0820942521095276,0.0971634984016418,0.0979774594306946,0.0226685404777527,0.0756527185440063,0.0844764113426208,0.0943154692649841,0.0564974546432495,0.105447292327881,0.10440582036972,0.112534761428833,0.10516744852066,0.0851364135742188,0.134035468101501
"34093031",0.0550140142440796,0.0612537860870361,0.0270610451698303,0.0890167951583862,0.0500385165214539,0.0229632258415222,0.0209518074989319,0.0115256905555725,0.0225836038589478,0.053006112575531,0.0663586854934692,0.0965055227279663,0.000246942043304443,0.104724705219269,0.0422572493553162,0.00886952877044678,0.0338412523269653,0.0195941925048828,0.0394343733787537,0.0246968865394592,0.138333559036255,0.0186700224876404,0.0415776968002319,0.00259900093078613,0.0770753026008606,0.010134220123291,0.00162607431411743,0.0352385640144348,0.0640925168991089,0.000488102436065674,0.0105428099632263,0.0282863974571228,0.0261874794960022,0.0585146546363831,0.0201776027679443,0.0300554633140564,0.022682785987854,0.0332399010658264,0.0210373997688293,0.00200682878494263,0.00620120763778687,0.0206186771392822,0.0198935866355896,0.0508871674537659,0.00351536273956299,0.0203949809074402,0.026917576789856,0.00383245944976807,0.00801581144332886,0.0467756986618042,0.0702622532844543,0.0036015510559082,0.0304232835769653,0.0283480286598206,0.0494294166564941,0.0246913433074951,0.0209672451019287,0.0103376507759094,0.0467763543128967,0.0274577140808105,0.0328712463378906,0.00294822454452515,0.0396115779876709,0.0169641971588135,0.00985425710678101,0.0592771172523499,0.00596123933792114,0.0273963212966919,0.0323172211647034,0.0186857581138611,0.00566291809082031,0.0146409273147583,0.00386154651641846,0.0307823419570923,0.078211784362793,0.0637175440788269,0.0145948529243469,0.0386513471603394,0.0345196723937988,0.0541850328445435,0.0509207248687744,0.0284018516540527,0.0670307278633118,0.0620814561843872,0.0823971629142761,0.00745970010757446,0.0662907361984253,0.0623595118522644,0.0702888965606689,0.0625802278518677,0.0387264490127563,0.0291492938995361,0.0706948041915894,0.0616165399551392,0.0556092858314514,0.0155231952667236,0.0428187251091003,0.0804263949394226,0.070931613445282,0.0203982591629028,0.04404217004776,0.0215349197387695,0.0354465246200562,0.00568020343780518,0.0154949426651001,0.0385843515396118,0.0117873549461365,0.00786876678466797,0.00438100099563599,0.0261375904083252,0.0472165942192078,0.0135055780410767,0.0544053912162781,0.0305474400520325,0.00857466459274292,0.00400900840759277,0.00712805986404419,0.0973844528198242,0.00520581007003784,0.00395840406417847,0.0128337740898132,0.0241645574569702,0.0249301195144653,0.0349022746086121,0.011866569519043,0.0231670737266541,0.000853300094604492,0.00359946489334106,0.0199587345123291,0.000739753246307373,0.0103684067726135,0.0123059153556824,0.0278178453445435,0.0228285193443298,0.0302379727363586,0.0614784359931946,0.0327078104019165,0.00289654731750488,0.0269032120704651,0,0.0574712157249451,0.0532838702201843,0.0536252856254578,0.0304557681083679,0.00398653745651245,0.000225663185119629,0.0241182446479797,0.00280135869979858,0.0747880935668945,0.0628504753112793,0.0461373329162598,0.0042681097984314,0.032160758972168,0.0316910743713379,0.0195938944816589,0.0205404758453369,0.022416353225708,0.0457515120506287,0.0234624147415161,0.010761559009552,0.0164220929145813,0.0396420955657959,0.0843518376350403,0.0222266316413879,0.0194016098976135,0.0547643899917603,0.0507328510284424,0.00869113206863403,0.0230748057365417,0.0606729388237,0.0122223496437073,0.0579071640968323,0.0466278791427612,0.0386168360710144,0.0719274878501892,0.0361220836639404,0.076823890209198,0.0103098750114441,0.00263494253158569,0.0551910400390625,0.0702602863311768,0.0710742473602295,0.0042346715927124,0.0487495064735413,0.0575731992721558,0.067412257194519,0.0295942425727844,0.0785440802574158,0.0775026082992554,0.0856315493583679,0.0782642364501953,0.0582332015037537,0.107132256031036
"34094022",0.112485229969025,0.118725001811981,0.0845322608947754,0.146488010883331,0.107509732246399,0.0804344415664673,0.078423023223877,0.0689969062805176,0.0800548195838928,0.110477328300476,0.123829901218414,0.153976738452911,0.0572242736816406,0.162195920944214,0.0997284650802612,0.0663407444953918,0.0913124680519104,0.0770654082298279,0.0969055891036987,0.0821681022644043,0.1958047747612,0.0761412382125854,0.099048912525177,0.0548722147941589,0.134546518325806,0.0473369956016541,0.0590972900390625,0.0927097797393799,0.121563732624054,0.0569831132888794,0.0469284057617188,0.0857576131820679,0.0836586952209473,0.115985870361328,0.0776488184928894,0.0875266790390015,0.0801540017127991,0.0907111167907715,0.0364338159561157,0.0594780445098877,0.0636724233627319,0.0780898928642273,0.0773648023605347,0.108358383178711,0.0609865784645081,0.0370762348175049,0.084388792514801,0.053638756275177,0.0494554042816162,0.104246914386749,0.127733469009399,0.0610727667808533,0.0270479321479797,0.0291231870651245,0.106900632381439,0.0821625590324402,0.0784384608268738,0.0471335649490356,0.0106948614120483,0.0300135016441345,0.0245999693870544,0.0604194402694702,0.097082793712616,0.0405070185661316,0.0476169586181641,0.00180590152740479,0.0634324550628662,0.0300748944282532,0.0251539945602417,0.038785457611084,0.0518082976341248,0.0428302884101868,0.0536096692085266,0.0882535576820374,0.135683000087738,0.00624632835388184,0.0428763628005981,0.0961225628852844,0.0919908881187439,0.00328618288040161,0.00655049085617065,0.0290693640708923,0.0095595121383667,0.00461024045944214,0.0249259471893311,0.0500115156173706,0.00881952047348022,0.00488829612731934,0.0128176808357239,0.00510901212692261,0.0187447667121887,0.0283219218254089,0.0132235884666443,0.00414532423019409,0.00186192989349365,0.0419480204582214,0.0146524906158447,0.0229551792144775,0.0134603977203369,0.0370729565620422,0.0134290456771851,0.0790061354637146,0.0929177403450012,0.0517910122871399,0.0729661583900452,0.0188868641853333,0.0456838607788086,0.0496024489402771,0.0618522167205811,0.0313336253166199,0.104687809944153,0.0709767937660217,0.111876606941223,0.0880186557769775,0.0488965511322021,0.0614802241325378,0.0503431558609009,0.154855668544769,0.0522654056549072,0.0535128116607666,0.0446374416351318,0.0333066582679749,0.0325410962104797,0.0923734903335571,0.0456046462059021,0.034304141998291,0.0566179156303406,0.0610706806182861,0.037512481212616,0.0567314624786377,0.0471028089523315,0.0451653003692627,0.0296533703804016,0.0346426963806152,0.0877091884613037,0.11894965171814,0.0247634053230286,0.06036776304245,0.0843744277954102,0.0574712157249451,0,0.00418734550476074,0.0038459300994873,0.087926983833313,0.0614577531814575,0.0576968789100647,0.0333529710769653,0.0602725744247437,0.0173168778419495,0.00537925958633423,0.0113338828086853,0.0532031059265137,0.0253104567527771,0.089162290096283,0.0378773212432861,0.078011691570282,0.0350548624992371,0.0117197036743164,0.034008800983429,0.0467096567153931,0.0410491228103638,0.0178291201591492,0.0268806219100952,0.0352445840835571,0.0380696058273315,0.00270682573318481,0.00673836469650269,0.0661623477935791,0.0343964099884033,0.00320172309875488,0.0696935653686523,0.000435948371887207,0.0108433365821838,0.0188543796539307,0.0144562721252441,0.0213491320610046,0.0193526744842529,0.047161340713501,0.0548362731933594,0.00228017568588257,0.0127890706062317,0.0136030316352844,0.0617058873176575,0.00872170925140381,0.000101983547210693,0.00994104146957397,0.0278769731521606,0.0210728645324707,0.0200313925743103,0.0281603336334229,0.0207930207252502,0.000761985778808594,0.0496610403060913
"34094023",0.108297884464264,0.11453765630722,0.0803449153900146,0.142300665378571,0.103322386741638,0.0762470960617065,0.0742356777191162,0.0648095607757568,0.0758674740791321,0.106289982795715,0.119642555713654,0.149789392948151,0.0530369281768799,0.158008575439453,0.0955411195755005,0.0621533989906311,0.0871251225471497,0.0728780627250671,0.092718243598938,0.0779807567596436,0.191617429256439,0.0719538927078247,0.0948615670204163,0.0506848692893982,0.130359172821045,0.0431496500968933,0.0549099445343018,0.0885224342346191,0.117376387119293,0.0527957677841187,0.042741060256958,0.0815702676773071,0.0794713497161865,0.111798524856567,0.0734614729881287,0.0833393335342407,0.0759666562080383,0.0865237712860107,0.032246470451355,0.055290699005127,0.0594850778579712,0.0739025473594666,0.0731774568557739,0.10417103767395,0.0567992329597473,0.0328888893127441,0.0802014470100403,0.0494514107704163,0.0452680587768555,0.100059568881989,0.123546123504639,0.0568854212760925,0.022860586643219,0.0249358415603638,0.102713286876678,0.0779752135276794,0.074251115322113,0.0429462194442749,0.0065075159072876,0.0258261561393738,0.0204126238822937,0.0562320947647095,0.0928954482078552,0.0363196730613708,0.0434296131134033,0.00599324703216553,0.0592451095581055,0.0258875489234924,0.020966649055481,0.0345981121063232,0.047620952129364,0.038642942905426,0.0494223237037659,0.0840662121772766,0.131495654582977,0.0104336738586426,0.0386890172958374,0.0919352173805237,0.0878035426139832,0.000901162624359131,0.00236314535140991,0.0248820185661316,0.0137468576431274,0.00879758596420288,0.0291132926940918,0.0458241701126099,0.013006865978241,0.00907564163208008,0.0170050263404846,0.00929635763168335,0.014557421207428,0.0241345763206482,0.017410933971405,0.00833266973495483,0.00232541561126709,0.0377606749534607,0.010465145111084,0.0271425247192383,0.0176477432250977,0.0328856110572815,0.00924170017242432,0.0748187899589539,0.0887303948402405,0.0476036667823792,0.0687788128852844,0.0146995186805725,0.0414965152740479,0.0454151034355164,0.0576648712158203,0.0271462798118591,0.100500464439392,0.066789448261261,0.107689261436462,0.0838313102722168,0.0447092056274414,0.0572928786277771,0.0461558103561401,0.150668323040009,0.0480780601501465,0.0493254661560059,0.0404500961303711,0.0291193127632141,0.028353750705719,0.0881861448287964,0.0414173007011414,0.0301167964935303,0.0524305701255798,0.0568833351135254,0.0333251357078552,0.052544116973877,0.0429154634475708,0.040977954864502,0.0254660248756409,0.0304553508758545,0.083521842956543,0.114762306213379,0.0205760598182678,0.0561804175376892,0.0801870822906494,0.0532838702201843,0.00418734550476074,0,0.000341415405273438,0.0837396383285522,0.0572704076766968,0.053509533405304,0.0291656255722046,0.0560852289199829,0.0215042233467102,0.00956660509109497,0.00714653730392456,0.0490157604217529,0.0211231112480164,0.0849749445915222,0.0336899757385254,0.0738243460655212,0.0308675169944763,0.00753235816955566,0.0298214554786682,0.0425223112106323,0.036861777305603,0.0136417746543884,0.031067967414856,0.0310572385787964,0.0338822603225708,0.00148051977157593,0.00255101919174194,0.0619750022888184,0.0302090644836426,0.00738906860351562,0.0655062198638916,0.00462329387664795,0.0066559910774231,0.0146670341491699,0.0186436176300049,0.0171617865562439,0.0235400199890137,0.0429739952087402,0.0506489276885986,0.00190716981887817,0.0169764161109924,0.0177903771400452,0.0575185418128967,0.00453436374664307,0.00428932905197144,0.0141283869743347,0.0236896276473999,0.0252602100372314,0.024218738079071,0.0323476791381836,0.024980366230011,0.00494933128356934,0.0538483858108521
"34094024",0.108639299869537,0.114879071712494,0.0806863307952881,0.142642080783844,0.103663802146912,0.07658851146698,0.0745770931243896,0.0651509761810303,0.0762088894844055,0.106631398200989,0.119983971118927,0.150130808353424,0.0533783435821533,0.158349990844727,0.0958825349807739,0.0624948143959045,0.0874665379524231,0.0732194781303406,0.0930596590042114,0.078322172164917,0.191958844661713,0.0722953081130981,0.0952029824256897,0.0510262846946716,0.130700588226318,0.0434910655021667,0.0552513599395752,0.0888638496398926,0.117717802524567,0.0531371831893921,0.0430824756622314,0.0819116830825806,0.07981276512146,0.112139940261841,0.0738028883934021,0.0836807489395142,0.0763080716133118,0.0868651866912842,0.0325878858566284,0.0556321144104004,0.0598264932632446,0.07424396276474,0.0735188722610474,0.104512453079224,0.0571406483650208,0.0332303047180176,0.0805428624153137,0.0497928261756897,0.0456094741821289,0.100400984287262,0.123887538909912,0.057226836681366,0.0232020020484924,0.0252772569656372,0.103054702281952,0.0783166289329529,0.0745925307273865,0.0432876348495483,0.00684893131256104,0.0261675715446472,0.0207540392875671,0.0565735101699829,0.0932368636131287,0.0366610884666443,0.0437710285186768,0.00565183162689209,0.0595865249633789,0.0262289643287659,0.0213080644607544,0.0349395275115967,0.0479623675346375,0.0389843583106995,0.0497637391090393,0.08440762758255,0.131837069988251,0.0100922584533691,0.0390304327011108,0.0922766327857971,0.0881449580192566,0.000559747219085693,0.00270456075668335,0.025223433971405,0.013405442237854,0.00845617055892944,0.0287718772888184,0.0461655855178833,0.0126654505729675,0.00873422622680664,0.0166636109352112,0.00895494222640991,0.0148988366127014,0.0244759917259216,0.0170695185661316,0.0079912543296814,0.00198400020599365,0.0381020903587341,0.0108065605163574,0.0268011093139648,0.0173063278198242,0.0332270264625549,0.00958311557769775,0.0751602053642273,0.0890718102455139,0.0479450821876526,0.0691202282905579,0.0150409340858459,0.0418379306793213,0.0457565188407898,0.0580062866210938,0.0274876952171326,0.100841879844666,0.0671308636665344,0.108030676841736,0.0841727256774902,0.0450506210327148,0.0576342940330505,0.0464972257614136,0.151009738445282,0.0484194755554199,0.0496668815612793,0.0407915115356445,0.0294607281684875,0.0286951661109924,0.0885275602340698,0.0417587161064148,0.0304582118988037,0.0527719855308533,0.0572247505187988,0.0336665511131287,0.0528855323791504,0.0432568788528442,0.0413193702697754,0.0258074402809143,0.0307967662811279,0.0838632583618164,0.115103721618652,0.0209174752235413,0.0565218329429626,0.0805284976959229,0.0536252856254578,0.0038459300994873,0.000341415405273438,0,0.0840810537338257,0.0576118230819702,0.0538509488105774,0.029507040977478,0.0564266443252563,0.0211628079414368,0.00922518968582153,0.007487952709198,0.0493571758270264,0.0214645266532898,0.0853163599967957,0.0340313911437988,0.0741657614707947,0.0312089323997498,0.0078737735748291,0.0301628708839417,0.0428637266159058,0.0372031927108765,0.0139831900596619,0.0307265520095825,0.0313986539840698,0.0342236757278442,0.00113910436630249,0.00289243459701538,0.0623164176940918,0.030550479888916,0.00704765319824219,0.065847635269165,0.00428187847137451,0.00699740648269653,0.0150084495544434,0.0183022022247314,0.0175032019615173,0.0231986045837402,0.0433154106140137,0.0509903430938721,0.00156575441360474,0.016635000705719,0.0174489617347717,0.0578599572181702,0.0048757791519165,0.003947913646698,0.0137869715690613,0.0240310430526733,0.024918794631958,0.0238773226737976,0.0320062637329102,0.0246389508247375,0.0046079158782959,0.0535069704055786
"34094025",0.0245582461357117,0.0307980179786682,0.0033947229385376,0.0585610270500183,0.0195827484130859,0.0074925422668457,0.00950396060943604,0.0189300775527954,0.00787216424942017,0.0225503444671631,0.0359029173851013,0.0660497546195984,0.0307027101516724,0.0742689371109009,0.0118014812469482,0.0215862393379211,0.00338548421859741,0.0108615756034851,0.00897860527038574,0.00575888156890869,0.107877790927887,0.0117857456207275,0.011121928691864,0.0330547690391541,0.0466195344924927,0.0405899882316589,0.0288296937942505,0.00478279590606689,0.033636748790741,0.0309438705444336,0.0409985780715942,0.00216937065124512,0.00426828861236572,0.0280588865280151,0.0102781653404236,0.000400304794311523,0.00777298212051392,0.0027841329574585,0.0514931678771973,0.0284489393234253,0.0242545604705811,0.00983709096908569,0.0105621814727783,0.0204313993453979,0.0269404053688049,0.0508507490158081,0.00353819131851196,0.034288227558136,0.0384715795516968,0.0163199305534363,0.0398064851760864,0.0268542170524597,0.0608790516853333,0.0588037967681885,0.0189736485481262,0.0057644248008728,0.00948852300643921,0.0407934188842773,0.0772321224212646,0.0579134821891785,0.0633270144462585,0.0275075435638428,0.00915580987930298,0.0474199652671814,0.0403100252151489,0.0897328853607178,0.0244945287704468,0.0578520894050598,0.0627729892730713,0.049141526222229,0.0361186861991882,0.0450966954231262,0.0343173146247864,0.000326573848724365,0.047756016254425,0.0941733121871948,0.0450506210327148,0.00819557905197144,0.00406390428543091,0.0846408009529114,0.0813764929771423,0.0588576197624207,0.0974864959716797,0.0925372242927551,0.112852931022644,0.0379154682159424,0.0967465043067932,0.0928152799606323,0.100744664669037,0.0930359959602356,0.0691822171211243,0.0596050620079041,0.101150572299957,0.0920723080635071,0.0860650539398193,0.0459789633750916,0.0732744932174683,0.110882163047791,0.10138738155365,0.0508540272712708,0.0744979381561279,0.00892084836959839,0.00499075651168823,0.0361359715461731,0.0149608254432678,0.0690401196479797,0.0422431230545044,0.0383245348930359,0.0260747671127319,0.0565933585166931,0.0167608261108398,0.0169501900672913,0.0239496231079102,9.16719436645508e-05,0.0390304327011108,0.0264467597007751,0.0375838279724121,0.0669286847114563,0.0356615781784058,0.0344141721725464,0.0432895421981812,0.0546203255653381,0.0553858876228333,0.00444650650024414,0.0423223376274109,0.053622841835022,0.0313090682029724,0.0268563032150269,0.050414502620697,0.0311955213546753,0.0408241748809814,0.0427616834640503,0.0582736134529114,0.0532842874526978,0.000217795372009277,0.0310226678848267,0.0631635785102844,0.027559220790863,0.00355255603790283,0.0304557681083679,0.087926983833313,0.0837396383285522,0.0840810537338257,0,0.0264692306518555,0.0302301049232483,0.0545740127563477,0.0276544094085693,0.105243861675262,0.0933062434196472,0.0765931010246277,0.0347238779067993,0.0626165270805359,0.00123530626296997,0.0500496625900269,0.00991529226303101,0.0528721213340759,0.0762072801589966,0.053918182849884,0.0412173271179199,0.0468778610229492,0.0700978636741638,0.114807605743408,0.0526823997497559,0.0498573780059814,0.0852201581001282,0.0811886191368103,0.0217646360397339,0.0535305738449097,0.0911287069320679,0.0182334184646606,0.0883629322052002,0.0770836472511292,0.0690726041793823,0.102383255958557,0.0665778517723083,0.107279658317566,0.040765643119812,0.0330907106399536,0.0856468081474304,0.100716054439545,0.101530015468597,0.0262210965156555,0.0792052745819092,0.0880289673805237,0.097868025302887,0.0600500106811523,0.108999848365784,0.107958376407623,0.116087317466736,0.108720004558563,0.0886889696121216,0.137588024139404
"34094026",0.0510274767875671,0.0572672486305237,0.0230745077133179,0.0850302577018738,0.0460519790649414,0.0189766883850098,0.0169652700424194,0.00753915309906006,0.0185970664024353,0.0490195751190186,0.0623721480369568,0.0925189852714539,0.00423347949981689,0.100738167762756,0.0382707118988037,0.00488299131393433,0.0298547148704529,0.0156076550483704,0.0354478359222412,0.0207103490829468,0.134347021579742,0.0146834850311279,0.0375911593437195,0.00658553838729858,0.0730887651443481,0.0141207575798035,0.00236046314239502,0.0312520265579224,0.0601059794425964,0.00447463989257812,0.0145293474197388,0.0242998600006104,0.0222009420394897,0.0545281171798706,0.0161910653114319,0.0260689258575439,0.0186962485313416,0.029253363609314,0.0250239372253418,0.00197970867156982,0.00221467018127441,0.0166321396827698,0.0159070491790771,0.0469006299972534,0.000471174716949463,0.0243815183639526,0.0229310393333435,0.00781899690628052,0.0120023488998413,0.0427891612052917,0.0662757158279419,0.000384986400604248,0.0344098210334778,0.032334566116333,0.0454428791999817,0.0207048058509827,0.0169807076454163,0.0143241882324219,0.0507628917694092,0.031444251537323,0.0368577837944031,0.0010383129119873,0.0356250405311584,0.0209507346153259,0.0138407945632935,0.0632636547088623,0.00197470188140869,0.0313828587532043,0.0363037586212158,0.0226722955703735,0.00964945554733276,0.0186274647712708,0.00784808397293091,0.0267958045005798,0.0742252469062805,0.0677040815353394,0.0185813903808594,0.0346648097038269,0.0305331349372864,0.0581715703010559,0.0549072623252869,0.0323883891105652,0.0710172653198242,0.0660679936408997,0.0863837003707886,0.0114462375640869,0.0702772736549377,0.0663460493087769,0.0742754340171814,0.0665667653083801,0.0427129864692688,0.0331358313560486,0.0746813416481018,0.0656030774116516,0.0595958232879639,0.0195097327232361,0.0468052625656128,0.0844129323959351,0.0749181509017944,0.0243847966194153,0.0480287075042725,0.0175483822822571,0.0314599871635437,0.00966674089431763,0.0115084052085876,0.0425708889961243,0.0157738924026489,0.0118553042411804,0.000394463539123535,0.0301241278648376,0.0432300567626953,0.00951904058456421,0.0504188537597656,0.02656090259552,0.0125612020492554,2.24709510803223e-05,0.0111145973205566,0.0933979153633118,0.00919234752655029,0.00794494152069092,0.0168203115463257,0.0281510949134827,0.0289166569709778,0.0309157371520996,0.0158531069755554,0.0271536111831665,0.00483983755111694,0.000387072563171387,0.0239452719688416,0.00472629070281982,0.014354944229126,0.0162924528121948,0.0318043828010559,0.0268150568008423,0.0262514352798462,0.0574918985366821,0.036694347858429,0.00108999013900757,0.0229166746139526,0.00398653745651245,0.0614577531814575,0.0572704076766968,0.0576118230819702,0.0264692306518555,0,0.00376087427139282,0.0281047821044922,0.00118517875671387,0.078774631023407,0.0668370127677917,0.0501238703727722,0.00825464725494385,0.0361472964286804,0.0277045369148254,0.0235804319381714,0.0165539383888245,0.0264028906822205,0.0497380495071411,0.0274489521980286,0.0147480964660645,0.0204086303710938,0.0436286330223083,0.0883383750915527,0.0262131690979004,0.023388147354126,0.0587509274482727,0.0547193884849548,0.00470459461212158,0.0270613431930542,0.0646594762802124,0.00823581218719482,0.0618937015533447,0.0506144165992737,0.0426033735275269,0.0759140253067017,0.0401086211204529,0.0808104276657104,0.0142964124679565,0.00662147998809814,0.059177577495575,0.0742468237876892,0.0750607848167419,0.000248134136199951,0.0527360439300537,0.0615597367286682,0.0713987946510315,0.0335807800292969,0.0825306177139282,0.0814891457557678,0.0896180868148804,0.0822507739067078,0.0622197389602661,0.111118793487549
"34094029",0.05478835105896,0.0610281229019165,0.0268353819847107,0.0887911319732666,0.0498128533363342,0.0227375626564026,0.0207261443138123,0.0113000273704529,0.0223579406738281,0.0527804493904114,0.0661330223083496,0.0962798595428467,0.000472605228424072,0.104499042034149,0.0420315861701965,0.00864386558532715,0.0336155891418457,0.0193685293197632,0.039208710193634,0.0244712233543396,0.138107895851135,0.0184443593025208,0.0413520336151123,0.00282466411590576,0.076849639415741,0.0103598833084106,0.0014004111289978,0.0350129008293152,0.0638668537139893,0.000713765621185303,0.0107684731483459,0.0280607342720032,0.0259618163108826,0.0582889914512634,0.0199519395828247,0.0298298001289368,0.0224571228027344,0.0330142378807068,0.021263062953949,0.001781165599823,0.00597554445266724,0.0203930139541626,0.01966792345047,0.0506615042686462,0.00328969955444336,0.0206206440925598,0.0266919136047363,0.0040581226348877,0.00824147462844849,0.0465500354766846,0.0700365900993347,0.00337588787078857,0.030648946762085,0.0285736918449402,0.0492037534713745,0.0244656801223755,0.0207415819168091,0.0105633139610291,0.0470020174980164,0.0276833772659302,0.0330969095230103,0.00272256135940552,0.0393859148025513,0.0171898603439331,0.0100799202919006,0.0595027804374695,0.00573557615280151,0.0276219844818115,0.032542884349823,0.0189114212989807,0.00588858127593994,0.0148665904998779,0.00408720970153809,0.0305566787719727,0.0779861211776733,0.0639432072639465,0.0148205161094666,0.0384256839752197,0.0342940092086792,0.0544106960296631,0.051146388053894,0.0286275148391724,0.0672563910484314,0.0623071193695068,0.0826228260993958,0.00768536329269409,0.0665163993835449,0.062585175037384,0.0705145597457886,0.0628058910369873,0.038952112197876,0.0293749570846558,0.070920467376709,0.0618422031402588,0.055834949016571,0.0157488584518433,0.04304438829422,0.0806520581245422,0.0711572766304016,0.0206239223480225,0.0442678332328796,0.0213092565536499,0.0352208614349365,0.0059058666229248,0.0152692794799805,0.0388100147247314,0.0120130181312561,0.0080944299697876,0.00415533781051636,0.0263632535934448,0.0469909310340881,0.013279914855957,0.0541797280311584,0.0303217768669128,0.00880032777786255,0.00378334522247314,0.00735372304916382,0.0971587896347046,0.00543147325515747,0.0041840672492981,0.0130594372749329,0.0243902206420898,0.025155782699585,0.0346766114234924,0.0120922327041626,0.0233927369117737,0.00107896327972412,0.00337380170822144,0.0201843976974487,0.000965416431427002,0.0105940699577332,0.012531578540802,0.0280435085296631,0.0230541825294495,0.030012309551239,0.061252772808075,0.0329334735870361,0.00267088413238525,0.0266775488853455,0.000225663185119629,0.0576968789100647,0.053509533405304,0.0538509488105774,0.0302301049232483,0.00376087427139282,0,0.0243439078330994,0.00257569551467896,0.0750137567520142,0.0630761384963989,0.0463629961013794,0.00449377298355103,0.0323864221572876,0.0314654111862183,0.0198195576667786,0.0203148126602173,0.0226420164108276,0.0459771752357483,0.0236880779266357,0.0109872221946716,0.0166477560997009,0.0398677587509155,0.0845775008201599,0.0224522948265076,0.0196272730827332,0.0549900531768799,0.050958514213562,0.0084654688835144,0.0233004689216614,0.0608986020088196,0.0119966864585876,0.0581328272819519,0.0468535423278809,0.038842499256134,0.0721531510353088,0.0363477468490601,0.0770495533943176,0.0105355381965637,0.00286060571670532,0.0554167032241821,0.0704859495162964,0.0712999105453491,0.00400900840759277,0.0489751696586609,0.0577988624572754,0.0676379203796387,0.0298199057579041,0.0787697434425354,0.077728271484375,0.0858572125434875,0.0784898996353149,0.0584588646888733,0.107357919216156
"34094030",0.0791322588920593,0.0853720307350159,0.0511792898178101,0.113135039806366,0.0741567611694336,0.047081470489502,0.0450700521469116,0.0356439352035522,0.0467018485069275,0.0771243572235107,0.090476930141449,0.120623767375946,0.0238713026046753,0.128842949867249,0.0663754940032959,0.0329877734184265,0.0579594969749451,0.0437124371528625,0.0635526180267334,0.048815131187439,0.162451803684235,0.0427882671356201,0.0656959414482117,0.0215192437171936,0.10119354724884,0.0139840245246887,0.0257443189620972,0.0593568086624146,0.0882107615470886,0.0236301422119141,0.0135754346847534,0.0524046421051025,0.0503057241439819,0.0826328992843628,0.0442958474159241,0.0541737079620361,0.0468010306358337,0.0573581457138062,0.00308084487915039,0.0261250734329224,0.0303194522857666,0.044736921787262,0.0440118312835693,0.0750054121017456,0.0276336073875427,0.00372326374053955,0.0510358214378357,0.0202857851982117,0.0161024332046509,0.0708939433097839,0.0943804979324341,0.0277197957038879,0.0063050389289856,0.00422978401184082,0.0735476613044739,0.0488095879554749,0.0450854897499084,0.0137805938720703,0.022658109664917,0.00333946943283081,0.00875300168991089,0.0270664691925049,0.0637298226356506,0.00715404748916626,0.0142639875411987,0.0351588726043701,0.0300794839859009,0.00327807664871216,0.00819897651672363,0.00543248653411865,0.0184553265571594,0.00947731733322144,0.0202566981315613,0.054900586605072,0.102330029010773,0.0395992994308472,0.00952339172363281,0.0627695918083191,0.0586379170417786,0.0300667881965637,0.0268024802207947,0.004283607006073,0.042912483215332,0.0379632115364075,0.0582789182662964,0.0166585445404053,0.0421724915504456,0.0382412672042847,0.0461706519126892,0.0384619832038879,0.0146082043647766,0.0050310492515564,0.0465765595436096,0.0374982953071594,0.0314910411834717,0.0085950493812561,0.0187004804611206,0.0563081502914429,0.0468133687973022,0.0037199854850769,0.0199239253997803,0.0456531643867493,0.0595647692680359,0.0184380412101746,0.0396131873130798,0.0144661068916321,0.0123308897018433,0.0162494778633118,0.0284992456436157,0.00201934576034546,0.0713348388671875,0.0376238226890564,0.0785236358642578,0.0546656847000122,0.0155435800552368,0.0281272530555725,0.0169901847839355,0.121502697467804,0.0189124345779419,0.0201598405838013,0.0112844705581665,4.63128089904785e-05,0.000811874866485596,0.0590205192565918,0.0122516751289368,0.000951170921325684,0.0232649445533752,0.0277177095413208,0.00415951013565063,0.0233784914016724,0.0137498378753662,0.0118123292922974,0.00369960069656372,0.0012897253036499,0.0543562173843384,0.0855966806411743,0.00858956575393677,0.0270147919654846,0.0510214567184448,0.0241182446479797,0.0333529710769653,0.0291656255722046,0.029507040977478,0.0545740127563477,0.0281047821044922,0.0243439078330994,0,0.0269196033477783,0.0506698489189148,0.0387322306632996,0.02201908826828,0.0198501348495483,0.00804251432418823,0.0558093190193176,0.0045243501663208,0.0446587204933167,0.00170189142227173,0.0216332674026489,0.000655829906463623,0.0133566856384277,0.00769615173339844,0.0155238509178162,0.0602335929870605,0.0018916130065918,0.00471663475036621,0.0306461453437805,0.0266146063804626,0.0328093767166138,0.00104343891143799,0.0365546941757202,0.036340594291687,0.0337889194488525,0.0225096344947815,0.0144985914230347,0.0478092432022095,0.0120038390159607,0.0527056455612183,0.0138083696365356,0.021483302116394,0.0310727953910828,0.046142041683197,0.0469560027122498,0.0283529162406921,0.0246312618255615,0.033454954624176,0.0432940125465393,0.00547599792480469,0.054425835609436,0.0533843636512756,0.0615133047103882,0.0541459918022156,0.0341149568557739,0.0830140113830566
"34094031",0.052212655544281,0.0584524273872375,0.0242596864700317,0.0862154364585876,0.0472371578216553,0.0201618671417236,0.0181504487991333,0.00872433185577393,0.0197822451591492,0.0502047538757324,0.0635573267936707,0.0937041640281677,0.00304830074310303,0.10192334651947,0.0394558906555176,0.00606817007064819,0.0310398936271667,0.0167928338050842,0.0366330146789551,0.0218955278396606,0.135532200336456,0.0158686637878418,0.0387763381004333,0.00540035963058472,0.074273943901062,0.0129355788230896,0.00117528438568115,0.0324372053146362,0.0612911581993103,0.00328946113586426,0.0133441686630249,0.0254850387573242,0.0233861207962036,0.0557132959365845,0.0173762440681458,0.0272541046142578,0.0198814272880554,0.0304385423660278,0.0238387584686279,0.000794529914855957,0.00339984893798828,0.0178173184394836,0.017092227935791,0.0480858087539673,0.000714004039764404,0.0231963396072388,0.0241162180900574,0.00663381814956665,0.0108171701431274,0.0439743399620056,0.0674608945846558,0.000800192356109619,0.0332246422767639,0.0311493873596191,0.0466280579566956,0.0218899846076965,0.0181658864021301,0.013139009475708,0.0495777130126953,0.0302590727806091,0.0356726050376892,0.000146865844726562,0.0368102192878723,0.0197655558586121,0.0126556158065796,0.0620784759521484,0.00315988063812256,0.0301976799964905,0.035118579864502,0.0214871168136597,0.0084642767906189,0.0174422860145569,0.00666290521621704,0.0279809832572937,0.0754104256629944,0.0665189027786255,0.0173962116241455,0.0358499884605408,0.0317183136940002,0.056986391544342,0.053722083568573,0.0312032103538513,0.0698320865631104,0.0648828148841858,0.0851985216140747,0.010261058807373,0.0690920948982239,0.065160870552063,0.0730902552604675,0.0653815865516663,0.0415278077125549,0.0319506525993347,0.0734961628913879,0.0644178986549377,0.05841064453125,0.0183245539665222,0.0456200838088989,0.0832277536392212,0.0737329721450806,0.0231996178627014,0.0468435287475586,0.0187335610389709,0.0326451659202576,0.00848156213760376,0.0126935839653015,0.0413857102394104,0.0145887136459351,0.0106701254844666,0.0015796422958374,0.0289389491081238,0.0444152355194092,0.0107042193412781,0.0516040325164795,0.0277460813522339,0.0113760232925415,0.00120764970779419,0.00992941856384277,0.0945830941200256,0.00800716876983643,0.00675976276397705,0.0156351327896118,0.0269659161567688,0.0277314782142639,0.0321009159088135,0.0146679282188416,0.0259684324264526,0.00365465879440308,0.00079810619354248,0.0227600932121277,0.00354111194610596,0.0131697654724121,0.015107274055481,0.030619204044342,0.0256298780441284,0.0274366140365601,0.058677077293396,0.0355091691017151,9.51886177062988e-05,0.0241018533706665,0.00280135869979858,0.0602725744247437,0.0560852289199829,0.0564266443252563,0.0276544094085693,0.00118517875671387,0.00257569551467896,0.0269196033477783,0,0.0775894522666931,0.0656518340110779,0.0489386916160583,0.00706946849822998,0.0349621176719666,0.0288897156715393,0.0223952531814575,0.0177391171455383,0.0252177119255066,0.0485528707504272,0.0262637734413147,0.0135629177093506,0.0192234516143799,0.0424434542655945,0.0871531963348389,0.0250279903411865,0.0222029685974121,0.0575657486915588,0.053534209728241,0.00588977336883545,0.0258761644363403,0.0634742975234985,0.00942099094390869,0.0607085227966309,0.0494292378425598,0.041418194770813,0.0747288465499878,0.038923442363739,0.0796252489089966,0.0131112337112427,0.00543630123138428,0.0579923987388611,0.0730616450309753,0.0738756060600281,0.00143331289291382,0.0515508651733398,0.0603745579719543,0.0702136158943176,0.032395601272583,0.0813454389572144,0.080303966999054,0.0884329080581665,0.0810655951499939,0.0610345602035522,0.109933614730835
"34095023",0.129802107810974,0.136041879653931,0.101849138736725,0.163804888725281,0.124826610088348,0.0977513194084167,0.0957399010658264,0.086313784122467,0.0973716974258423,0.127794206142426,0.141146779060364,0.171293616294861,0.0745411515235901,0.179512798786163,0.117045342922211,0.0836576223373413,0.10862934589386,0.0943822860717773,0.114222466945648,0.0994849801063538,0.213121652603149,0.0934581160545349,0.116365790367126,0.0721890926361084,0.151863396167755,0.0646538734436035,0.076414167881012,0.110026657581329,0.138880610466003,0.0742999911308289,0.0642452836036682,0.103074491024017,0.100975573062897,0.133302748203278,0.0949656963348389,0.104843556880951,0.0974708795547485,0.108027994632721,0.0537506937980652,0.0767949223518372,0.0809893012046814,0.0954067707061768,0.0946816802024841,0.12567526102066,0.0783034563064575,0.0543931126594543,0.10170567035675,0.0709556341171265,0.0667722821235657,0.121563792228699,0.145050346851349,0.0783896446228027,0.0443648099899292,0.046440064907074,0.124217510223389,0.0994794368743896,0.0957553386688232,0.0644504427909851,0.0280117392539978,0.047330379486084,0.0419168472290039,0.0777363181114197,0.114399671554565,0.0578238964080811,0.0649338364601135,0.0155109763145447,0.0807493329048157,0.0473917722702026,0.0424708724021912,0.0561023354530334,0.0691251754760742,0.0601471662521362,0.0709265470504761,0.105570435523987,0.152999877929688,0.0110705494880676,0.0601932406425476,0.113439440727234,0.109307765960693,0.0206030607223511,0.0238673686981201,0.0463862419128418,0.00775736570358276,0.0127066373825073,0.00760906934738159,0.0673283934593201,0.00849735736846924,0.0124285817146301,0.00449919700622559,0.0122078657150269,0.0360616445541382,0.0456387996673584,0.00409328937530518,0.0131715536117554,0.0191788077354431,0.0592648983001709,0.0319693684577942,0.00563830137252808,0.00385648012161255,0.0543898344039917,0.0307459235191345,0.0963230133056641,0.110234618186951,0.0691078901290894,0.0902830362319946,0.0362037420272827,0.0630007386207581,0.0669193267822266,0.0791690945625305,0.0486505031585693,0.122004687786102,0.0882936716079712,0.129193484783173,0.105335533618927,0.0662134289741516,0.0787971019744873,0.0676600337028503,0.172172546386719,0.0695822834968567,0.0708296895027161,0.0619543194770813,0.0506235361099243,0.0498579740524292,0.109690368175507,0.0629215240478516,0.0516210198402405,0.07393479347229,0.0783875584602356,0.0548293590545654,0.0740483403205872,0.064419686794281,0.0624821782112122,0.0469702482223511,0.0519595742225647,0.105026066303253,0.136266529560089,0.042080283164978,0.0776846408843994,0.10169130563736,0.0747880935668945,0.0173168778419495,0.0215042233467102,0.0211628079414368,0.105243861675262,0.078774631023407,0.0750137567520142,0.0506698489189148,0.0775894522666931,0,0.0119376182556152,0.0286507606506348,0.0705199837684631,0.0426273345947266,0.106479167938232,0.0551941990852356,0.0953285694122314,0.0523717403411865,0.0290365815162659,0.0513256788253784,0.0640265345573425,0.0583660006523132,0.0351459980010986,0.00956374406814575,0.0525614619255066,0.055386483669281,0.0200237035751343,0.0240552425384521,0.0834792256355286,0.0517132878303528,0.0141151547431946,0.0870104432106018,0.0168809294700623,0.0281602144241333,0.0361712574958801,0.00286060571670532,0.0386660099029541,0.00203579664230347,0.0644782185554504,0.0721531510353088,0.019597053527832,0.00452780723571777,0.00371384620666504,0.0790227651596069,0.0260385870933533,0.0172148942947388,0.00737583637237549,0.0451938509941101,0.00375598669052124,0.00271451473236084,0.0108434557914734,0.00347614288330078,0.0165548920631409,0.0323441624641418
"34095024",0.117864489555359,0.124104261398315,0.0899115204811096,0.151867270469666,0.112888991832733,0.0858137011528015,0.0838022828102112,0.0743761658668518,0.0854340791702271,0.11585658788681,0.129209160804749,0.159355998039246,0.0626035332679749,0.167575180530548,0.105107724666595,0.0717200040817261,0.0966917276382446,0.0824446678161621,0.102284848690033,0.0875473618507385,0.201184034347534,0.0815204977989197,0.104428172111511,0.0602514743804932,0.13992577791214,0.0527162551879883,0.0644765496253967,0.0980890393257141,0.126942992210388,0.0623623728752136,0.052307665348053,0.0911368727684021,0.0890379548072815,0.121365129947662,0.0830280780792236,0.0929059386253357,0.0855332612991333,0.0960903763771057,0.04181307554245,0.0648573040962219,0.0690516829490662,0.0834691524505615,0.0827440619468689,0.113737642765045,0.0663658380508423,0.0424554944038391,0.0897680521011353,0.0590180158615112,0.0548346638679504,0.109626173973083,0.133112728595734,0.0664520263671875,0.032427191734314,0.0345024466514587,0.112279891967773,0.0875418186187744,0.083817720413208,0.0525128245353699,0.0160741209983826,0.0353927612304688,0.0299792289733887,0.0657986998558044,0.10246205329895,0.0458862781524658,0.0529962182044983,0.00357335805892944,0.0688117146492004,0.0354541540145874,0.0305332541465759,0.0441647171974182,0.057187557220459,0.048209547996521,0.0589889287948608,0.0936328172683716,0.141062259674072,0.000867068767547607,0.0482556223869324,0.101501822471619,0.0973701477050781,0.00866544246673584,0.0119297504425049,0.0344486236572266,0.00418025255203247,0.00076901912689209,0.0195466876029968,0.0553907752037048,0.003440260887146,0.000490963459014893,0.00743842124938965,0.000270247459411621,0.0241240262985229,0.0337011814117432,0.00784432888031006,0.00123393535614014,0.00724118947982788,0.0473272800445557,0.020031750202179,0.0175759196281433,0.00808113813400269,0.0424522161483765,0.0188083052635193,0.0843853950500488,0.0982969999313354,0.0571702718734741,0.0783454179763794,0.0242661237716675,0.0510631203651428,0.0549817085266113,0.0672314763069153,0.0367128849029541,0.110067069530487,0.076356053352356,0.117255866527557,0.0933979153633118,0.0542758107185364,0.0668594837188721,0.0557224154472351,0.160234928131104,0.0576446652412415,0.0588920712471008,0.0500167012214661,0.0386859178543091,0.037920355796814,0.0977527499198914,0.0509839057922363,0.0396834015846252,0.0619971752166748,0.0664499402046204,0.0428917407989502,0.0621107220649719,0.0524820685386658,0.0505445599555969,0.0350326299667358,0.0400219559669495,0.0930884480476379,0.124328911304474,0.0301426649093628,0.0657470226287842,0.0897536873817444,0.0628504753112793,0.00537925958633423,0.00956660509109497,0.00922518968582153,0.0933062434196472,0.0668370127677917,0.0630761384963989,0.0387322306632996,0.0656518340110779,0.0119376182556152,0,0.0167131423950195,0.0585823655128479,0.0306897163391113,0.0945415496826172,0.0432565808296204,0.0833909511566162,0.0404341220855713,0.0170989632606506,0.0393880605697632,0.0520889163017273,0.046428382396698,0.0232083797454834,0.021501362323761,0.0406238436698914,0.0434488654136658,0.00808608531951904,0.0121176242828369,0.0715416073799133,0.0397756695747375,0.00217753648757935,0.0750728249549866,0.00494331121444702,0.0162225961685181,0.0242336392402649,0.00907701253890991,0.0267283916473389,0.0139734148979187,0.0525406002998352,0.0602155327796936,0.0076594352722168,0.00740981101989746,0.0082237720489502,0.0670851469039917,0.014100968837738,0.00527727603912354,0.00456178188323975,0.0332562327384949,0.0156936049461365,0.0146521329879761,0.0227810740470886,0.015413761138916,0.00461727380752563,0.0442817807197571
"34095025",0.101151347160339,0.107391119003296,0.0731983780860901,0.135154128074646,0.0961758494377136,0.069100558757782,0.0670891404151917,0.0576630234718323,0.0687209367752075,0.0991434454917908,0.112496018409729,0.142642855644226,0.0458903908729553,0.150862038135529,0.0883945822715759,0.0550068616867065,0.0799785852432251,0.0657315254211426,0.0855717062950134,0.070834219455719,0.184470891952515,0.0648073554039001,0.0877150297164917,0.0435383319854736,0.12321263551712,0.0360031127929688,0.0477634072303772,0.0813758969306946,0.110229849815369,0.0456492304801941,0.0355945229530334,0.0744237303733826,0.072324812412262,0.104651987552643,0.0663149356842041,0.0761927962303162,0.0688201189041138,0.0793772339820862,0.0250999331474304,0.0481441617012024,0.0523385405540466,0.066756010055542,0.0660309195518494,0.0970245003700256,0.0496526956558228,0.0257423520088196,0.0730549097061157,0.0423048734664917,0.0381215214729309,0.092913031578064,0.116399586200714,0.049738883972168,0.0157140493392944,0.0177893042564392,0.0955667495727539,0.0708286762237549,0.0671045780181885,0.0357996821403503,0.000639021396636963,0.0186796188354492,0.0132660865783691,0.0490855574607849,0.0857489109039307,0.0291731357574463,0.0362830758094788,0.0131397843360901,0.0520985722541809,0.0187410116195679,0.0138201117515564,0.0274515748023987,0.0404744148254395,0.0314964056015015,0.0422757863998413,0.0769196748733521,0.124349117279053,0.0175802111625671,0.0315424799919128,0.0847886800765991,0.0806570053100586,0.00804769992828369,0.00478339195251465,0.017735481262207,0.020893394947052,0.0159441232681274,0.0362598299980164,0.0386776328086853,0.0201534032821655,0.0162221789360046,0.0241515636444092,0.0164428949356079,0.00741088390350342,0.0169880390167236,0.0245574712753296,0.0154792070388794,0.00947195291519165,0.0306141376495361,0.00331860780715942,0.0342890620231628,0.0247942805290222,0.0257390737533569,0.00209516286849976,0.0676722526550293,0.0815838575363159,0.0404571294784546,0.0616322755813599,0.00755298137664795,0.0343499779701233,0.0382685661315918,0.0505183339118958,0.0199997425079346,0.0933539271354675,0.0596429109573364,0.100542724132538,0.0766847729682922,0.0375626683235168,0.0501463413238525,0.0390092730522156,0.143521785736084,0.0409315228462219,0.0421789288520813,0.0333035588264465,0.0219727754592896,0.0212072134017944,0.0810396075248718,0.0342707633972168,0.0229702591896057,0.0452840328216553,0.0497367978096008,0.0261785984039307,0.0453975796699524,0.0357689261436462,0.0338314175605774,0.0183194875717163,0.0233088135719299,0.0763753056526184,0.107615768909454,0.0134295225143433,0.0490338802337646,0.0730405449867249,0.0461373329162598,0.0113338828086853,0.00714653730392456,0.007487952709198,0.0765931010246277,0.0501238703727722,0.0463629961013794,0.02201908826828,0.0489386916160583,0.0286507606506348,0.0167131423950195,0,0.0418692231178284,0.0139765739440918,0.0778284072875977,0.0265434384346008,0.0666778087615967,0.0237209796905518,0.000385820865631104,0.0226749181747437,0.0353757739067078,0.0297152400016785,0.00649523735046387,0.0382145047187805,0.0239107012748718,0.0267357230186462,0.00862705707550049,0.00459551811218262,0.0548284649848938,0.023062527179718,0.0145356059074402,0.058359682559967,0.0117698311805725,0.000490546226501465,0.00752049684524536,0.0257901549339294,0.0100152492523193,0.0306865572929382,0.0358274579048157,0.0435023903846741,0.00905370712280273,0.024122953414917,0.0249369144439697,0.0503720045089722,0.00261217355728149,0.011435866355896,0.0212749242782593,0.0165430903434753,0.032406747341156,0.0313652753829956,0.0394942164421082,0.0321269035339355,0.0120958685874939,0.0609949231147766
"34095028",0.059282124042511,0.0655218958854675,0.0313291549682617,0.0932849049568176,0.0543066263198853,0.0272313356399536,0.0252199172973633,0.0157938003540039,0.0268517136573792,0.0572742223739624,0.0706267952919006,0.100773632526398,0.00402116775512695,0.1089928150177,0.0465253591537476,0.0131376385688782,0.0381093621253967,0.0238623023033142,0.0437024831771851,0.0289649963378906,0.142601668834686,0.0229381322860718,0.0458458065986633,0.00166910886764526,0.081343412399292,0.00586611032485962,0.00589418411254883,0.0395066738128662,0.0683606266975403,0.00378000736236572,0.00627470016479492,0.0325545072555542,0.0304555892944336,0.0627827644348145,0.0244457125663757,0.0343235731124878,0.0269508957862854,0.0375080108642578,0.0167692899703979,0.00627493858337402,0.0104693174362183,0.0248867869377136,0.024161696434021,0.0551552772521973,0.00778347253799438,0.0161268711090088,0.0311856865882874,0.00043565034866333,0.00374770164489746,0.0510438084602356,0.0745303630828857,0.0078696608543396,0.0261551737785339,0.0240799188613892,0.0536975264549255,0.0289594531059265,0.0252353549003601,0.00606954097747803,0.0425082445144653,0.0231896042823792,0.0286031365394592,0.00721633434295654,0.0438796877861023,0.0126960873603821,0.00558614730834961,0.0550090074539185,0.0102293491363525,0.0231282114982605,0.028049111366272,0.0144176483154297,0.00139480829238892,0.0103728175163269,0.000406563282012939,0.0350504517555237,0.0824798941612244,0.0594494342803955,0.0103267431259155,0.0429194569587708,0.0387877821922302,0.0499169230461121,0.046652615070343,0.0241337418556213,0.0627626180648804,0.0578133463859558,0.0781290531158447,0.00319159030914307,0.0620226263999939,0.058091402053833,0.0660207867622375,0.0583121180534363,0.034458339214325,0.0248811841011047,0.066426694393158,0.0573484301567078,0.05134117603302,0.0112550854682922,0.0385506153106689,0.0761582851409912,0.0666635036468506,0.0161301493644714,0.0397740602493286,0.0258030295372009,0.0397146344184875,0.00141209363937378,0.0197630524635315,0.0343162417411804,0.00751924514770508,0.00360065698623657,0.00864911079406738,0.0218694806098938,0.0514847040176392,0.0177736878395081,0.0586735010147095,0.0348155498504639,0.00430655479431152,0.00827711820602417,0.00285995006561279,0.101652562618256,0.000937700271606445,0.00030970573425293,0.00856566429138184,0.0198964476585388,0.0206620097160339,0.0391703844070435,0.00759845972061157,0.0188989639282227,0.0034148097038269,0.00786757469177246,0.0156906247138977,0.00352835655212402,0.00610029697418213,0.00803780555725098,0.0235497355461121,0.0185604095458984,0.03450608253479,0.065746545791626,0.0284397006034851,0.00716465711593628,0.0311713218688965,0.0042681097984314,0.0532031059265137,0.0490157604217529,0.0493571758270264,0.0347238779067993,0.00825464725494385,0.00449377298355103,0.0198501348495483,0.00706946849822998,0.0705199837684631,0.0585823655128479,0.0418692231178284,0,0.0278926491737366,0.0359591841697693,0.0153257846832275,0.0248085856437683,0.0181482434272766,0.0414834022521973,0.0191943049430847,0.00649344921112061,0.0121539831161499,0.0353739857673645,0.0800837278366089,0.0179585218429565,0.0151335000991821,0.0504962801933289,0.046464741230011,0.0129592418670654,0.0188066959381104,0.0564048290252686,0.0164904594421387,0.0536390542984009,0.0423597693443298,0.034348726272583,0.0676593780517578,0.031853973865509,0.0725557804107666,0.0060417652130127,0.0016331672668457,0.0509229302406311,0.0659921765327454,0.0668061375617981,0.0085027813911438,0.0444813966751099,0.0533050894737244,0.0631441473960876,0.025326132774353,0.0742759704589844,0.073234498500824,0.0813634395599365,0.0739961266517639,0.0539650917053223,0.102864146232605
"34095032",0.0871747732162476,0.0934145450592041,0.0592218041419983,0.121177554130554,0.0821992754936218,0.0551239848136902,0.0531125664710999,0.0436864495277405,0.0547443628311157,0.085166871547699,0.0985194444656372,0.128666281700134,0.0319138169288635,0.136885464191437,0.0744180083274841,0.0410302877426147,0.0660020112991333,0.0517549514770508,0.0715951323509216,0.0568576455116272,0.170494318008423,0.0508307814598083,0.0737384557723999,0.0295617580413818,0.109236061573029,0.022026538848877,0.0337868332862854,0.0673993229866028,0.0962532758712769,0.0316726565361023,0.0216179490089417,0.0604471564292908,0.0583482384681702,0.090675413608551,0.0523383617401123,0.0622162222862244,0.054843544960022,0.0654006600379944,0.0111233592033386,0.0341675877571106,0.0383619666099548,0.0527794361114502,0.0520543456077576,0.0830479264259338,0.035676121711731,0.0117657780647278,0.0590783357620239,0.0283282995223999,0.0241449475288391,0.0789364576339722,0.102423012256622,0.0357623100280762,0.00173747539520264,0.00381273031234741,0.0815901756286621,0.0568521022796631,0.0531280040740967,0.0218231081962585,0.0146155953407288,0.00470304489135742,0.000710487365722656,0.0351089835166931,0.0717723369598389,0.0151965618133545,0.022306501865387,0.0271163582801819,0.0381219983100891,0.00476443767547607,0.0001564621925354,0.0134750008583069,0.0264978408813477,0.0175198316574097,0.0282992124557495,0.0629431009292603,0.110372543334961,0.0315567851066589,0.017565906047821,0.0708121061325073,0.0666804313659668,0.0220242738723755,0.0187599658966064,0.00375890731811523,0.0348699688911438,0.0299206972122192,0.0502364039421082,0.0247010588645935,0.0341299772262573,0.0301987528800964,0.038128137588501,0.0304194688796997,0.00656569004058838,0.00301146507263184,0.0385340452194214,0.0294557809829712,0.0234485268592834,0.0166375637054443,0.0106579661369324,0.0482656359672546,0.038770854473114,0.0117624998092651,0.011881411075592,0.0536956787109375,0.0676072835922241,0.0264805555343628,0.0476557016372681,0.00642359256744385,0.0203734040260315,0.0242919921875,0.036541759967804,0.00602316856384277,0.0793773531913757,0.0456663370132446,0.086566150188446,0.0627081990242004,0.023586094379425,0.0361697673797607,0.0250326991081238,0.129545211791992,0.0269549489021301,0.0282023549079895,0.0193269848823547,0.00799620151519775,0.00723063945770264,0.06706303358078,0.020294189453125,0.00899368524551392,0.0313074588775635,0.035760223865509,0.0122020244598389,0.0314210057258606,0.0217923521995544,0.0198548436164856,0.00434291362762451,0.00933223962783813,0.0623987317085266,0.0936391949653625,0.000547051429748535,0.0350573062896729,0.0590639710426331,0.032160758972168,0.0253104567527771,0.0211231112480164,0.0214645266532898,0.0626165270805359,0.0361472964286804,0.0323864221572876,0.00804251432418823,0.0349621176719666,0.0426273345947266,0.0306897163391113,0.0139765739440918,0.0278926491737366,0,0.0638518333435059,0.012566864490509,0.0527012348175049,0.00974440574645996,0.0135907530784607,0.00869834423065186,0.021399199962616,0.0157386660575867,0.00748133659362793,0.0521910786628723,0.00993412733078003,0.0127591490745544,0.0226036310195923,0.0185720920562744,0.040851891040802,0.00908595323562622,0.028512179851532,0.0443831086158752,0.0257464051246643,0.0144671201705933,0.00645607709884644,0.0397667288780212,0.00396132469177246,0.04466313123703,0.0218508839607239,0.0295258164405823,0.0230302810668945,0.0380995273590088,0.0389134883880615,0.0363954305648804,0.0165887475013733,0.0254124402999878,0.0352514982223511,0.00256651639938354,0.0463833212852478,0.0453418493270874,0.0534707903862,0.0461034774780273,0.0260724425315857,0.0749714970588684
"34096022",0.0233229398727417,0.0295627117156982,0.00463002920150757,0.0573257207870483,0.018347442150116,0.00872784852981567,0.010739266872406,0.0201653838157654,0.00910747051239014,0.0213150382041931,0.0346676111221313,0.0648144483566284,0.0319380164146423,0.0730336308479309,0.0105661749839783,0.0228215456008911,0.00215017795562744,0.0120968818664551,0.00774329900741577,0.00699418783187866,0.106642484664917,0.0130210518836975,0.00988662242889404,0.034290075302124,0.0453842282295227,0.0418252944946289,0.0300650000572205,0.00354748964309692,0.032401442527771,0.0321791768074036,0.0422338843345642,0.00340467691421509,0.00550359487533569,0.0268235802650452,0.0115134716033936,0.00163561105728149,0.00900828838348389,0.00154882669448853,0.0527284741401672,0.0296842455863953,0.025489866733551,0.0110723972320557,0.0117974877357483,0.019196093082428,0.0281757116317749,0.0520860552787781,0.00477349758148193,0.035523533821106,0.0397068858146667,0.0150846242904663,0.0385711789131165,0.0280895233154297,0.0621143579483032,0.0600391030311584,0.0177383422851562,0.00699973106384277,0.0107238292694092,0.0420287251472473,0.0784674286842346,0.0591487884521484,0.0645623207092285,0.0287428498268127,0.00792050361633301,0.0486552715301514,0.0415453314781189,0.0909681916236877,0.0257298350334167,0.0590873956680298,0.0640082955360413,0.050376832485199,0.0373539924621582,0.0463320016860962,0.0355526208877563,0.000908732414245605,0.0465207099914551,0.0954086184501648,0.0462859272956848,0.00696027278900146,0.00282859802246094,0.0858761072158813,0.0826117992401123,0.0600929260253906,0.0987218022346497,0.0937725305557251,0.114088237285614,0.0391507744789124,0.0979818105697632,0.0940505862236023,0.101979970932007,0.0942713022232056,0.0704175233840942,0.060840368270874,0.102385878562927,0.0933076143264771,0.0873003602027893,0.0472142696380615,0.0745097994804382,0.11211746931076,0.10262268781662,0.0520893335342407,0.0757332444190979,0.0101561546325684,0.00375545024871826,0.0373712778091431,0.0161961317062378,0.0702754259109497,0.0434784293174744,0.0395598411560059,0.0273100733757019,0.0578286647796631,0.0155255198478699,0.0181854963302612,0.0227143168449402,0.00114363431930542,0.0402657389640808,0.0276820659637451,0.0388191342353821,0.0656933784484863,0.0368968844413757,0.0356494784355164,0.0445248484611511,0.0558556318283081,0.0566211938858032,0.00321120023727417,0.0435576438903809,0.0548581480979919,0.0325443744659424,0.0280916094779968,0.051649808883667,0.0324308276176453,0.0420594811439514,0.0439969897270203,0.0595089197158813,0.0545195937156677,0.00145310163497925,0.0297873616218567,0.0643988847732544,0.028794527053833,0.0047878623008728,0.0316910743713379,0.089162290096283,0.0849749445915222,0.0853163599967957,0.00123530626296997,0.0277045369148254,0.0314654111862183,0.0558093190193176,0.0288897156715393,0.106479167938232,0.0945415496826172,0.0778284072875977,0.0359591841697693,0.0638518333435059,0,0.0512849688529968,0.011150598526001,0.0541074275970459,0.0774425864219666,0.055153489112854,0.0424526333808899,0.0481131672859192,0.0713331699371338,0.116042912006378,0.0539177060127258,0.0510926842689514,0.0864554643630981,0.0824239253997803,0.0229999423027039,0.0547658801078796,0.0923640131950378,0.0194687247276306,0.0895982384681702,0.0783189535140991,0.0703079104423523,0.103618562221527,0.0678131580352783,0.108514964580536,0.042000949382782,0.0343260169029236,0.0868821144104004,0.101951360702515,0.102765321731567,0.0274564027786255,0.0804405808448792,0.0892642736434937,0.0991033315658569,0.0612853169441223,0.110235154628754,0.109193682670593,0.117322623729706,0.109955310821533,0.0899242758750916,0.138823330402374
"34096024",0.0746079087257385,0.0808476805686951,0.0466549396514893,0.108610689640045,0.0696324110031128,0.0425571203231812,0.0405457019805908,0.0311195850372314,0.0421774983406067,0.0726000070571899,0.0859525799751282,0.116099417209625,0.0193469524383545,0.124318599700928,0.0618511438369751,0.0284634232521057,0.0534351468086243,0.0391880869865417,0.0590282678604126,0.0442907810211182,0.157927453517914,0.0382639169692993,0.0611715912818909,0.0169948935508728,0.0966691970825195,0.00945967435836792,0.0212199687957764,0.0548324584960938,0.0836864113807678,0.0191057920455933,0.00905108451843262,0.0478802919387817,0.0457813739776611,0.078108549118042,0.0397714972496033,0.0496493577957153,0.0422766804695129,0.0528337955474854,0.00144350528717041,0.0216007232666016,0.0257951021194458,0.0402125716209412,0.0394874811172485,0.0704810619354248,0.0231092572212219,0.00080108642578125,0.0465114712715149,0.0157614350318909,0.0115780830383301,0.0663695931434631,0.0898561477661133,0.0231954455375671,0.0108293890953064,0.00875413417816162,0.0690233111381531,0.0442852377891541,0.0405611395835876,0.00925624370574951,0.0271824598312378,0.00786381959915161,0.0132773518562317,0.0225421190261841,0.0592054724693298,0.00262969732284546,0.00973963737487793,0.0396832227706909,0.0255551338195801,0.00780242681503296,0.0127233266830444,0.000908136367797852,0.0139309763908386,0.00495296716690063,0.0157323479652405,0.0503762364387512,0.0978056788444519,0.044123649597168,0.00499904155731201,0.0582452416419983,0.0541135668754578,0.0345911383628845,0.0313268303871155,0.0088079571723938,0.0474368333816528,0.0424875617027283,0.0628032684326172,0.0121341943740845,0.0466968417167664,0.0427656173706055,0.05069500207901,0.0429863333702087,0.0191325545310974,0.0095553994178772,0.0511009097099304,0.0420226454734802,0.0360153913497925,0.0040706992149353,0.0232248306274414,0.0608325004577637,0.051337718963623,0.000804364681243896,0.0244482755661011,0.0411288142204285,0.0550404191017151,0.0139136910438538,0.035088837146759,0.0189904570579529,0.00780653953552246,0.011725127696991,0.0239748954772949,0.00654369592666626,0.0668104887008667,0.0330994725227356,0.073999285697937,0.0501413345336914,0.011019229888916,0.0236029028892517,0.0124658346176147,0.116978347301483,0.0143880844116211,0.0156354904174805,0.0067601203918457,0.00457066297531128,0.0053362250328064,0.054496169090271,0.00772732496261597,0.00357317924499512,0.0187405943870544,0.023193359375,0.000364840030670166,0.0188541412353516,0.00922548770904541,0.00728797912597656,0.00822395086288452,0.0032346248626709,0.0498318672180176,0.0810723304748535,0.0131139159202576,0.0224904417991638,0.046497106552124,0.0195938944816589,0.0378773212432861,0.0336899757385254,0.0340313911437988,0.0500496625900269,0.0235804319381714,0.0198195576667786,0.0045243501663208,0.0223952531814575,0.0551941990852356,0.0432565808296204,0.0265434384346008,0.0153257846832275,0.012566864490509,0.0512849688529968,0,0.0401343703269958,0.00282245874404907,0.0261576175689697,0.00386852025985718,0.00883233547210693,0.00317180156707764,0.020048201084137,0.0647579431533813,0.002632737159729,0.00019228458404541,0.0351704955101013,0.0311389565467834,0.028285026550293,0.00348091125488281,0.041079044342041,0.0318162441253662,0.0383132696151733,0.0270339846611023,0.0190229415893555,0.0523335933685303,0.0165281891822815,0.0572299957275391,0.00928401947021484,0.0169589519500732,0.0355971455574036,0.0506663918495178,0.0514803528785706,0.0238285660743713,0.0291556119918823,0.0379793047904968,0.0478183627128601,0.0100003480911255,0.0589501857757568,0.0579087138175964,0.066037654876709,0.0586703419685364,0.0386393070220947,0.0875383615493774
"34096026",0.0344735383987427,0.0407133102416992,0.00652056932449341,0.0684763193130493,0.0294980406761169,0.0024227499961853,0.000411331653594971,0.0090147852897644,0.00204312801361084,0.0324656367301941,0.0458182096481323,0.0759650468826294,0.0207874178886414,0.0841842293739319,0.0217167735099792,0.0116709470748901,0.0133007764816284,0.000946283340454102,0.0188938975334167,0.00415641069412231,0.117793083190918,0.00187045335769653,0.021037220954895,0.023139476776123,0.0565348267555237,0.0306746959686279,0.0189144015312195,0.0146980881690979,0.043552041053772,0.0210285782814026,0.0310832858085632,0.00774592161178589,0.00564700365066528,0.0379741787910461,0.000362873077392578,0.00951498746871948,0.00214231014251709,0.0126994252204895,0.0415778756141663,0.0185336470603943,0.01433926820755,7.82012939453125e-05,0.000646889209747314,0.030346691608429,0.0170251131057739,0.0409354567527771,0.00637710094451904,0.024372935295105,0.0285562872886658,0.0262352228164673,0.0497217774391174,0.0169389247894287,0.0509637594223022,0.0488885045051575,0.0288889408111572,0.0041508674621582,0.000426769256591797,0.0308781266212463,0.0673168301582336,0.0479981899261475,0.0534117221832275,0.0175922513008118,0.019071102142334,0.0375046730041504,0.0303947329521179,0.0798175930976868,0.0145792365074158,0.0479367971420288,0.0528576970100403,0.039226233959198,0.0262033939361572,0.0351814031600952,0.0244020223617554,0.0102418661117554,0.0576713085174561,0.0842580199241638,0.0351353287696838,0.0181108713150024,0.0139791965484619,0.0747255086898804,0.0714612007141113,0.0489423274993896,0.0875712037086487,0.0826219320297241,0.102937638759613,0.0280001759529114,0.0868312120437622,0.0828999876976013,0.0908293724060059,0.0831207036972046,0.0592669248580933,0.049689769744873,0.0912352800369263,0.0821570158004761,0.0761497616767883,0.0360636711120605,0.0633592009544373,0.10096687078476,0.0914720892906189,0.0409387350082397,0.0645826458930969,0.000994443893432617,0.0149060487747192,0.0262206792831421,0.00504553318023682,0.0591248273849487,0.0323278307914734,0.0284092426300049,0.0161594748497009,0.0466780662536621,0.0266761183738708,0.00703489780426025,0.0338649153709412,0.0100069642066956,0.0291151404380798,0.0165314674377441,0.0276685357093811,0.0768439769744873,0.0257462859153748,0.0244988799095154,0.0333742499351501,0.0447050333023071,0.0454705953598022,0.0143617987632751,0.0324070453643799,0.043707549571991,0.0213937759399414,0.0169410109519958,0.040499210357666,0.0212802290916443,0.0309088826179504,0.0328463912010193,0.0483583211898804,0.0433689951896667,0.00969749689102173,0.0409379601478577,0.0532482862472534,0.017643928527832,0.00636273622512817,0.0205404758453369,0.078011691570282,0.0738243460655212,0.0741657614707947,0.00991529226303101,0.0165539383888245,0.0203148126602173,0.0446587204933167,0.0177391171455383,0.0953285694122314,0.0833909511566162,0.0666778087615967,0.0248085856437683,0.0527012348175049,0.011150598526001,0.0401343703269958,0,0.0429568290710449,0.0662919878959656,0.044002890586853,0.0313020348548889,0.0369625687599182,0.0601825714111328,0.104892313480377,0.0427671074867249,0.0399420857429504,0.0753048658370972,0.0712733268737793,0.0118493437767029,0.0436152815818787,0.0812134146690369,0.00831812620162964,0.0784476399421692,0.0671683549880981,0.0591573119163513,0.0924679636955261,0.0566625595092773,0.0973643660545349,0.030850350856781,0.0231754183769226,0.0757315158843994,0.0908007621765137,0.0916147232055664,0.0163058042526245,0.0692899823188782,0.0781136751174927,0.087952733039856,0.0501347184181213,0.0990845561027527,0.0980430841445923,0.106172025203705,0.0988047122955322,0.0787736773490906,0.127672731876373
"34096032",0.0774303674697876,0.0836701393127441,0.0494773983955383,0.111433148384094,0.0724548697471619,0.0453795790672302,0.0433681607246399,0.0339420437812805,0.0449999570846558,0.075422465801239,0.0887750387191772,0.118921875953674,0.0221694111824036,0.127141058444977,0.0646736025810242,0.0312858819961548,0.0562576055526733,0.0420105457305908,0.0618507266044617,0.0471132397651672,0.160749912261963,0.0410863757133484,0.0639940500259399,0.0198173522949219,0.0994916558265686,0.012282133102417,0.0240424275398254,0.0576549172401428,0.0865088701248169,0.0219282507896423,0.0118735432624817,0.0507027506828308,0.0486038327217102,0.0809310078620911,0.0425939559936523,0.0524718165397644,0.045099139213562,0.0556562542915344,0.00137895345687866,0.0244231820106506,0.0286175608634949,0.0430350303649902,0.0423099398612976,0.0733035206794739,0.025931715965271,0.00202137231826782,0.049333930015564,0.0185838937759399,0.0144005417823792,0.0691920518875122,0.0926786065101624,0.0260179042816162,0.00800693035125732,0.00593167543411255,0.0718457698822021,0.0471076965332031,0.0433835983276367,0.0120787024497986,0.0243600010871887,0.00504136085510254,0.0104548931121826,0.0253645777702332,0.0620279312133789,0.00545215606689453,0.012562096118927,0.0368607640266418,0.0283775925636292,0.00497996807098389,0.00990086793899536,0.00373059511184692,0.0167534351348877,0.00777542591094971,0.0185548067092896,0.0531986951828003,0.100628137588501,0.0413011908531189,0.00782150030136108,0.0610677003860474,0.0569360256195068,0.0317686796188354,0.0285043716430664,0.00598549842834473,0.0446143746376038,0.0396651029586792,0.0599808096885681,0.0149566531181335,0.0438743829727173,0.0399431586265564,0.0478725433349609,0.0401638746261597,0.0163100957870483,0.00673294067382812,0.0482784509658813,0.0392001867294312,0.0331929326057434,0.00689315795898438,0.0204023718833923,0.0580100417137146,0.048515260219574,0.00201809406280518,0.021625816822052,0.0439512729644775,0.0578628778457642,0.0167361497879028,0.0379112958908081,0.0161679983139038,0.0106289982795715,0.01454758644104,0.026797354221344,0.00372123718261719,0.0696329474449158,0.0359219312667847,0.0768217444419861,0.0529637932777405,0.0138416886329651,0.0264253616333008,0.0152882933616638,0.119800806045532,0.0172105431556702,0.0184579491615295,0.00958257913589478,0.00174820423126221,0.00251376628875732,0.0573186278343201,0.010549783706665,0.000750720500946045,0.0215630531311035,0.0260158181190491,0.00245761871337891,0.0216765999794006,0.0120479464530945,0.0101104378700256,0.00540149211883545,0.000412166118621826,0.0526543259620667,0.0838947892189026,0.0102914571762085,0.0253129005432129,0.0493195652961731,0.022416353225708,0.0350548624992371,0.0308675169944763,0.0312089323997498,0.0528721213340759,0.0264028906822205,0.0226420164108276,0.00170189142227173,0.0252177119255066,0.0523717403411865,0.0404341220855713,0.0237209796905518,0.0181482434272766,0.00974440574645996,0.0541074275970459,0.00282245874404907,0.0429568290710449,0,0.0233351588249207,0.00104606151580811,0.011654794216156,0.00599426031112671,0.0172257423400879,0.0619354844093323,0.000189721584320068,0.00301474332809448,0.0323480367660522,0.0283164978027344,0.031107485294342,0.00065845251083374,0.0382565855979919,0.0346387028694153,0.0354908108711243,0.0242115259170532,0.0162004828453064,0.0495111346244812,0.0137057304382324,0.05440753698349,0.0121064782142639,0.0197814106941223,0.0327746868133545,0.0478439331054688,0.0486578941345215,0.0266510248184204,0.0263331532478333,0.0351568460464478,0.044995903968811,0.00717788934707642,0.0561277270317078,0.0550862550735474,0.0632151961326599,0.0558478832244873,0.0358168482780457,0.0847159028053284
"34097025",0.100765526294708,0.107005298137665,0.072812557220459,0.134768307209015,0.0957900285720825,0.0687147378921509,0.0667033195495605,0.0572772026062012,0.0683351159095764,0.0987576246261597,0.112110197544098,0.142257034778595,0.0455045700073242,0.150476217269897,0.0880087614059448,0.0546210408210754,0.079592764377594,0.0653457045555115,0.0851858854293823,0.0704483985900879,0.184085071086884,0.064421534538269,0.0873292088508606,0.0431525111198425,0.122826814651489,0.0356172919273376,0.0473775863647461,0.0809900760650635,0.109844028949738,0.045263409614563,0.0352087020874023,0.0740379095077515,0.0719389915466309,0.104266166687012,0.065929114818573,0.0758069753646851,0.0684342980384827,0.0789914131164551,0.0247141122817993,0.0477583408355713,0.0519527196884155,0.0663701891899109,0.0656450986862183,0.0966386795043945,0.0492668747901917,0.0253565311431885,0.0726690888404846,0.0419190526008606,0.0377357006072998,0.0925272107124329,0.116013765335083,0.0493530631065369,0.0153282284736633,0.0174034833908081,0.0951809287071228,0.0704428553581238,0.0667187571525574,0.0354138612747192,0.00102484226226807,0.0182937979698181,0.012880265712738,0.0486997365951538,0.0853630900382996,0.0287873148918152,0.0358972549438477,0.0135256052017212,0.0517127513885498,0.0183551907539368,0.0134342908859253,0.0270657539367676,0.0400885939598083,0.0311105847358704,0.0418899655342102,0.0765338540077209,0.123963296413422,0.0179660320281982,0.0311566591262817,0.084402859210968,0.0802711844444275,0.00843352079391479,0.00516921281814575,0.0173496603965759,0.0212792158126831,0.0163299441337585,0.0366456508636475,0.0382918119430542,0.0205392241477966,0.0166079998016357,0.0245373845100403,0.016828715801239,0.00702506303787231,0.0166022181510925,0.0249432921409607,0.0158650279045105,0.00985777378082275,0.030228316783905,0.00293278694152832,0.0346748828887939,0.0251801013946533,0.0253532528877258,0.00170934200286865,0.0672864317893982,0.0811980366706848,0.0400713086128235,0.0612464547157288,0.00716716051101685,0.0339641571044922,0.0378827452659607,0.0501325130462646,0.0196139216423035,0.0929681062698364,0.0592570900917053,0.100156903266907,0.0762989521026611,0.0371768474578857,0.0497605204582214,0.0386234521865845,0.143135964870453,0.0405457019805908,0.0417931079864502,0.0329177379608154,0.0215869545936584,0.0208213925361633,0.0806537866592407,0.0338849425315857,0.0225844383239746,0.0448982119560242,0.0493509769439697,0.0257927775382996,0.0450117588043213,0.0353831052780151,0.0334455966949463,0.0179336667060852,0.0229229927062988,0.0759894847869873,0.107229948043823,0.0130437016487122,0.0486480593681335,0.0726547241210938,0.0457515120506287,0.0117197036743164,0.00753235816955566,0.0078737735748291,0.0762072801589966,0.0497380495071411,0.0459771752357483,0.0216332674026489,0.0485528707504272,0.0290365815162659,0.0170989632606506,0.000385820865631104,0.0414834022521973,0.0135907530784607,0.0774425864219666,0.0261576175689697,0.0662919878959656,0.0233351588249207,0,0.0222890973091125,0.0349899530410767,0.0293294191360474,0.00610941648483276,0.0386003255844116,0.0235248804092407,0.0263499021530151,0.00901287794113159,0.00498133897781372,0.0544426441192627,0.0226767063140869,0.0149214267730713,0.0579738616943359,0.0121556520462036,0.000876367092132568,0.00713467597961426,0.0261759757995605,0.00962942838668823,0.0310723781585693,0.0354416370391846,0.043116569519043,0.00943952798843384,0.0245087742805481,0.0253227353096008,0.0499861836433411,0.0029979944229126,0.0118216872215271,0.0216607451438904,0.0161572694778442,0.0327925682067871,0.0317510962486267,0.0398800373077393,0.0325127243995667,0.012481689453125,0.0613807439804077
"34097026",0.0784764289855957,0.0847162008285522,0.0505234599113464,0.112479209899902,0.07350093126297,0.0464256405830383,0.044414222240448,0.0349881052970886,0.0460460186004639,0.0764685273170471,0.0898211002349854,0.119967937469482,0.0232154726982117,0.128187119960785,0.0657196640968323,0.0323319435119629,0.0573036670684814,0.0430566072463989,0.0628967881202698,0.0481593012809753,0.161795973777771,0.0421324372291565,0.065040111541748,0.02086341381073,0.100537717342377,0.0133281946182251,0.0250884890556335,0.0587009787559509,0.087554931640625,0.0229743123054504,0.0129196047782898,0.0517488121986389,0.0496498942375183,0.0819770693778992,0.0436400175094604,0.0535178780555725,0.0461452007293701,0.0567023158073425,0.00242501497268677,0.0254692435264587,0.029663622379303,0.0440810918807983,0.0433560013771057,0.074349582195282,0.0269777774810791,0.00306743383407593,0.0503799915313721,0.019629955291748,0.0154466032981873,0.0702381134033203,0.0937246680259705,0.0270639657974243,0.00696086883544922,0.00488561391830444,0.0728918313980103,0.0481537580490112,0.0444296598434448,0.0131247639656067,0.0233139395713806,0.00399529933929443,0.00940883159637451,0.0264106392860413,0.063073992729187,0.00649821758270264,0.0136081576347351,0.0358147025108337,0.0294236540794373,0.00393390655517578,0.00885480642318726,0.00477665662765503,0.0177994966506958,0.00882148742675781,0.0196008682250977,0.0542447566986084,0.101674199104309,0.0402551293373108,0.00886756181716919,0.0621137619018555,0.0579820871353149,0.0307226181030273,0.0274583101272583,0.00493943691253662,0.0435683131217957,0.0386190414428711,0.05893474817276,0.0160027146339417,0.0428283214569092,0.0388970971107483,0.0468264818191528,0.0391178131103516,0.0152640342712402,0.00568687915802002,0.0472323894500732,0.038154125213623,0.0321468710899353,0.00793921947479248,0.0193563103675842,0.0569639801979065,0.0474691987037659,0.00306415557861328,0.0205797553062439,0.0449973344802856,0.0589089393615723,0.0177822113037109,0.0389573574066162,0.0151219367980957,0.0116750597953796,0.0155936479568481,0.0278434157371521,0.00267517566680908,0.0706790089607239,0.0369679927825928,0.0778678059577942,0.0540098547935486,0.0148877501487732,0.0274714231491089,0.0163343548774719,0.12084686756134,0.0182566046714783,0.0195040106773376,0.0106286406517029,0.000702142715454102,0.00146770477294922,0.0583646893501282,0.0115958452224731,0.000295341014862061,0.0226091146469116,0.0270618796348572,0.00350368022918701,0.0227226614952087,0.0130940079689026,0.0111564993858337,0.00435543060302734,0.000633895397186279,0.0537003874778748,0.0849408507347107,0.00924539566040039,0.026358962059021,0.0503656268119812,0.0234624147415161,0.034008800983429,0.0298214554786682,0.0301628708839417,0.053918182849884,0.0274489521980286,0.0236880779266357,0.000655829906463623,0.0262637734413147,0.0513256788253784,0.0393880605697632,0.0226749181747437,0.0191943049430847,0.00869834423065186,0.055153489112854,0.00386852025985718,0.044002890586853,0.00104606151580811,0.0222890973091125,0,0.0127008557319641,0.00704032182693481,0.0161796808242798,0.0608894228935242,0.00123578310012817,0.00406080484390259,0.0313019752502441,0.0272704362869263,0.0321535468101501,0.000387609004974365,0.0372105240821838,0.0356847643852234,0.0344447493553162,0.0231654644012451,0.0151544213294983,0.0484650731086731,0.0126596689224243,0.0533614754676819,0.013152539730072,0.0208274722099304,0.0317286252975464,0.0467978715896606,0.0476118326187134,0.0276970863342285,0.0252870917320251,0.0341107845306396,0.0439498424530029,0.00613182783126831,0.0550816655158997,0.0540401935577393,0.0621691346168518,0.0548018217086792,0.0347707867622375,0.0836698412895203
"34097027",0.0657755732536316,0.0720153450965881,0.0378226041793823,0.0997783541679382,0.0608000755310059,0.0337247848510742,0.0317133665084839,0.0222872495651245,0.0333451628684998,0.063767671585083,0.0771202445030212,0.107267081737518,0.0105146169662476,0.115486264228821,0.0530188083648682,0.0196310877799988,0.0446028113365173,0.0303557515144348,0.0501959323883057,0.0354584455490112,0.149095118045807,0.0294315814971924,0.0523392558097839,0.00816255807876587,0.0878368616104126,0.000627338886260986,0.0123876333236694,0.0460001230239868,0.0748540759086609,0.0102734565734863,0.000218749046325684,0.0390479564666748,0.0369490385055542,0.0692762136459351,0.0309391617774963,0.0408170223236084,0.033444344997406,0.0440014600753784,0.0102758407592773,0.0127683877944946,0.0169627666473389,0.0313802361488342,0.0306551456451416,0.0616487264633179,0.014276921749115,0.00963342189788818,0.037679135799408,0.00692909955978394,0.00274574756622314,0.0575372576713562,0.0810238122940063,0.0143631100654602,0.0196617245674133,0.0175864696502686,0.0601909756660461,0.0354529023170471,0.0317288041114807,0.000423908233642578,0.0360147953033447,0.0166961550712585,0.0221096873283386,0.0137097835540771,0.0503731369972229,0.00620263814926147,0.000907301902770996,0.0485155582427979,0.0167227983474731,0.0166347622871399,0.0215556621551514,0.00792419910430908,0.00509864091873169,0.0038793683052063,0.00690001249313354,0.0415439009666443,0.088973343372345,0.0529559850692749,0.00383329391479492,0.0494129061698914,0.0452812314033508,0.0434234738349915,0.0401591658592224,0.0176402926445007,0.0562691688537598,0.0513198971748352,0.0716356039047241,0.00330185890197754,0.0555291771888733,0.0515979528427124,0.0595273375511169,0.0518186688423157,0.0279648900032043,0.0183877348899841,0.0599332451820374,0.0508549809455872,0.0448477268218994,0.00476163625717163,0.0320571660995483,0.0696648359298706,0.06017005443573,0.00963670015335083,0.033280611038208,0.0322964787483215,0.0462080836296082,0.00508135557174683,0.0262565016746521,0.0278227925300598,0.00102579593658447,0.00289279222488403,0.015142560005188,0.0153760313987732,0.0579781532287598,0.0242671370506287,0.0651669502258301,0.0413089990615845,0.00218689441680908,0.0147705674171448,0.00363349914550781,0.108146011829376,0.00555574893951416,0.00680315494537354,0.00207221508026123,0.0134029984474182,0.0141685605049133,0.0456638336181641,0.00110501050949097,0.0124055147171021,0.00990825891494751,0.0143610239028931,0.0091971755027771,0.0100218057632446,0.000393152236938477,0.00154435634613037,0.0170562863349915,0.0120669603347778,0.0409995317459106,0.0722399950027466,0.0219462513923645,0.0136581063270569,0.0376647710800171,0.010761559009552,0.0467096567153931,0.0425223112106323,0.0428637266159058,0.0412173271179199,0.0147480964660645,0.0109872221946716,0.0133566856384277,0.0135629177093506,0.0640265345573425,0.0520889163017273,0.0353757739067078,0.00649344921112061,0.021399199962616,0.0424526333808899,0.00883233547210693,0.0313020348548889,0.011654794216156,0.0349899530410767,0.0127008557319641,0,0.0056605339050293,0.0288805365562439,0.0735902786254883,0.0114650726318359,0.00864005088806152,0.0440028309822083,0.0399712920188904,0.019452691078186,0.0123132467269897,0.0499113798141479,0.0229839086532593,0.0471456050872803,0.0358663201332092,0.0278552770614624,0.0611659288406372,0.0253605246543884,0.066062331199646,0.00045168399810791,0.00812661647796631,0.0444294810295105,0.0594987273216248,0.0603126883506775,0.0149962306022644,0.0379879474639893,0.0468116402626038,0.056650698184967,0.0188326835632324,0.0677825212478638,0.0667410492897034,0.0748699903488159,0.0675026774406433,0.0474716424942017,0.0963706970214844
"34097030",0.0714361071586609,0.0776758790016174,0.0434831380844116,0.105438888072968,0.0664606094360352,0.0393853187561035,0.0373739004135132,0.0279477834701538,0.0390056967735291,0.0694282054901123,0.0827807784080505,0.112927615642548,0.0161751508712769,0.12114679813385,0.0586793422698975,0.0252916216850281,0.0502633452415466,0.0360162854194641,0.055856466293335,0.0411189794540405,0.154755651950836,0.0350921154022217,0.0579997897148132,0.0138230919837952,0.0934973955154419,0.00628787279129028,0.0180481672286987,0.0516606569290161,0.0805146098136902,0.0159339904785156,0.00587928295135498,0.0447084903717041,0.0426095724105835,0.0749367475509644,0.0365996956825256,0.0464775562286377,0.0391048789024353,0.0496619939804077,0.00461530685424805,0.0184289216995239,0.0226233005523682,0.0370407700538635,0.0363156795501709,0.0673092603683472,0.0199374556541443,0.00397288799285889,0.0433396697044373,0.0125896334648132,0.00840628147125244,0.0631977915763855,0.0866843461990356,0.0200236439704895,0.014001190662384,0.0119259357452393,0.0658515095710754,0.0411134362220764,0.03738933801651,0.00608444213867188,0.0303542613983154,0.0110356211662292,0.0164491534233093,0.0193703174591064,0.0560336709022522,0.000542104244232178,0.00656783580780029,0.0428550243377686,0.0223833322525024,0.0109742283821106,0.0158951282501221,0.00226366519927979,0.010759174823761,0.001781165599823,0.0125605463981628,0.0472044348716736,0.0946338772773743,0.0472954511642456,0.00182723999023438,0.0550734400749207,0.0509417653083801,0.0377629399299622,0.0344986319541931,0.0119797587394714,0.0506086349487305,0.0456593632698059,0.0659750699996948,0.00896239280700684,0.049868643283844,0.0459374189376831,0.0538668036460876,0.0461581349372864,0.022304356098175,0.0127272009849548,0.0542727112770081,0.0451944470405579,0.0391871929168701,0.000898897647857666,0.026396632194519,0.0640043020248413,0.0545095205307007,0.00397616624832153,0.0276200771331787,0.0379570126533508,0.0518686175346375,0.0107418894767761,0.0319170355796814,0.0221622586250305,0.00463473796844482,0.00855332612991333,0.0208030939102173,0.0097154974937439,0.0636386871337891,0.029927670955658,0.0708274841308594,0.0469695329666138,0.00784742832183838,0.0204311013221741,0.00929403305053711,0.113806545734406,0.0112162828445435,0.0124636888504028,0.00358831882476807,0.00774246454238892,0.00850802659988403,0.0513243675231934,0.00455552339553833,0.00674498081207275,0.0155687928199768,0.0200215578079224,0.0035366415977478,0.0156823396682739,0.00605368614196777,0.00411617755889893,0.0113957524299622,0.00640642642974854,0.0466600656509399,0.0779005289077759,0.0162857174873352,0.0193186402320862,0.0433253049850464,0.0164220929145813,0.0410491228103638,0.036861777305603,0.0372031927108765,0.0468778610229492,0.0204086303710938,0.0166477560997009,0.00769615173339844,0.0192234516143799,0.0583660006523132,0.046428382396698,0.0297152400016785,0.0121539831161499,0.0157386660575867,0.0481131672859192,0.00317180156707764,0.0369625687599182,0.00599426031112671,0.0293294191360474,0.00704032182693481,0.0056605339050293,0,0.0232200026512146,0.067929744720459,0.00580453872680664,0.00297951698303223,0.038342297077179,0.0343107581138611,0.0251132249832153,0.00665271282196045,0.0442508459091187,0.0286444425582886,0.041485071182251,0.0302057862281799,0.0221947431564331,0.0555053949356079,0.0196999907493591,0.0604017972946167,0.00611221790313721,0.0137871503829956,0.0387689471244812,0.0538381934165955,0.0546521544456482,0.0206567645072937,0.03232741355896,0.0411511063575745,0.0509901642799377,0.0131721496582031,0.0621219873428345,0.0610805153846741,0.0692094564437866,0.061842143535614,0.0418111085891724,0.0907101631164551
"34097032",0.0946561098098755,0.100895881652832,0.0667031407356262,0.128658890724182,0.0896806120872498,0.0626053214073181,0.0605939030647278,0.0511677861213684,0.0622256994247437,0.0926482081413269,0.106000781059265,0.136147618293762,0.0393951535224915,0.144366800785065,0.0818993449211121,0.0485116243362427,0.0734833478927612,0.0592362880706787,0.0790764689445496,0.0643389821052551,0.177975654602051,0.0583121180534363,0.0812197923660278,0.0370430946350098,0.116717398166656,0.0295078754425049,0.0412681698799133,0.0748806595802307,0.103734612464905,0.0391539931297302,0.0290992856025696,0.0679284930229187,0.0658295750617981,0.098156750202179,0.0598196983337402,0.0696975588798523,0.0623248815536499,0.0728819966316223,0.0186046957969666,0.0416489243507385,0.0458433032035828,0.0602607727050781,0.0595356822013855,0.0905292630195618,0.0431574583053589,0.0192471146583557,0.0665596723556519,0.0358096361160278,0.031626284122467,0.0864177942276001,0.10990434885025,0.0432436466217041,0.00921881198883057,0.0112940669059753,0.08907151222229,0.064333438873291,0.0606093406677246,0.0293044447898865,0.00713425874710083,0.0121843814849854,0.00677084922790527,0.042590320110321,0.0792536735534668,0.0226778984069824,0.0297878384590149,0.019635021686554,0.045603334903717,0.012245774269104,0.00732487440109253,0.0209563374519348,0.0339791774749756,0.0250011682510376,0.0357805490493774,0.0704244375228882,0.117853879928589,0.024075448513031,0.025047242641449,0.0782934427261353,0.0741617679595947,0.0145429372787476,0.0112786293029785,0.0112402439117432,0.0273886322975159,0.0224393606185913,0.0427550673484802,0.0321823954582214,0.0266486406326294,0.0227174162864685,0.030646800994873,0.0229381322860718,0.000915646553039551,0.0104928016662598,0.0310527086257935,0.0219744443893433,0.0159671902656555,0.0241189002990723,0.00317662954330444,0.0407842993736267,0.0312895178794861,0.0192438364028931,0.00440007448196411,0.0611770153045654,0.0750886201858521,0.0339618921279907,0.055137038230896,0.00105774402618408,0.0278547406196594,0.0317733287811279,0.0440230965614319,0.0135045051574707,0.0868586897850037,0.0531476736068726,0.094047486782074,0.0701895356178284,0.031067430973053,0.0436511039733887,0.0325140357017517,0.13702654838562,0.0344362854957581,0.0356836915016174,0.0268083214759827,0.0154775381088257,0.0147119760513306,0.074544370174408,0.0277755260467529,0.0164750218391418,0.0387887954711914,0.043241560459137,0.0196833610534668,0.0389023423194885,0.0292736887931824,0.0273361802101135,0.0118242502212524,0.0168135762214661,0.0698800683021545,0.10112053155899,0.00693428516387939,0.0425386428833008,0.066545307636261,0.0396420955657959,0.0178291201591492,0.0136417746543884,0.0139831900596619,0.0700978636741638,0.0436286330223083,0.0398677587509155,0.0155238509178162,0.0424434542655945,0.0351459980010986,0.0232083797454834,0.00649523735046387,0.0353739857673645,0.00748133659362793,0.0713331699371338,0.020048201084137,0.0601825714111328,0.0172257423400879,0.00610941648483276,0.0161796808242798,0.0288805365562439,0.0232200026512146,0,0.0447097420692444,0.017415463924408,0.0202404856681824,0.0151222944259644,0.0110907554626465,0.0483332276344299,0.0165672898292542,0.0210308432579041,0.0518644452095032,0.0182650685310364,0.00698578357696533,0.00102525949478149,0.0322853922843933,0.00352001190185547,0.0371817946434021,0.0293322205543518,0.0370071530342102,0.0155489444732666,0.0306181907653809,0.0314321517944336,0.0438767671585083,0.00910741090774536,0.0179311037063599,0.0277701616287231,0.0100478529930115,0.0389019846916199,0.0378605127334595,0.045989453792572,0.0386221408843994,0.0185911059379578,0.0674901604652405
"34097034",0.13936585187912,0.145605623722076,0.111412882804871,0.173368632793427,0.134390354156494,0.107315063476562,0.105303645133972,0.0958775281906128,0.106935441493988,0.137357950210571,0.15071052312851,0.180857360363007,0.0841048955917358,0.189076542854309,0.126609086990356,0.0932213664054871,0.118193089962006,0.103946030139923,0.123786211013794,0.1090487241745,0.222685396671295,0.103021860122681,0.125929534435272,0.0817528367042542,0.161427140235901,0.0742176175117493,0.0859779119491577,0.119590401649475,0.148444354534149,0.0838637351989746,0.073809027671814,0.112638235092163,0.110539317131042,0.142866492271423,0.104529440402985,0.114407300949097,0.107034623622894,0.117591738700867,0.0633144378662109,0.0863586664199829,0.0905530452728271,0.104970514774323,0.10424542427063,0.135239005088806,0.0878672003746033,0.0639568567276001,0.111269414424896,0.0805193781852722,0.0763360261917114,0.131127536296844,0.154614090919495,0.0879533886909485,0.053928554058075,0.0560038089752197,0.133781254291534,0.109043180942535,0.105319082736969,0.0740141868591309,0.0375754833221436,0.0568941235542297,0.0514805912971497,0.0873000621795654,0.123963415622711,0.0673876404762268,0.0744975805282593,0.0250747203826904,0.0903130769729614,0.0569555163383484,0.0520346164703369,0.0656660795211792,0.07868891954422,0.069710910320282,0.0804902911186218,0.115134179592133,0.162563621997833,0.0206342935562134,0.0697569847106934,0.12300318479538,0.118871510028839,0.0301668047904968,0.0334311127662659,0.0559499859809875,0.0173211097717285,0.0222703814506531,0.00195467472076416,0.0768921375274658,0.018061101436615,0.0219923257827759,0.0140629410743713,0.0217716097831726,0.0456253886222839,0.0552025437355042,0.0136570334434509,0.0227352976799011,0.0287425518035889,0.0688286423683167,0.0415331125259399,0.00392544269561768,0.0134202241897583,0.0639535784721375,0.0403096675872803,0.10588675737381,0.119798362255096,0.0786716341972351,0.0998467803001404,0.0457674860954285,0.0725644826889038,0.0764830708503723,0.0887328386306763,0.0582142472267151,0.131568431854248,0.0978574156761169,0.138757228851318,0.114899277687073,0.0757771730422974,0.0883608460426331,0.0772237777709961,0.181736290454865,0.0791460275650024,0.0803934335708618,0.0715180635452271,0.0601872801780701,0.059421718120575,0.119254112243652,0.0724852681159973,0.0611847639083862,0.0834985375404358,0.0879513025283813,0.0643931031227112,0.0836120843887329,0.0739834308624268,0.0720459222793579,0.0565339922904968,0.0615233182907104,0.114589810371399,0.145830273628235,0.0516440272331238,0.0872483849525452,0.111255049705505,0.0843518376350403,0.0268806219100952,0.031067967414856,0.0307265520095825,0.114807605743408,0.0883383750915527,0.0845775008201599,0.0602335929870605,0.0871531963348389,0.00956374406814575,0.021501362323761,0.0382145047187805,0.0800837278366089,0.0521910786628723,0.116042912006378,0.0647579431533813,0.104892313480377,0.0619354844093323,0.0386003255844116,0.0608894228935242,0.0735902786254883,0.067929744720459,0.0447097420692444,0,0.0621252059936523,0.0649502277374268,0.02958744764328,0.0336189866065979,0.0930429697036743,0.0612770318984985,0.0236788988113403,0.0965741872787476,0.026444673538208,0.0377239584922791,0.0457350015640259,0.0124243497848511,0.0482297539710999,0.00752794742584229,0.0740419626235962,0.0817168951034546,0.0291607975959778,0.0140915513038635,0.0132775902748108,0.0885865092277527,0.035602331161499,0.0267786383628845,0.0169395804405212,0.0547575950622559,0.00580775737762451,0.00684922933578491,0.00127971172332764,0.00608760118484497,0.0261186361312866,0.0227804183959961
"34098026",0.0772406458854675,0.0834804177284241,0.0492876768112183,0.111243426799774,0.0722651481628418,0.0451898574829102,0.0431784391403198,0.0337523221969604,0.0448102355003357,0.0752327442169189,0.0885853171348572,0.118732154369354,0.0219796895980835,0.126951336860657,0.0644838809967041,0.0310961604118347,0.0560678839683533,0.0418208241462708,0.0616610050201416,0.0469235181808472,0.160560190677643,0.0408966541290283,0.0638043284416199,0.0196276307106018,0.0993019342422485,0.0120924115180969,0.0238527059555054,0.0574651956558228,0.0863191485404968,0.0217385292053223,0.0116838216781616,0.0505130290985107,0.0484141111373901,0.080741286277771,0.0424042344093323,0.0522820949554443,0.0449094176292419,0.0554665327072144,0.00118923187255859,0.0242334604263306,0.0284278392791748,0.0428453087806702,0.0421202182769775,0.0731137990951538,0.0257419943809509,0.00183165073394775,0.0491442084312439,0.0183941721916199,0.0142108201980591,0.0690023303031921,0.0924888849258423,0.0258281826972961,0.00819665193557739,0.00612139701843262,0.0716560482978821,0.0469179749488831,0.0431938767433167,0.0118889808654785,0.0245497226715088,0.00523108243942261,0.0106446146965027,0.0251748561859131,0.0618382096290588,0.00526243448257446,0.0123723745346069,0.0370504856109619,0.0281878709793091,0.00516968965530396,0.0100905895233154,0.00354087352752686,0.0165637135505676,0.00758570432662964,0.0183650851249695,0.0530089735984802,0.100438416004181,0.041490912437439,0.00763177871704102,0.0608779788017273,0.0567463040351868,0.0319584012031555,0.0286940932273865,0.00617522001266479,0.0448040962219238,0.0398548245429993,0.0601705312728882,0.0147669315338135,0.0440641045570374,0.0401328802108765,0.048062264919281,0.0403535962104797,0.0164998173713684,0.00692266225814819,0.0484681725502014,0.0393899083137512,0.0333826541900635,0.00670343637466431,0.0205920934677124,0.0581997632980347,0.048704981803894,0.00182837247848511,0.0218155384063721,0.0437615513801575,0.0576731562614441,0.0165464282035828,0.037721574306488,0.0163577198982239,0.0104392766952515,0.01435786485672,0.0266076326370239,0.00391095876693726,0.0694432258605957,0.0357322096824646,0.076632022857666,0.0527740716934204,0.013651967048645,0.0262356400489807,0.0150985717773438,0.119611084461212,0.0170208215713501,0.0182682275772095,0.00939285755157471,0.00193792581558228,0.00270348787307739,0.05712890625,0.010360062122345,0.000940442085266113,0.0213733315467834,0.025826096534729,0.00226789712905884,0.0214868783950806,0.0118582248687744,0.00992071628570557,0.00559121370315552,0.000601887702941895,0.0524646043777466,0.0837050676345825,0.0104811787605286,0.0251231789588928,0.049129843711853,0.0222266316413879,0.0352445840835571,0.0310572385787964,0.0313986539840698,0.0526823997497559,0.0262131690979004,0.0224522948265076,0.0018916130065918,0.0250279903411865,0.0525614619255066,0.0406238436698914,0.0239107012748718,0.0179585218429565,0.00993412733078003,0.0539177060127258,0.002632737159729,0.0427671074867249,0.000189721584320068,0.0235248804092407,0.00123578310012817,0.0114650726318359,0.00580453872680664,0.017415463924408,0.0621252059936523,0,0.00282502174377441,0.0325377583503723,0.0285062193870544,0.030917763710022,0.000848174095153809,0.038446307182312,0.0344489812850952,0.0356805324554443,0.0244012475013733,0.0163902044296265,0.0497008562088013,0.0138954520225525,0.0545972585678101,0.0119167566299438,0.0195916891098022,0.0329644083976746,0.0480336546897888,0.0488476157188416,0.0264613032341003,0.0265228748321533,0.0353465676307678,0.0451856255531311,0.00736761093139648,0.0563174486160278,0.0552759766578674,0.06340491771698,0.0560376048088074,0.0360065698623657,0.0849056243896484
"34098030",0.0744156241416931,0.0806553959846497,0.0464626550674438,0.108418405056,0.0694401264190674,0.0423648357391357,0.0403534173965454,0.030927300453186,0.0419852137565613,0.0724077224731445,0.0857602953910828,0.11590713262558,0.0191546678543091,0.124126315116882,0.0616588592529297,0.0282711386680603,0.0532428622245789,0.0389958024024963,0.0588359832763672,0.0440984964370728,0.157735168933868,0.0380716323852539,0.0609793066978455,0.0168026089668274,0.0964769124984741,0.00926738977432251,0.021027684211731,0.0546401739120483,0.0834941267967224,0.0189135074615479,0.00885879993438721,0.0476880073547363,0.0455890893936157,0.0779162645339966,0.0395792126655579,0.0494570732116699,0.0420843958854675,0.0526415109634399,0.00163578987121582,0.0214084386825562,0.0256028175354004,0.0400202870368958,0.0392951965332031,0.0702887773513794,0.0229169726371765,0.00099337100982666,0.0463191866874695,0.0155691504478455,0.0113857984542847,0.0661773085594177,0.0896638631820679,0.0230031609535217,0.0110216736793518,0.00894641876220703,0.0688310265541077,0.0440929532051086,0.0403688549995422,0.0090639591217041,0.0273747444152832,0.00805610418319702,0.0134696364402771,0.0223498344421387,0.0590131878852844,0.00243741273880005,0.00954735279083252,0.0398755073547363,0.0253628492355347,0.00799471139907837,0.0129156112670898,0.000715851783752441,0.0137386918067932,0.00476068258285522,0.0155400633811951,0.0501839518547058,0.0976133942604065,0.0443159341812134,0.0048067569732666,0.0580529570579529,0.0539212822914124,0.0347834229469299,0.0315191149711609,0.00900024175643921,0.0476291179656982,0.0426798462867737,0.0629955530166626,0.0119419097900391,0.0468891263008118,0.0429579019546509,0.0508872866630554,0.0431786179542542,0.0193248391151428,0.00974768400192261,0.0512931942939758,0.0422149300575256,0.0362076759338379,0.00387841463088989,0.0234171152114868,0.0610247850418091,0.0515300035476685,0.000996649265289307,0.0246405601501465,0.0409365296363831,0.0548481345176697,0.0137214064598083,0.0348965525627136,0.0191827416419983,0.00761425495147705,0.0115328431129456,0.0237826108932495,0.00673598051071167,0.0666182041168213,0.0329071879386902,0.0738070011138916,0.049949049949646,0.0108269453048706,0.0234106183052063,0.0122735500335693,0.116786062717438,0.0141957998275757,0.0154432058334351,0.00656783580780029,0.00476294755935669,0.00552850961685181,0.0543038845062256,0.00753504037857056,0.00376546382904053,0.018548309803009,0.0230010747909546,0.000557124614715576,0.0186618566513062,0.009033203125,0.00709569454193115,0.00841623544692993,0.00342690944671631,0.0496395826339722,0.0808800458908081,0.013306200504303,0.0222981572151184,0.0463048219680786,0.0194016098976135,0.0380696058273315,0.0338822603225708,0.0342236757278442,0.0498573780059814,0.023388147354126,0.0196272730827332,0.00471663475036621,0.0222029685974121,0.055386483669281,0.0434488654136658,0.0267357230186462,0.0151335000991821,0.0127591490745544,0.0510926842689514,0.00019228458404541,0.0399420857429504,0.00301474332809448,0.0263499021530151,0.00406080484390259,0.00864005088806152,0.00297951698303223,0.0202404856681824,0.0649502277374268,0.00282502174377441,0,0.0353627800941467,0.0313312411308289,0.0280927419662476,0.00367319583892822,0.0412713289260864,0.0316239595413208,0.0385055541992188,0.0272262692451477,0.0192152261734009,0.0525258779525757,0.0167204737663269,0.0574222803115845,0.00909173488616943,0.0167666673660278,0.035789430141449,0.0508586764335632,0.051672637462616,0.0236362814903259,0.0293478965759277,0.0381715893745422,0.0480106472969055,0.0101926326751709,0.0591424703598022,0.0581009984016418,0.0662299394607544,0.0588626265525818,0.0388315916061401,0.0877306461334229
"34098032",0.10977840423584,0.116018176078796,0.0818254351615906,0.143781185150146,0.104802906513214,0.0777276158332825,0.0757161974906921,0.0662900805473328,0.077347993850708,0.107770502567291,0.121123075485229,0.151269912719727,0.0545174479484558,0.159489095211029,0.0970216393470764,0.063633918762207,0.0886056423187256,0.0743585824966431,0.0941987633705139,0.0794612765312195,0.193097949028015,0.0734344124794006,0.0963420867919922,0.0521653890609741,0.131839692592621,0.0446301698684692,0.0563904643058777,0.0900029540061951,0.118856906890869,0.0542762875556946,0.0442215800285339,0.0830507874488831,0.0809518694877625,0.113279044628143,0.0749419927597046,0.0848198533058167,0.0774471759796143,0.0880042910575867,0.0337269902229309,0.0567712187767029,0.0609655976295471,0.0753830671310425,0.0746579766273499,0.105651557445526,0.0582797527313232,0.0343694090843201,0.0816819667816162,0.0509319305419922,0.0467485785484314,0.101540088653564,0.125026643276215,0.0583659410476685,0.0243411064147949,0.0264163613319397,0.104193806648254,0.0794557332992554,0.075731635093689,0.0444267392158508,0.00798803567886353,0.0273066759109497,0.0218931436538696,0.0577126145362854,0.0943759679794312,0.0378001928329468,0.0449101328849792,0.0045127272605896,0.0607256293296814,0.0273680686950684,0.0224471688270569,0.0360786318778992,0.0491014719009399,0.040123462677002,0.0509028434753418,0.0855467319488525,0.132976174354553,0.00895315408706665,0.0401695370674133,0.0934157371520996,0.0892840623855591,0.000579357147216797,0.00384366512298584,0.0263625383377075,0.0122663378715515,0.00731706619262695,0.0276327729225159,0.0473046898841858,0.011526346206665,0.00759512186050415,0.0155245065689087,0.00781583786010742,0.0160379409790039,0.0256150960922241,0.0159304141998291,0.00685214996337891,0.000844895839691162,0.0392411947250366,0.0119456648826599,0.0256620049476624,0.0161672234535217,0.0343661308288574,0.0107222199440002,0.0762993097305298,0.0902109146118164,0.0490841865539551,0.0702593326568604,0.0161800384521484,0.0429770350456238,0.0468956232070923,0.0591453909873962,0.0286267995834351,0.101980984210968,0.0682699680328369,0.109169781208038,0.0853118300437927,0.0461897253990173,0.058773398399353,0.0476363301277161,0.152148842811584,0.0495585799217224,0.0508059859275818,0.041930615901947,0.03059983253479,0.0298342704772949,0.0896666646003723,0.0428978204727173,0.0315973162651062,0.0539110898971558,0.0583638548851013,0.0348056554794312,0.0540246367454529,0.0443959832191467,0.0424584746360779,0.0269465446472168,0.0319358706474304,0.0850023627281189,0.116242825984955,0.0220565795898438,0.0576609373092651,0.0816676020622253,0.0547643899917603,0.00270682573318481,0.00148051977157593,0.00113910436630249,0.0852201581001282,0.0587509274482727,0.0549900531768799,0.0306461453437805,0.0575657486915588,0.0200237035751343,0.00808608531951904,0.00862705707550049,0.0504962801933289,0.0226036310195923,0.0864554643630981,0.0351704955101013,0.0753048658370972,0.0323480367660522,0.00901287794113159,0.0313019752502441,0.0440028309822083,0.038342297077179,0.0151222944259644,0.02958744764328,0.0325377583503723,0.0353627800941467,0,0.00403153896331787,0.0634555220603943,0.0316895842552185,0.0059085488319397,0.0669867396354675,0.00314277410507202,0.00813651084899902,0.0161475539207458,0.017163097858429,0.0186423063278198,0.0220595002174377,0.0444545149803162,0.0521294474601746,0.000426650047302246,0.0154958963394165,0.0163098573684692,0.0589990615844727,0.00601488351821899,0.00280880928039551,0.0126478672027588,0.0251701474189758,0.0237796902656555,0.0227382183074951,0.0308671593666077,0.0234998464584351,0.00346881151199341,0.0523678660392761
"34098036",0.105746865272522,0.111986637115479,0.0777938961982727,0.139749646186829,0.100771367549896,0.0736960768699646,0.0716846585273743,0.0622585415840149,0.0733164548873901,0.103738963603973,0.117091536521912,0.147238373756409,0.0504859089851379,0.155457556247711,0.0929901003837585,0.0596023797988892,0.0845741033554077,0.0703270435333252,0.090167224407196,0.0754297375679016,0.189066410064697,0.0694028735160828,0.0923105478286743,0.0481338500976562,0.127808153629303,0.0405986309051514,0.0523589253425598,0.0859714150428772,0.114825367927551,0.0502447485923767,0.0401900410652161,0.0790192484855652,0.0769203305244446,0.109247505664825,0.0709104537963867,0.0807883143424988,0.0734156370162964,0.0839727520942688,0.029695451259613,0.052739679813385,0.0569340586662292,0.0713515281677246,0.070626437664032,0.101620018482208,0.0542482137680054,0.0303378701210022,0.0776504278182983,0.0469003915786743,0.0427170395851135,0.0975085496902466,0.120995104312897,0.0543344020843506,0.0203095674514771,0.0223848223686218,0.100162267684937,0.0754241943359375,0.0717000961303711,0.040395200252533,0.00395649671554565,0.0232751369476318,0.0178616046905518,0.0536810755729675,0.0903444290161133,0.0337686538696289,0.0408785939216614,0.00854426622390747,0.0566940903663635,0.0233365297317505,0.018415629863739,0.0320470929145813,0.0450699329376221,0.0360919237136841,0.0468713045120239,0.0815151929855347,0.128944635391235,0.0129846930503845,0.0361379981040955,0.0893841981887817,0.0852525234222412,0.00345218181610107,0.000187873840332031,0.0223309993743896,0.0162978768348694,0.0113486051559448,0.0316643118858337,0.0432731509208679,0.0155578851699829,0.011626660823822,0.0195560455322266,0.0118473768234253,0.012006402015686,0.0215835571289062,0.019961953163147,0.0108836889266968,0.00487643480300903,0.0352096557617188,0.00791412591934204,0.0296935439109802,0.0201987624168396,0.0303345918655396,0.00669068098068237,0.0722677707672119,0.0861793756484985,0.0450526475906372,0.0662277936935425,0.0121484994888306,0.0389454960823059,0.0428640842437744,0.0551138520240784,0.0245952606201172,0.0979494452476501,0.064238429069519,0.10513824224472,0.0812802910804749,0.0421581864356995,0.0547418594360352,0.0436047911643982,0.148117303848267,0.0455270409584045,0.0467744469642639,0.0378990769386292,0.0265682935714722,0.0258027315139771,0.0856351256370544,0.0388662815093994,0.0275657773017883,0.0498795509338379,0.0543323159217834,0.0307741165161133,0.049993097782135,0.0403644442558289,0.03842693567276,0.0229150056838989,0.0279043316841125,0.080970823764801,0.112211287021637,0.0180250406265259,0.0536293983459473,0.0776360630989075,0.0507328510284424,0.00673836469650269,0.00255101919174194,0.00289243459701538,0.0811886191368103,0.0547193884849548,0.050958514213562,0.0266146063804626,0.053534209728241,0.0240552425384521,0.0121176242828369,0.00459551811218262,0.046464741230011,0.0185720920562744,0.0824239253997803,0.0311389565467834,0.0712733268737793,0.0283164978027344,0.00498133897781372,0.0272704362869263,0.0399712920188904,0.0343107581138611,0.0110907554626465,0.0336189866065979,0.0285062193870544,0.0313312411308289,0.00403153896331787,0,0.0594239830970764,0.0276580452919006,0.00994008779525757,0.0629552006721497,0.00717431306838989,0.00410497188568115,0.012116014957428,0.0211946368217468,0.014610767364502,0.0260910391807556,0.0404229760169983,0.0480979084968567,0.00445818901062012,0.0195274353027344,0.0203413963317871,0.0549675226211548,0.00198334455490112,0.00684034824371338,0.0166794061660767,0.021138608455658,0.0278112292289734,0.026769757270813,0.0348986983299255,0.0275313854217529,0.00750035047531128,0.056399405002594
"34099025",0.0463228821754456,0.0525626540184021,0.0183699131011963,0.0803256630897522,0.0413473844528198,0.0142720937728882,0.0122606754302979,0.00283455848693848,0.0138924717903137,0.044314980506897,0.0576675534248352,0.0878143906593323,0.00893807411193848,0.0960335731506348,0.0335661172866821,0.000178396701812744,0.0251501202583313,0.0109030604362488,0.0307432413101196,0.0160057544708252,0.129642426967621,0.00997889041900635,0.0328865647315979,0.0112901329994202,0.0683841705322266,0.018825352191925,0.0070650577545166,0.0265474319458008,0.0554013848304749,0.00917923450469971,0.0192339420318604,0.0195952653884888,0.0174963474273682,0.049823522567749,0.0114864706993103,0.0213643312454224,0.01399165391922,0.0245487689971924,0.0297285318374634,0.00668430328369141,0.00248992443084717,0.0119275450706482,0.0112024545669556,0.0421960353851318,0.00517576932907104,0.0290861129760742,0.0182264447212219,0.0125235915184021,0.0167069435119629,0.0380845665931702,0.0615711212158203,0.00508958101272583,0.0391144156455994,0.0370391607284546,0.0407382845878601,0.0160002112388611,0.0122761130332947,0.0190287828445435,0.0554674863815308,0.0361488461494446,0.0415623784065247,0.00574290752410889,0.0309204459190369,0.0256553292274475,0.018545389175415,0.0679682493209839,0.00272989273071289,0.0360874533653259,0.0410083532333374,0.0273768901824951,0.0143540501594543,0.0233320593833923,0.0125526785850525,0.0220912098884583,0.0695206522941589,0.0724086761474609,0.023285984992981,0.0299602150917053,0.0258285403251648,0.0628761649131775,0.0596118569374084,0.0370929837226868,0.0757218599319458,0.0707725882530212,0.0910882949829102,0.0161508321762085,0.0749818682670593,0.0710506439208984,0.078980028629303,0.0712713599205017,0.0474175810813904,0.0378404259681702,0.0793859362602234,0.0703076720237732,0.0643004179000854,0.0242143273353577,0.0515098571777344,0.0891175270080566,0.079622745513916,0.0290893912315369,0.052733302116394,0.0128437876701355,0.0267553925514221,0.0143713355064392,0.00680381059646606,0.0472754836082458,0.0204784870147705,0.016559898853302,0.00431013107299805,0.0348287224769592,0.0385254621505737,0.00481444597244263,0.045714259147644,0.0218563079833984,0.017265796661377,0.00468212366104126,0.0158191919326782,0.0886933207511902,0.0138969421386719,0.0126495361328125,0.0215249061584473,0.0328556895256042,0.0336212515830994,0.026211142539978,0.020557701587677,0.0318582057952881,0.00954443216323853,0.00509166717529297,0.0286498665809631,0.00943088531494141,0.0190595388412476,0.0209970474243164,0.0365089774131775,0.0315196514129639,0.0215468406677246,0.0527873039245605,0.0413989424705505,0.00579458475112915,0.0182120800018311,0.00869113206863403,0.0661623477935791,0.0619750022888184,0.0623164176940918,0.0217646360397339,0.00470459461212158,0.0084654688835144,0.0328093767166138,0.00588977336883545,0.0834792256355286,0.0715416073799133,0.0548284649848938,0.0129592418670654,0.040851891040802,0.0229999423027039,0.028285026550293,0.0118493437767029,0.031107485294342,0.0544426441192627,0.0321535468101501,0.019452691078186,0.0251132249832153,0.0483332276344299,0.0930429697036743,0.030917763710022,0.0280927419662476,0.0634555220603943,0.0594239830970764,0,0.0317659378051758,0.069364070892334,0.00353121757507324,0.0665982961654663,0.0553190112113953,0.0473079681396484,0.0806186199188232,0.0448132157325745,0.085515022277832,0.0190010070800781,0.0113260746002197,0.0638821721076965,0.0789514183998108,0.0797653794288635,0.00445646047592163,0.0574406385421753,0.0662643313407898,0.0761033892631531,0.0382853746414185,0.0872352123260498,0.0861937403678894,0.094322681427002,0.0869553685188293,0.0669243335723877,0.11582338809967
"34099027",0.0780888199806213,0.0843285918235779,0.0501358509063721,0.112091600894928,0.0731133222579956,0.046038031578064,0.0440266132354736,0.0346004962921143,0.0456584095954895,0.0760809183120728,0.089433491230011,0.119580328464508,0.0228278636932373,0.127799510955811,0.0653320550918579,0.0319443345069885,0.0569160580635071,0.0426689982414246,0.0625091791152954,0.047771692276001,0.161408364772797,0.0417448282241821,0.0646525025367737,0.0204758048057556,0.100150108337402,0.0129405856132507,0.0247008800506592,0.0583133697509766,0.0871673226356506,0.0225867033004761,0.0125319957733154,0.0513612031936646,0.0492622852325439,0.0815894603729248,0.0432524085044861,0.0531302690505981,0.0457575917243958,0.0563147068023682,0.0020374059677124,0.0250816345214844,0.0292760133743286,0.043693482875824,0.0429683923721313,0.0739619731903076,0.0265901684761047,0.00267982482910156,0.0499923825263977,0.0192423462867737,0.0150589942932129,0.0698505043983459,0.0933370590209961,0.02667635679245,0.00734847784042358,0.00527322292327881,0.0725042223930359,0.0477661490440369,0.0440420508384705,0.0127371549606323,0.023701548576355,0.0043829083442688,0.00979644060134888,0.0260230302810669,0.0626863837242126,0.00611060857772827,0.0132205486297607,0.0362023115158081,0.0290360450744629,0.00432151556015015,0.00924241542816162,0.00438904762268066,0.0174118876457214,0.00843387842178345,0.0192132592201233,0.053857147693634,0.101286590099335,0.0406427383422852,0.00847995281219482,0.0617261528968811,0.0575944781303406,0.0311102271080017,0.0278459191322327,0.00532704591751099,0.04395592212677,0.0390066504478455,0.0593223571777344,0.0156151056289673,0.0432159304618835,0.0392847061157227,0.0472140908241272,0.0395054221153259,0.0156516432762146,0.00607448816299438,0.0476199984550476,0.0385417342185974,0.0325344800949097,0.00755161046981812,0.0197439193725586,0.0573515892028809,0.0478568077087402,0.00267654657363892,0.0209673643112183,0.0446097254753113,0.0585213303565979,0.0173946022987366,0.0385697484016418,0.0155095458030701,0.0112874507904053,0.0152060389518738,0.0274558067321777,0.00306278467178345,0.0702913999557495,0.0365803837776184,0.0774801969528198,0.0536222457885742,0.0145001411437988,0.0270838141441345,0.0159467458724976,0.120459258556366,0.0178689956665039,0.0191164016723633,0.0102410316467285,0.00108975172042847,0.00185531377792358,0.0579770803451538,0.0112082362174988,9.22679901123047e-05,0.0222215056419373,0.0266742706298828,0.00311607122421265,0.0223350524902344,0.0127063989639282,0.0107688903808594,0.00474303960800171,0.000246286392211914,0.0533127784729004,0.0845532417297363,0.00963300466537476,0.0259713530540466,0.0499780178070068,0.0230748057365417,0.0343964099884033,0.0302090644836426,0.030550479888916,0.0535305738449097,0.0270613431930542,0.0233004689216614,0.00104343891143799,0.0258761644363403,0.0517132878303528,0.0397756695747375,0.023062527179718,0.0188066959381104,0.00908595323562622,0.0547658801078796,0.00348091125488281,0.0436152815818787,0.00065845251083374,0.0226767063140869,0.000387609004974365,0.0123132467269897,0.00665271282196045,0.0165672898292542,0.0612770318984985,0.000848174095153809,0.00367319583892822,0.0316895842552185,0.0276580452919006,0.0317659378051758,0,0.0375981330871582,0.035297155380249,0.0348323583602905,0.0235530734062195,0.0155420303344727,0.0488526821136475,0.0130472779273987,0.0537490844726562,0.0127649307250977,0.0204398632049561,0.0321162343025208,0.047185480594635,0.0479994416236877,0.0273094773292542,0.0256747007369995,0.034498393535614,0.0443374514579773,0.00651943683624268,0.055469274520874,0.0544278025627136,0.0625567436218262,0.0551894307136536,0.0351583957672119,0.0840574502944946
"34099036",0.11568695306778,0.121926724910736,0.0877339839935303,0.149689733982086,0.110711455345154,0.0836361646652222,0.0816247463226318,0.0721986293792725,0.0832565426826477,0.113679051399231,0.127031624317169,0.157178461551666,0.0604259967803955,0.165397644042969,0.102930188179016,0.0695424675941467,0.0945141911506653,0.0802671313285828,0.100107312202454,0.0853698253631592,0.199006497859955,0.0793429613113403,0.102250635623932,0.0580739378929138,0.137748241424561,0.0505387187004089,0.0622990131378174,0.0959115028381348,0.124765455722809,0.0601848363876343,0.0501301288604736,0.0889593362808228,0.0868604183197021,0.119187593460083,0.0808505415916443,0.0907284021377563,0.083355724811554,0.0939128398895264,0.0396355390548706,0.0626797676086426,0.0668741464614868,0.0812916159629822,0.0805665254592896,0.111560106277466,0.0641883015632629,0.0402779579162598,0.0875905156135559,0.0568404793739319,0.0526571273803711,0.107448637485504,0.130935192108154,0.0642744898796082,0.0302496552467346,0.0323249101638794,0.110102355480194,0.0853642821311951,0.0816401839256287,0.0503352880477905,0.0138965845108032,0.0332152247428894,0.0278016924858093,0.0636211633682251,0.100284516811371,0.0437087416648865,0.0508186817169189,0.0013958215713501,0.0666341781616211,0.0332766175270081,0.0283557176589966,0.0419871807098389,0.0550100207328796,0.0460320115089417,0.0568113923072815,0.0914552807807922,0.138884723186493,0.00304460525512695,0.046078085899353,0.0993242859840393,0.0951926112174988,0.00648790597915649,0.00975221395492554,0.0322710871696472,0.00635778903961182,0.00140851736068726,0.0217242240905762,0.0532132387161255,0.00561779737472534,0.00168657302856445,0.00961595773696899,0.00190728902816772,0.0219464898109436,0.0315236449241638,0.0100218653678894,0.000943601131439209,0.00506365299224854,0.0451497435569763,0.0178542137145996,0.0197534561157227,0.010258674621582,0.0402746796607971,0.0166307687759399,0.0822078585624695,0.0961194634437561,0.0549927353858948,0.0761678814888,0.0220885872840881,0.0488855838775635,0.052804172039032,0.0650539398193359,0.0345353484153748,0.107889533042908,0.0741785168647766,0.115078330039978,0.0912203788757324,0.052098274230957,0.0646819472312927,0.0535448789596558,0.158057391643524,0.0554671287536621,0.0567145347595215,0.0478391647338867,0.0365083813667297,0.0357428193092346,0.095575213432312,0.048806369304657,0.0375058650970459,0.0598196387290955,0.064272403717041,0.0407142043113708,0.0599331855773926,0.0503045320510864,0.0483670234680176,0.0328550934791565,0.0378444194793701,0.0909109115600586,0.122151374816895,0.0279651284217834,0.0635694861412048,0.087576150894165,0.0606729388237,0.00320172309875488,0.00738906860351562,0.00704765319824219,0.0911287069320679,0.0646594762802124,0.0608986020088196,0.0365546941757202,0.0634742975234985,0.0141151547431946,0.00217753648757935,0.0145356059074402,0.0564048290252686,0.028512179851532,0.0923640131950378,0.041079044342041,0.0812134146690369,0.0382565855979919,0.0149214267730713,0.0372105240821838,0.0499113798141479,0.0442508459091187,0.0210308432579041,0.0236788988113403,0.038446307182312,0.0412713289260864,0.0059085488319397,0.00994008779525757,0.069364070892334,0.0375981330871582,0,0.0728952884674072,0.00276577472686768,0.0140450596809387,0.0220561027526855,0.0112545490264893,0.0245508551597595,0.016150951385498,0.0503630638122559,0.0580379962921143,0.00548189878463745,0.00958734750747681,0.0104013085365295,0.0649076104164124,0.0119234323501587,0.00309973955154419,0.00673931837081909,0.0310786962509155,0.0178711414337158,0.0168296694755554,0.024958610534668,0.0175912976264954,0.00243973731994629,0.0464593172073364
"34100024",0.0427916646003723,0.0490314364433289,0.014838695526123,0.076794445514679,0.0378161668777466,0.0107408761978149,0.00872945785522461,0.000696659088134766,0.0103612542152405,0.0407837629318237,0.054136335849762,0.084283173084259,0.0124692916870117,0.0925023555755615,0.0300348997116089,0.0033528208732605,0.0216189026832581,0.00737184286117554,0.0272120237350464,0.012474536895752,0.126111209392548,0.00644767284393311,0.0293553471565247,0.0148213505744934,0.0648529529571533,0.0223565697669983,0.0105962753295898,0.0230162143707275,0.0518701672554016,0.0127104520797729,0.0227651596069336,0.0160640478134155,0.0139651298522949,0.0462923049926758,0.00795525312423706,0.0178331136703491,0.0104604363441467,0.0210175514221191,0.0332597494125366,0.0102155208587646,0.00602114200592041,0.00839632749557495,0.00767123699188232,0.0386648178100586,0.00870698690414429,0.0326173305511475,0.0146952271461487,0.0160548090934753,0.0202381610870361,0.0345533490180969,0.0580399036407471,0.00862079858779907,0.0426456332206726,0.0405703783035278,0.0372070670127869,0.0124689936637878,0.00874489545822144,0.0225600004196167,0.058998703956604,0.0396800637245178,0.0450935959815979,0.00927412509918213,0.0273892283439636,0.0291865468025208,0.0220766067504883,0.0714994668960571,0.00626111030578613,0.0396186709403992,0.0445395708084106,0.0309081077575684,0.0178852677345276,0.0268632769584656,0.0160838961601257,0.018559992313385,0.0659894347190857,0.0759398937225342,0.0268172025680542,0.0264289975166321,0.0222973227500916,0.0664073824882507,0.0631430745124817,0.04062420129776,0.079253077507019,0.0743038058280945,0.0946195125579834,0.0196820497512817,0.0785130858421326,0.0745818614959717,0.0825112462043762,0.074802577495575,0.0509487986564636,0.0413716435432434,0.0829171538352966,0.0738388895988464,0.0678316354751587,0.0277455449104309,0.0550410747528076,0.0926487445831299,0.0831539630889893,0.0326206088066101,0.0562645196914673,0.00931257009506226,0.0232241749763489,0.0179025530815125,0.00327259302139282,0.0508067011833191,0.0240097045898438,0.0200911164283752,0.00784134864807129,0.0383599400520325,0.0349942445755005,0.00128322839736938,0.0421830415725708,0.0183250904083252,0.0207970142364502,0.0082133412361145,0.0193504095077515,0.0851621031761169,0.0174281597137451,0.0161807537078857,0.0250561237335205,0.0363869071006775,0.0371524691581726,0.0226799249649048,0.0240889191627502,0.0353894233703613,0.0130756497383118,0.00862288475036621,0.0321810841560364,0.0129621028900146,0.0225907564163208,0.0245282649993896,0.0400401949882507,0.0350508689880371,0.0180156230926514,0.0492560863494873,0.0449301600456238,0.00932580232620239,0.0146808624267578,0.0122223496437073,0.0696935653686523,0.0655062198638916,0.065847635269165,0.0182334184646606,0.00823581218719482,0.0119966864585876,0.036340594291687,0.00942099094390869,0.0870104432106018,0.0750728249549866,0.058359682559967,0.0164904594421387,0.0443831086158752,0.0194687247276306,0.0318162441253662,0.00831812620162964,0.0346387028694153,0.0579738616943359,0.0356847643852234,0.0229839086532593,0.0286444425582886,0.0518644452095032,0.0965741872787476,0.0344489812850952,0.0316239595413208,0.0669867396354675,0.0629552006721497,0.00353121757507324,0.035297155380249,0.0728952884674072,0,0.0701295137405396,0.0588502287864685,0.0508391857147217,0.0841498374938965,0.0483444333076477,0.0890462398529053,0.0225322246551514,0.014857292175293,0.0674133896827698,0.082482635974884,0.0832965970039368,0.00798767805099487,0.0609718561172485,0.069795548915863,0.0796346068382263,0.0418165922164917,0.090766429901123,0.0897249579429626,0.0978538990020752,0.0904865860939026,0.0704555511474609,0.119354605674744
"34100027",0.112921178340912,0.119160950183868,0.0849682092666626,0.146923959255219,0.107945680618286,0.0808703899383545,0.0788589715957642,0.0694328546524048,0.08049076795578,0.110913276672363,0.124265849590302,0.154412686824799,0.0576602220535278,0.162631869316101,0.100164413452148,0.0667766928672791,0.0917484164237976,0.0775013566017151,0.0973415374755859,0.0826040506362915,0.196240723133087,0.0765771865844727,0.0994848608970642,0.0553081631660461,0.134982466697693,0.0477729439735413,0.0595332384109497,0.0931457281112671,0.121999680995941,0.0574190616607666,0.047364354133606,0.0861935615539551,0.0840946435928345,0.116421818733215,0.0780847668647766,0.0879626274108887,0.0805899500846863,0.0911470651626587,0.0368697643280029,0.0599139928817749,0.0641083717346191,0.0785258412361145,0.0778007507324219,0.108794331550598,0.0614225268363953,0.0375121831893921,0.0848247408866882,0.0540747046470642,0.0498913526535034,0.104682862758636,0.128169417381287,0.0615087151527405,0.0274838805198669,0.0295591354370117,0.107336580753326,0.0825985074043274,0.078874409198761,0.0475695133209229,0.0111308097839355,0.0304494500160217,0.0250359177589417,0.0608553886413574,0.0975187420845032,0.0409429669380188,0.0480529069900513,0.00136995315551758,0.0638684034347534,0.0305108428001404,0.0255899429321289,0.0392214059829712,0.052244246006012,0.043266236782074,0.0540456175804138,0.0886895060539246,0.136118948459625,0.00581037998199463,0.0433123111724854,0.0965585112571716,0.0924268364906311,0.00372213125228882,0.00698643922805786,0.0295053124427795,0.00912356376647949,0.00417429208755493,0.0244899988174438,0.0504474639892578,0.00838357210159302,0.00445234775543213,0.0123817324638367,0.0046730637550354,0.0191807150840759,0.0287578701972961,0.0127876400947571,0.00370937585830688,0.00229787826538086,0.0423839688301086,0.0150884389877319,0.0225192308425903,0.0130244493484497,0.0375089049339294,0.0138649940490723,0.0794420838356018,0.0933536887168884,0.0522269606590271,0.0734021067619324,0.0193228125572205,0.0461198091506958,0.0500383973121643,0.0622881650924683,0.0317695736885071,0.10512375831604,0.0714127421379089,0.11231255531311,0.0884546041488647,0.0493324995040894,0.061916172504425,0.0507791042327881,0.155291616916656,0.0527013540267944,0.0539487600326538,0.045073390007019,0.0337426066398621,0.0329770445823669,0.0928094387054443,0.0460405945777893,0.0347400903701782,0.0570538640022278,0.0615066289901733,0.0379484295845032,0.0571674108505249,0.0475387573242188,0.0456012487411499,0.0300893187522888,0.0350786447525024,0.0881451368331909,0.119385600090027,0.0251993536949158,0.0608037114143372,0.0848103761672974,0.0579071640968323,0.000435948371887207,0.00462329387664795,0.00428187847137451,0.0883629322052002,0.0618937015533447,0.0581328272819519,0.0337889194488525,0.0607085227966309,0.0168809294700623,0.00494331121444702,0.0117698311805725,0.0536390542984009,0.0257464051246643,0.0895982384681702,0.0383132696151733,0.0784476399421692,0.0354908108711243,0.0121556520462036,0.0344447493553162,0.0471456050872803,0.041485071182251,0.0182650685310364,0.026444673538208,0.0356805324554443,0.0385055541992188,0.00314277410507202,0.00717431306838989,0.0665982961654663,0.0348323583602905,0.00276577472686768,0.0701295137405396,0,0.011279284954071,0.0192903280258179,0.0140203237533569,0.0217850804328918,0.0189167261123657,0.0475972890853882,0.0552722215652466,0.00271612405776978,0.0123531222343445,0.0131670832633972,0.0621418356895447,0.00915765762329102,0.000333964824676514,0.00950509309768677,0.0283129215240479,0.0206369161605835,0.0195954442024231,0.0277243852615356,0.020357072353363,0.000326037406921387,0.0492250919342041
"34100028",0.101641893386841,0.107881665229797,0.0736889243125916,0.135644674301147,0.0966663956642151,0.0695911049842834,0.0675796866416931,0.0581535696983337,0.069211483001709,0.0996339917182922,0.11298656463623,0.143133401870728,0.0463809370994568,0.15135258436203,0.0888851284980774,0.055497407913208,0.0804691314697266,0.066222071647644,0.0860622525215149,0.0713247656822205,0.184961438179016,0.0652979016304016,0.0882055759429932,0.0440288782119751,0.123703181743622,0.0364936590194702,0.0482539534568787,0.081866443157196,0.11072039604187,0.0461397767066956,0.0360850691795349,0.074914276599884,0.0728153586387634,0.105142533779144,0.0668054819107056,0.0766833424568176,0.0693106651306152,0.0798677802085876,0.0255904793739319,0.0486347079277039,0.0528290867805481,0.0672465562820435,0.0665214657783508,0.0975150465965271,0.0501432418823242,0.026232898235321,0.0735454559326172,0.0427954196929932,0.0386120676994324,0.0934035778045654,0.116890132427216,0.0502294301986694,0.0162045955657959,0.0182798504829407,0.0960572957992554,0.0713192224502563,0.0675951242446899,0.0362902283668518,0.000148475170135498,0.0191701650619507,0.0137566328048706,0.0495761036872864,0.0862394571304321,0.0296636819839478,0.0367736220359802,0.0126492381095886,0.0525891184806824,0.0192315578460693,0.0143106579780579,0.0279421210289001,0.0409649610519409,0.0319869518280029,0.0427663326263428,0.0774102210998535,0.124839663505554,0.0170896649360657,0.0320330262184143,0.0852792263031006,0.0811475515365601,0.00755715370178223,0.00429284572601318,0.0182260274887085,0.0204028487205505,0.015453577041626,0.0357692837715149,0.0391681790351868,0.0196628570556641,0.0157316327095032,0.0236610174179077,0.0159523487091064,0.00790143013000488,0.0174785852432251,0.0240669250488281,0.0149886608123779,0.00898140668869019,0.0311046838760376,0.00380915403366089,0.0337985157966614,0.0243037343025208,0.0262296199798584,0.00258570909500122,0.0681627988815308,0.0820744037628174,0.0409476757049561,0.0621228218078613,0.00804352760314941,0.0348405241966248,0.0387591123580933,0.0510088801383972,0.020490288734436,0.093844473361969,0.0601334571838379,0.101033270359039,0.0771753191947937,0.0380532145500183,0.050636887550354,0.039499819278717,0.144012331962585,0.0414220690727234,0.0426694750785828,0.033794105052948,0.022463321685791,0.0216977596282959,0.0815301537513733,0.0347613096237183,0.0234608054161072,0.0457745790481567,0.0502273440361023,0.0266691446304321,0.0458881258964539,0.0362594723701477,0.0343219637870789,0.0188100337982178,0.0237993597984314,0.0768658518791199,0.108106315135956,0.0139200687408447,0.0495244264602661,0.0735310912132263,0.0466278791427612,0.0108433365821838,0.0066559910774231,0.00699740648269653,0.0770836472511292,0.0506144165992737,0.0468535423278809,0.0225096344947815,0.0494292378425598,0.0281602144241333,0.0162225961685181,0.000490546226501465,0.0423597693443298,0.0144671201705933,0.0783189535140991,0.0270339846611023,0.0671683549880981,0.0242115259170532,0.000876367092132568,0.0231654644012451,0.0358663201332092,0.0302057862281799,0.00698578357696533,0.0377239584922791,0.0244012475013733,0.0272262692451477,0.00813651084899902,0.00410497188568115,0.0553190112113953,0.0235530734062195,0.0140450596809387,0.0588502287864685,0.011279284954071,0,0.00801104307174683,0.025299608707428,0.0105057954788208,0.0301960110664368,0.0363180041313171,0.0439929366111755,0.00856316089630127,0.0236324071884155,0.0244463682174683,0.0508625507354736,0.00212162733078003,0.0109453201293945,0.0207843780517578,0.0170336365699768,0.0319162011146545,0.0308747291564941,0.0390036702156067,0.0316363573074341,0.0116053223609924,0.0605043768882751
"34100033",0.093630850315094,0.0998706221580505,0.0656778812408447,0.127633631229401,0.0886553525924683,0.0615800619125366,0.0595686435699463,0.0501425266265869,0.0612004399299622,0.0916229486465454,0.104975521564484,0.135122358798981,0.03836989402771,0.143341541290283,0.0808740854263306,0.0474863648414612,0.0724580883979797,0.0582110285758972,0.0780512094497681,0.0633137226104736,0.176950395107269,0.0572868585586548,0.0801945328712463,0.0360178351402283,0.115692138671875,0.0284826159477234,0.0402429103851318,0.0738554000854492,0.102709352970123,0.0381287336349487,0.0280740261077881,0.0669032335281372,0.0648043155670166,0.0971314907073975,0.0587944388389587,0.0686722993850708,0.0612996220588684,0.0718567371368408,0.0175794363021851,0.040623664855957,0.0448180437088013,0.0592355132102966,0.058510422706604,0.0895040035247803,0.0421321988105774,0.0182218551635742,0.0655344128608704,0.0347843766212463,0.0306010246276855,0.0853925347328186,0.108879089355469,0.0422183871269226,0.00819355249404907,0.0102688074111938,0.0880462527275085,0.0633081793785095,0.0595840811729431,0.028279185295105,0.00815951824188232,0.0111591219902039,0.00574558973312378,0.0415650606155396,0.0782284140586853,0.0216526389122009,0.0287625789642334,0.0206602811813354,0.0445780754089355,0.0112205147743225,0.00629961490631104,0.0199310779571533,0.0329539179801941,0.0239759087562561,0.0347552895545959,0.0693991780281067,0.116828620433807,0.0251007080078125,0.0240219831466675,0.0772681832313538,0.0731365084648132,0.0155681967735291,0.01230388879776,0.0102149844169617,0.0284138917922974,0.0234646201133728,0.0437803268432617,0.0311571359634399,0.0276739001274109,0.02374267578125,0.0316720604896545,0.0239633917808533,0.000109612941741943,0.00946754217147827,0.032077968120575,0.0229997038841248,0.016992449760437,0.0230936408042908,0.00420188903808594,0.0418095588684082,0.0323147773742676,0.0182185769081116,0.00542533397674561,0.0601517558097839,0.0740633606910706,0.0329366326332092,0.0541117787361145,3.24845314025879e-05,0.0268294811248779,0.0307480692863464,0.0429978370666504,0.0124792456626892,0.0858334302902222,0.0521224141120911,0.0930222272872925,0.0691642761230469,0.0300421714782715,0.0426258444786072,0.0314887762069702,0.136001288890839,0.0334110260009766,0.0346584320068359,0.0257830619812012,0.0144522786140442,0.0136867165565491,0.0735191106796265,0.0267502665519714,0.0154497623443604,0.0377635359764099,0.0422163009643555,0.0186581015586853,0.037877082824707,0.0282484292984009,0.026310920715332,0.0107989907264709,0.0157883167266846,0.068854808807373,0.100095272064209,0.0059090256690979,0.0415133833885193,0.0655200481414795,0.0386168360710144,0.0188543796539307,0.0146670341491699,0.0150084495544434,0.0690726041793823,0.0426033735275269,0.038842499256134,0.0144985914230347,0.041418194770813,0.0361712574958801,0.0242336392402649,0.00752049684524536,0.034348726272583,0.00645607709884644,0.0703079104423523,0.0190229415893555,0.0591573119163513,0.0162004828453064,0.00713467597961426,0.0151544213294983,0.0278552770614624,0.0221947431564331,0.00102525949478149,0.0457350015640259,0.0163902044296265,0.0192152261734009,0.0161475539207458,0.012116014957428,0.0473079681396484,0.0155420303344727,0.0220561027526855,0.0508391857147217,0.0192903280258179,0.00801104307174683,0,0.0333106517791748,0.00249475240707397,0.0382070541381836,0.0283069610595703,0.0359818935394287,0.0165742039680481,0.0316434502601624,0.0324574112892151,0.0428515076637268,0.0101326704025269,0.0189563632011414,0.0287954211235046,0.00902259349822998,0.0399272441864014,0.038885772228241,0.0470147132873535,0.0396474003791809,0.0196163654327393,0.068515419960022
"34100035",0.126941502094269,0.133181273937225,0.0989885330200195,0.160944283008575,0.121966004371643,0.0948907136917114,0.0928792953491211,0.0834531784057617,0.094511091709137,0.12493360042572,0.138286173343658,0.168433010578156,0.0716805458068848,0.176652193069458,0.114184737205505,0.080797016620636,0.105768740177155,0.091521680355072,0.111361861228943,0.0966243743896484,0.210261046886444,0.0905975103378296,0.113505184650421,0.0693284869194031,0.14900279045105,0.0617932677268982,0.0735535621643066,0.107166051864624,0.136020004749298,0.0714393854141235,0.0613846778869629,0.100213885307312,0.0981149673461914,0.130442142486572,0.0921050906181335,0.101982951164246,0.0946102738380432,0.105167388916016,0.0508900880813599,0.0739343166351318,0.0781286954879761,0.0925461649894714,0.0918210744857788,0.122814655303955,0.0754428505897522,0.051532506942749,0.0988450646400452,0.0680950284004211,0.0639116764068604,0.118703186511993,0.142189741134644,0.0755290389060974,0.0415042042732239,0.0435794591903687,0.121356904506683,0.0966188311576843,0.0928947329521179,0.0615898370742798,0.0251511335372925,0.0444697737693787,0.0390562415122986,0.0748757123947144,0.11153906583786,0.0549632906913757,0.0620732307434082,0.0126503705978394,0.0778887271881104,0.0445311665534973,0.0396102666854858,0.0532417297363281,0.0662645697593689,0.0572865605354309,0.0680659413337708,0.102709829807281,0.150139272212982,0.0082099437713623,0.0573326349258423,0.110578835010529,0.106447160243988,0.0177424550056458,0.0210067629814148,0.0435256361961365,0.00489675998687744,0.009846031665802,0.0104696750640869,0.0644677877426147,0.00563675165176392,0.0095679759979248,0.00163859128952026,0.00934725999832153,0.0332010388374329,0.0427781939506531,0.00123268365859985,0.01031094789505,0.0163182020187378,0.0564042925834656,0.0291087627410889,0.0084989070892334,0.000995874404907227,0.0515292286872864,0.0278853178024292,0.0934624075889587,0.107374012470245,0.066247284412384,0.0874224305152893,0.0333431363105774,0.0601401329040527,0.0640587210655212,0.0763084888458252,0.045789897441864,0.119144082069397,0.0854330658912659,0.126332879066467,0.102474927902222,0.0633528232574463,0.075936496257782,0.064799427986145,0.169311940670013,0.0667216777801514,0.0679690837860107,0.059093713760376,0.047762930393219,0.0469973683357239,0.106829762458801,0.0600609183311462,0.0487604141235352,0.0710741877555847,0.0755269527435303,0.0519687533378601,0.0711877346038818,0.0615590810775757,0.0596215724945068,0.0441096425056458,0.0490989685058594,0.102165460586548,0.133405923843384,0.0392196774482727,0.0748240351676941,0.0988306999206543,0.0719274878501892,0.0144562721252441,0.0186436176300049,0.0183022022247314,0.102383255958557,0.0759140253067017,0.0721531510353088,0.0478092432022095,0.0747288465499878,0.00286060571670532,0.00907701253890991,0.0257901549339294,0.0676593780517578,0.0397667288780212,0.103618562221527,0.0523335933685303,0.0924679636955261,0.0495111346244812,0.0261759757995605,0.0484650731086731,0.0611659288406372,0.0555053949356079,0.0322853922843933,0.0124243497848511,0.0497008562088013,0.0525258779525757,0.017163097858429,0.0211946368217468,0.0806186199188232,0.0488526821136475,0.0112545490264893,0.0841498374938965,0.0140203237533569,0.025299608707428,0.0333106517791748,0,0.0358054041862488,0.00489640235900879,0.0616176128387451,0.0692925453186035,0.0167364478111267,0.00166720151901245,0.000853240489959717,0.0761621594429016,0.0231779813766479,0.0143542885780334,0.00451523065567017,0.0423332452774048,0.00661659240722656,0.00557512044906616,0.0137040615081787,0.0063367486000061,0.0136942863464355,0.0352047681808472
"34100036",0.09113609790802,0.0973758697509766,0.0631831288337708,0.125138878822327,0.0861606001853943,0.0590853095054626,0.0570738911628723,0.0476477742195129,0.0587056875228882,0.0891281962394714,0.10248076915741,0.132627606391907,0.035875141620636,0.140846788883209,0.0783793330192566,0.0449916124343872,0.0699633359909058,0.0557162761688232,0.0755564570426941,0.0608189702033997,0.174455642700195,0.0547921061515808,0.0776997804641724,0.0335230827331543,0.113197386264801,0.0259878635406494,0.0377481579780579,0.0713606476783752,0.100214600563049,0.0356339812278748,0.0255792737007141,0.0644084811210632,0.0623095631599426,0.0946367383003235,0.0562996864318848,0.0661775469779968,0.0588048696517944,0.0693619847297668,0.0150846838951111,0.0381289124488831,0.0423232913017273,0.0567407608032227,0.05601567029953,0.0870092511177063,0.0396374464035034,0.0157271027565002,0.0630396604537964,0.0322896242141724,0.0281062722206116,0.0828977823257446,0.106384336948395,0.0397236347198486,0.0056988000869751,0.00777405500411987,0.0855515003204346,0.0608134269714355,0.0570893287658691,0.025784432888031,0.0106542706489563,0.00866436958312988,0.0032508373260498,0.0390703082084656,0.0757336616516113,0.019157886505127,0.0262678265571594,0.0231550335884094,0.0420833230018616,0.00872576236724854,0.00380486249923706,0.0174363255500793,0.0304591655731201,0.0214811563491821,0.032260537147522,0.0669044256210327,0.114333868026733,0.0275954604148865,0.0215272307395935,0.0747734308242798,0.0706417560577393,0.018062949180603,0.014798641204834,0.0077202320098877,0.0309086441993713,0.0259593725204468,0.0462750792503357,0.028662383556366,0.0301686525344849,0.026237428188324,0.0341668128967285,0.0264581441879272,0.00260436534881592,0.0069727897644043,0.0345727205276489,0.0254944562911987,0.019487202167511,0.0205988883972168,0.00669664144515991,0.0443043112754822,0.0348095297813416,0.0157238245010376,0.00792008638381958,0.05765700340271,0.0715686082839966,0.0304418802261353,0.0516170263290405,0.00246226787567139,0.024334728717804,0.0282533168792725,0.0405030846595764,0.00998449325561523,0.0833386778831482,0.0496276617050171,0.0905274748802185,0.0666695237159729,0.0275474190711975,0.0401310920715332,0.0289940237998962,0.133506536483765,0.0309162735939026,0.032163679599762,0.0232883095741272,0.0119575262069702,0.0111919641494751,0.0710243582725525,0.0242555141448975,0.0129550099372864,0.0352687835693359,0.0397215485572815,0.0161633491516113,0.0353823304176331,0.0257536768913269,0.0238161683082581,0.00830423831939697,0.0132935643196106,0.0663600564002991,0.097600519657135,0.00341427326202393,0.0390186309814453,0.0630252957344055,0.0361220836639404,0.0213491320610046,0.0171617865562439,0.0175032019615173,0.0665778517723083,0.0401086211204529,0.0363477468490601,0.0120038390159607,0.038923442363739,0.0386660099029541,0.0267283916473389,0.0100152492523193,0.031853973865509,0.00396132469177246,0.0678131580352783,0.0165281891822815,0.0566625595092773,0.0137057304382324,0.00962942838668823,0.0126596689224243,0.0253605246543884,0.0196999907493591,0.00352001190185547,0.0482297539710999,0.0138954520225525,0.0167204737663269,0.0186423063278198,0.014610767364502,0.0448132157325745,0.0130472779273987,0.0245508551597595,0.0483444333076477,0.0217850804328918,0.0105057954788208,0.00249475240707397,0.0358054041862488,0,0.0407018065452576,0.0258122086524963,0.0334871411323547,0.0190689563751221,0.0341382026672363,0.0349521636962891,0.0403567552566528,0.0126274228096008,0.0214511156082153,0.0312901735305786,0.00652784109115601,0.0424219965934753,0.0413805246353149,0.0495094656944275,0.0421421527862549,0.0221111178398132,0.0710101723670959
"34101027",0.131837904453278,0.138077676296234,0.103884935379028,0.165840685367584,0.126862406730652,0.0997871160507202,0.0977756977081299,0.0883495807647705,0.0994074940681458,0.129830002784729,0.143182575702667,0.173329412937164,0.0765769481658936,0.181548595428467,0.119081139564514,0.0856934189796448,0.110665142536163,0.0964180827140808,0.116258263587952,0.101520776748657,0.215157449245453,0.0954939126968384,0.11840158700943,0.0742248892784119,0.153899192810059,0.066689670085907,0.0784499645233154,0.112062454223633,0.140916407108307,0.0763357877731323,0.0662810802459717,0.105110287666321,0.1030113697052,0.135338544845581,0.0970014929771423,0.106879353523254,0.099506676197052,0.110063791275024,0.0557864904403687,0.0788307189941406,0.0830250978469849,0.0974425673484802,0.0967174768447876,0.127711057662964,0.080339252948761,0.0564289093017578,0.103741466999054,0.0729914307594299,0.0688080787658691,0.123599588871002,0.147086143493652,0.0804254412651062,0.0464006066322327,0.0484758615493774,0.126253306865692,0.101515233516693,0.0977911353111267,0.0664862394332886,0.0300475358963013,0.0493661761283875,0.0439526438713074,0.0797721147537231,0.116435468196869,0.0598596930503845,0.066969633102417,0.0175467729568481,0.0827851295471191,0.0494275689125061,0.0445066690444946,0.0581381320953369,0.0711609721183777,0.0621829628944397,0.0729623436927795,0.10760623216629,0.155035674571991,0.0131063461303711,0.0622290372848511,0.115475237369537,0.111343562602997,0.0226388573646545,0.0259031653404236,0.0484220385551453,0.00979316234588623,0.0147424340248108,0.00557327270507812,0.0693641901016235,0.0105331540107727,0.0144643783569336,0.00653499364852905,0.0142436623573303,0.0380974411964417,0.0476745963096619,0.00612908601760864,0.0152073502540588,0.0212146043777466,0.0613006949424744,0.0340051651000977,0.00360250473022461,0.00589227676391602,0.0564256310462952,0.032781720161438,0.0983588099479675,0.112270414829254,0.0711436867713928,0.0923188328742981,0.0382395386695862,0.0650365352630615,0.06895512342453,0.081204891204834,0.0506862998008728,0.124040484428406,0.0903294682502747,0.131229281425476,0.10737133026123,0.0682492256164551,0.0808328986167908,0.0696958303451538,0.174208343029022,0.0716180801391602,0.0728654861450195,0.0639901161193848,0.0526593327522278,0.0518937706947327,0.11172616481781,0.064957320690155,0.0536568164825439,0.0759705901145935,0.0804233551025391,0.0568651556968689,0.0760841369628906,0.0664554834365845,0.0645179748535156,0.0490060448646545,0.0539953708648682,0.107061862945557,0.138302326202393,0.0441160798072815,0.0797204375267029,0.103727102279663,0.076823890209198,0.0193526744842529,0.0235400199890137,0.0231986045837402,0.107279658317566,0.0808104276657104,0.0770495533943176,0.0527056455612183,0.0796252489089966,0.00203579664230347,0.0139734148979187,0.0306865572929382,0.0725557804107666,0.04466313123703,0.108514964580536,0.0572299957275391,0.0973643660545349,0.05440753698349,0.0310723781585693,0.0533614754676819,0.066062331199646,0.0604017972946167,0.0371817946434021,0.00752794742584229,0.0545972585678101,0.0574222803115845,0.0220595002174377,0.0260910391807556,0.085515022277832,0.0537490844726562,0.016150951385498,0.0890462398529053,0.0189167261123657,0.0301960110664368,0.0382070541381836,0.00489640235900879,0.0407018065452576,0,0.0665140151977539,0.0741889476776123,0.0216328501701355,0.00656360387802124,0.00574964284896851,0.0810585618019104,0.0280743837356567,0.0192506909370422,0.00941163301467896,0.0472296476364136,0.00172019004821777,0.000678718090057373,0.00880765914916992,0.00144034624099731,0.0185906887054443,0.0303083658218384
"34101029",0.0653238892555237,0.0715636610984802,0.0373709201812744,0.0993266701698303,0.0603483915328979,0.0332731008529663,0.031261682510376,0.0218355655670166,0.0328934788703918,0.0633159875869751,0.0766685605049133,0.10681539773941,0.0100629329681396,0.115034580230713,0.0525671243667603,0.0191794037818909,0.0441511273384094,0.0299040675163269,0.0497442483901978,0.0350067615509033,0.148643434047699,0.0289798974990845,0.051887571811676,0.00771087408065796,0.0873851776123047,0.000175654888153076,0.0119359493255615,0.0455484390258789,0.074402391910553,0.00982177257537842,0.000232934951782227,0.0385962724685669,0.0364973545074463,0.0688245296478271,0.0304874777793884,0.0403653383255005,0.0329926609992981,0.0435497760772705,0.0107275247573853,0.0123167037963867,0.016511082649231,0.0309285521507263,0.0302034616470337,0.06119704246521,0.0138252377510071,0.0100851058959961,0.0372274518013,0.00647741556167603,0.00229406356811523,0.0570855736732483,0.0805721282958984,0.0139114260673523,0.0201134085655212,0.0180381536483765,0.0597392916679382,0.0350012183189392,0.0312771201133728,2.7775764465332e-05,0.0364664793014526,0.0171478390693665,0.0225613713264465,0.0132580995559692,0.049921452999115,0.00665432214736938,0.000455617904663086,0.0489672422409058,0.0162711143493652,0.0170864462852478,0.0220073461532593,0.00837588310241699,0.00464695692062378,0.00433105230331421,0.00644832849502563,0.0410922169685364,0.0885216593742371,0.0534076690673828,0.00428497791290283,0.0489612221717834,0.0448295474052429,0.0438751578330994,0.0406108498573303,0.0180919766426086,0.0567208528518677,0.0517715811729431,0.072087287902832,0.00285017490386963,0.0559808611869812,0.0520496368408203,0.0599790215492249,0.0522703528404236,0.0284165740013123,0.018839418888092,0.0603849291801453,0.0513066649436951,0.0452994108200073,0.00521332025527954,0.0325088500976562,0.0701165199279785,0.0606217384338379,0.0100883841514587,0.0337322950363159,0.0318447947502136,0.0457563996315002,0.00462967157363892,0.0258048176765442,0.0282744765281677,0.00147747993469238,0.00244110822677612,0.0146908760070801,0.0158277153968811,0.0575264692306519,0.0238154530525208,0.0647152662277222,0.0408573150634766,0.00173521041870117,0.0143188834190369,0.0031818151473999,0.107694327831268,0.00510406494140625,0.00635147094726562,0.00252389907836914,0.0138546824455261,0.0146202445030212,0.0452121496200562,0.00155669450759888,0.01285719871521,0.0094565749168396,0.0139093399047852,0.00964885950088501,0.00957012176513672,5.85317611694336e-05,0.00199604034423828,0.0175079703330994,0.0125186443328857,0.0405478477478027,0.0717883110046387,0.0223979353904724,0.013206422328949,0.0372130870819092,0.0103098750114441,0.047161340713501,0.0429739952087402,0.0433154106140137,0.040765643119812,0.0142964124679565,0.0105355381965637,0.0138083696365356,0.0131112337112427,0.0644782185554504,0.0525406002998352,0.0358274579048157,0.0060417652130127,0.0218508839607239,0.042000949382782,0.00928401947021484,0.030850350856781,0.0121064782142639,0.0354416370391846,0.013152539730072,0.00045168399810791,0.00611221790313721,0.0293322205543518,0.0740419626235962,0.0119167566299438,0.00909173488616943,0.0444545149803162,0.0404229760169983,0.0190010070800781,0.0127649307250977,0.0503630638122559,0.0225322246551514,0.0475972890853882,0.0363180041313171,0.0283069610595703,0.0616176128387451,0.0258122086524963,0.0665140151977539,0,0.0076749324798584,0.0448811650276184,0.0599504113197327,0.0607643723487854,0.0145445466041565,0.0384396314620972,0.0472633242607117,0.057102382183075,0.0192843675613403,0.0682342052459717,0.0671927332878113,0.0753216743469238,0.0679543614387512,0.0479233264923096,0.0968223810195923
"34101030",0.0576489567756653,0.0638887286186218,0.029695987701416,0.0916517376899719,0.0526734590530396,0.0255981683731079,0.0235867500305176,0.0141606330871582,0.0252185463905334,0.0556410551071167,0.0689936280250549,0.099140465259552,0.00238800048828125,0.107359647750854,0.0448921918869019,0.0115044713020325,0.036476194858551,0.0222291350364685,0.0420693159103394,0.0273318290710449,0.140968501567841,0.0213049650192261,0.0442126393318176,3.59416007995605e-05,0.0797102451324463,0.00749927759170532,0.00426101684570312,0.0378735065460205,0.0667274594306946,0.00214684009552002,0.00790786743164062,0.0309213399887085,0.0288224220275879,0.0611495971679688,0.02281254529953,0.0326904058456421,0.0253177285194397,0.0358748435974121,0.0184024572372437,0.00464177131652832,0.00883615016937256,0.0232536196708679,0.0225285291671753,0.0535221099853516,0.00615030527114868,0.0177600383758545,0.0295525193214417,0.00119751691818237,0.00538086891174316,0.0494106411933899,0.07289719581604,0.0062364935874939,0.0277883410453796,0.0257130861282349,0.0520643591880798,0.0273262858390808,0.0236021876335144,0.00770270824432373,0.044141411781311,0.0248227715492249,0.0302363038063049,0.00558316707611084,0.0422465205192566,0.0143292546272278,0.00721931457519531,0.0566421747207642,0.00859618186950684,0.0247613787651062,0.0296822786331177,0.0160508155822754,0.00302797555923462,0.0120059847831726,0.00122660398483276,0.033417284488678,0.0808467268943787,0.0610826015472412,0.0119599103927612,0.041286289691925,0.0371546149253845,0.0515500903129578,0.0482857823371887,0.025766909122467,0.0643957853317261,0.0594465136528015,0.0797622203826904,0.00482475757598877,0.0636557936668396,0.0597245693206787,0.0676539540290833,0.059945285320282,0.0360915064811707,0.0265143513679504,0.0680598616600037,0.0589815974235535,0.0529743432998657,0.0128882527351379,0.0401837825775146,0.0777914524078369,0.0682966709136963,0.0177633166313171,0.0414072275161743,0.0241698622703552,0.0380814671516418,0.00304526090621948,0.0181298851966858,0.0359494090080261,0.00915241241455078,0.00523382425308228,0.00701594352722168,0.0235026478767395,0.0498515367507935,0.0161405205726624,0.0570403337478638,0.0331823825836182,0.00593972206115723,0.00664395093917847,0.0044931173324585,0.10001939535141,0.00257086753845215,0.00132346153259277,0.0101988315582275,0.0215296149253845,0.0222951769828796,0.0375372171401978,0.00923162698745728,0.0205321311950684,0.0017816424369812,0.00623440742492676,0.0173237919807434,0.00189518928527832,0.00773346424102783,0.00967097282409668,0.0251829028129578,0.0201935768127441,0.0328729152679443,0.0641133785247803,0.0300728678703308,0.00553148984909058,0.0295381546020508,0.00263494253158569,0.0548362731933594,0.0506489276885986,0.0509903430938721,0.0330907106399536,0.00662147998809814,0.00286060571670532,0.021483302116394,0.00543630123138428,0.0721531510353088,0.0602155327796936,0.0435023903846741,0.0016331672668457,0.0295258164405823,0.0343260169029236,0.0169589519500732,0.0231754183769226,0.0197814106941223,0.043116569519043,0.0208274722099304,0.00812661647796631,0.0137871503829956,0.0370071530342102,0.0817168951034546,0.0195916891098022,0.0167666673660278,0.0521294474601746,0.0480979084968567,0.0113260746002197,0.0204398632049561,0.0580379962921143,0.014857292175293,0.0552722215652466,0.0439929366111755,0.0359818935394287,0.0692925453186035,0.0334871411323547,0.0741889476776123,0.0076749324798584,0,0.0525560975074768,0.0676253437995911,0.0684393048286438,0.0068696141242981,0.0461145639419556,0.0549382567405701,0.0647773146629333,0.0269593000411987,0.0759091377258301,0.0748676657676697,0.0829966068267822,0.0756292939186096,0.055598258972168,0.104497313499451
"34101033",0.110205054283142,0.116444826126099,0.0822520852088928,0.144207835197449,0.105229556560516,0.0781542658805847,0.0761428475379944,0.066716730594635,0.0777746438980103,0.108197152614594,0.121549725532532,0.151696562767029,0.0549440979957581,0.159915745258331,0.0974482893943787,0.0640605688095093,0.0890322923660278,0.0747852325439453,0.0946254134178162,0.0798879265785217,0.193524599075317,0.0738610625267029,0.0967687368392944,0.0525920391082764,0.132266342639923,0.0450568199157715,0.0568171143531799,0.0904296040534973,0.119283556938171,0.0547029376029968,0.0446482300758362,0.0834774374961853,0.0813785195350647,0.113705694675446,0.0753686428070068,0.0852465033531189,0.0778738260269165,0.0884309411048889,0.0341536402702332,0.0571978688240051,0.0613922476768494,0.0758097171783447,0.0750846266746521,0.106078207492828,0.0587064027786255,0.0347960591316223,0.0821086168289185,0.0513585805892944,0.0471752285957336,0.101966738700867,0.125453293323517,0.0587925910949707,0.0247677564620972,0.0268430113792419,0.104620456695557,0.0798823833465576,0.0761582851409912,0.0448533892631531,0.00841468572616577,0.027733325958252,0.0223197937011719,0.0581392645835876,0.0948026180267334,0.038226842880249,0.0453367829322815,0.00408607721328735,0.0611522793769836,0.0277947187423706,0.0228738188743591,0.0365052819252014,0.0495281219482422,0.0405501127243042,0.051329493522644,0.0859733819961548,0.133402824401855,0.0085265040397644,0.0405961871147156,0.0938423871994019,0.0897107124328613,0.00100600719451904,0.00427031517028809,0.0267891883850098,0.0118396878242493,0.00689041614532471,0.0272061228752136,0.047731339931488,0.0110996961593628,0.0071684718132019,0.0150978565216064,0.00738918781280518,0.0164645910263062,0.0260417461395264,0.0155037641525269,0.00642549991607666,0.000418245792388916,0.0396678447723389,0.0123723149299622,0.0252353549003601,0.0157405734062195,0.0347927808761597,0.0111488699913025,0.076725959777832,0.0906375646591187,0.0495108366012573,0.0706859827041626,0.0166066884994507,0.043403685092926,0.0473222732543945,0.0595720410346985,0.0290534496307373,0.10240763425827,0.0686966180801392,0.109596431255341,0.085738480091095,0.0466163754463196,0.0592000484466553,0.0480629801750183,0.152575492858887,0.0499852299690247,0.051232635974884,0.0423572659492493,0.0310264825820923,0.0302609205245972,0.0900933146476746,0.0433244705200195,0.0320239663124084,0.054337739944458,0.0587905049324036,0.0352323055267334,0.0544512867927551,0.044822633266449,0.0428851246833801,0.027373194694519,0.0323625206947327,0.0854290127754211,0.116669476032257,0.022483229637146,0.0580875873565674,0.0820942521095276,0.0551910400390625,0.00228017568588257,0.00190716981887817,0.00156575441360474,0.0856468081474304,0.059177577495575,0.0554167032241821,0.0310727953910828,0.0579923987388611,0.019597053527832,0.0076594352722168,0.00905370712280273,0.0509229302406311,0.0230302810668945,0.0868821144104004,0.0355971455574036,0.0757315158843994,0.0327746868133545,0.00943952798843384,0.0317286252975464,0.0444294810295105,0.0387689471244812,0.0155489444732666,0.0291607975959778,0.0329644083976746,0.035789430141449,0.000426650047302246,0.00445818901062012,0.0638821721076965,0.0321162343025208,0.00548189878463745,0.0674133896827698,0.00271612405776978,0.00856316089630127,0.0165742039680481,0.0167364478111267,0.0190689563751221,0.0216328501701355,0.0448811650276184,0.0525560975074768,0,0.0150692462921143,0.015883207321167,0.0594257116317749,0.00644153356552124,0.00238215923309326,0.0122212171554565,0.0255967974662781,0.0233530402183533,0.0223115682601929,0.0304405093193054,0.0230731964111328,0.00304216146469116,0.0519412159919739
"34101034",0.125274300575256,0.131514072418213,0.0973213315010071,0.159277081489563,0.120298802852631,0.093223512172699,0.0912120938301086,0.0817859768867493,0.0928438901901245,0.123266398906708,0.136618971824646,0.166765809059143,0.0700133442878723,0.174984991550446,0.112517535686493,0.0791298151016235,0.104101538658142,0.0898544788360596,0.10969465970993,0.094957172870636,0.208593845367432,0.0889303088188171,0.111837983131409,0.0676612854003906,0.147335588932037,0.0601260662078857,0.0718863606452942,0.105498850345612,0.134352803230286,0.0697721838951111,0.0597174763679504,0.0985466837882996,0.096447765827179,0.12877494096756,0.0904378890991211,0.100315749645233,0.0929430723190308,0.103500187397003,0.0492228865623474,0.0722671151161194,0.0764614939689636,0.090878963470459,0.0901538729667664,0.121147453784943,0.0737756490707397,0.0498653054237366,0.0971778631210327,0.0664278268814087,0.0622444748878479,0.117035984992981,0.140522539615631,0.073861837387085,0.0398370027542114,0.0419122576713562,0.119689702987671,0.0949516296386719,0.0912275314331055,0.0599226355552673,0.02348393201828,0.0428025722503662,0.0373890399932861,0.0732085108757019,0.109871864318848,0.0532960891723633,0.0604060292243958,0.0109831690788269,0.0762215256690979,0.0428639650344849,0.0379430651664734,0.0515745282173157,0.0645973682403564,0.0556193590164185,0.0663987398147583,0.101042628288269,0.14847207069397,0.00654274225234985,0.0556654334068298,0.108911633491516,0.104779958724976,0.0160752534866333,0.0193395614624023,0.041858434677124,0.00322955846786499,0.00817883014678955,0.0121368765830994,0.0628005862236023,0.00396955013275146,0.00790077447891235,2.86102294921875e-05,0.00768005847930908,0.0315338373184204,0.0411109924316406,0.000434517860412598,0.0086437463760376,0.0146510004997253,0.0547370910644531,0.0274415612220764,0.0101661086082458,0.000671327114105225,0.0498620271682739,0.0262181162834167,0.0917952060699463,0.105706810951233,0.0645800828933716,0.0857552289962769,0.0316759347915649,0.0584729313850403,0.0623915195465088,0.0746412873268127,0.0441226959228516,0.117476880550385,0.0837658643722534,0.124665677547455,0.100807726383209,0.0616856217384338,0.0742692947387695,0.0631322264671326,0.167644739151001,0.0650544762611389,0.0663018822669983,0.0574265122413635,0.0460957288742065,0.0453301668167114,0.105162560939789,0.0583937168121338,0.0470932126045227,0.0694069862365723,0.0738597512245178,0.0503015518188477,0.0695205330848694,0.0598918795585632,0.0579543709754944,0.0424424409866333,0.0474317669868469,0.100498259067535,0.131738722324371,0.0375524759292603,0.0731568336486816,0.0971634984016418,0.0702602863311768,0.0127890706062317,0.0169764161109924,0.016635000705719,0.100716054439545,0.0742468237876892,0.0704859495162964,0.046142041683197,0.0730616450309753,0.00452780723571777,0.00740981101989746,0.024122953414917,0.0659921765327454,0.0380995273590088,0.101951360702515,0.0506663918495178,0.0908007621765137,0.0478439331054688,0.0245087742805481,0.0467978715896606,0.0594987273216248,0.0538381934165955,0.0306181907653809,0.0140915513038635,0.0480336546897888,0.0508586764335632,0.0154958963394165,0.0195274353027344,0.0789514183998108,0.047185480594635,0.00958734750747681,0.082482635974884,0.0123531222343445,0.0236324071884155,0.0316434502601624,0.00166720151901245,0.0341382026672363,0.00656360387802124,0.0599504113197327,0.0676253437995911,0.0150692462921143,0,0.000813961029052734,0.0744949579238892,0.0215107798576355,0.012687087059021,0.00284802913665771,0.0406660437583923,0.00828379392623901,0.00724232196807861,0.0153712630271912,0.00800395011901855,0.0120270848274231,0.0368719696998596
"34101035",0.126088261604309,0.132328033447266,0.0981352925300598,0.160091042518616,0.121112763881683,0.0940374732017517,0.0920260548591614,0.082599937915802,0.0936578512191772,0.12408035993576,0.137432932853699,0.167579770088196,0.070827305316925,0.175798952579498,0.113331496715546,0.0799437761306763,0.104915499687195,0.0906684398651123,0.110508620738983,0.0957711338996887,0.209407806396484,0.0897442698478699,0.112651944160461,0.0684752464294434,0.14814954996109,0.0609400272369385,0.0727003216743469,0.106312811374664,0.135166764259338,0.0705861449241638,0.0605314373970032,0.0993606448173523,0.0972617268562317,0.129588901996613,0.0912518501281738,0.101129710674286,0.0937570333480835,0.104314148426056,0.0500368475914001,0.0730810761451721,0.0772754549980164,0.0916929244995117,0.0909678339958191,0.121961414813995,0.0745896100997925,0.0506792664527893,0.0979918241500854,0.0672417879104614,0.0630584359169006,0.117849946022034,0.141336500644684,0.0746757984161377,0.0406509637832642,0.0427262187004089,0.120503664016724,0.0957655906677246,0.0920414924621582,0.0607365965843201,0.0242978930473328,0.0436165332794189,0.0382030010223389,0.0740224719047546,0.1106858253479,0.054110050201416,0.0612199902534485,0.0117971301078796,0.0770354866981506,0.0436779260635376,0.0387570261955261,0.0523884892463684,0.0654113292694092,0.0564333200454712,0.067212700843811,0.101856589317322,0.149286031723022,0.00735670328140259,0.0564793944358826,0.109725594520569,0.105593919754028,0.016889214515686,0.0201535224914551,0.0426723957061768,0.00404351949691772,0.00899279117584229,0.0113229155540466,0.063614547252655,0.0047835111618042,0.00871473550796509,0.000785350799560547,0.00849401950836182,0.0323477983474731,0.0419249534606934,0.000379443168640137,0.00945770740509033,0.0154649615287781,0.0555510520935059,0.0282555222511292,0.00935214757919312,0.00014263391494751,0.0506759881973267,0.0270320773124695,0.092609167098999,0.106520771980286,0.0653940439224243,0.0865691900253296,0.0324898958206177,0.059286892414093,0.0632054805755615,0.0754552483558655,0.0449366569519043,0.118290841579437,0.0845798254013062,0.125479638576508,0.101621687412262,0.0624995827674866,0.0750832557678223,0.0639461874961853,0.168458700180054,0.0658684372901917,0.067115843296051,0.0582404732704163,0.0469096899032593,0.0461441278457642,0.105976521968842,0.0592076778411865,0.0479071736335754,0.070220947265625,0.0746737122535706,0.0511155128479004,0.0703344941139221,0.060705840587616,0.0587683320045471,0.043256402015686,0.0482457280158997,0.101312220096588,0.132552683353424,0.038366436958313,0.0739707946777344,0.0979774594306946,0.0710742473602295,0.0136030316352844,0.0177903771400452,0.0174489617347717,0.101530015468597,0.0750607848167419,0.0712999105453491,0.0469560027122498,0.0738756060600281,0.00371384620666504,0.0082237720489502,0.0249369144439697,0.0668061375617981,0.0389134883880615,0.102765321731567,0.0514803528785706,0.0916147232055664,0.0486578941345215,0.0253227353096008,0.0476118326187134,0.0603126883506775,0.0546521544456482,0.0314321517944336,0.0132775902748108,0.0488476157188416,0.051672637462616,0.0163098573684692,0.0203413963317871,0.0797653794288635,0.0479994416236877,0.0104013085365295,0.0832965970039368,0.0131670832633972,0.0244463682174683,0.0324574112892151,0.000853240489959717,0.0349521636962891,0.00574964284896851,0.0607643723487854,0.0684393048286438,0.015883207321167,0.000813961029052734,0,0.0753089189529419,0.0223247408866882,0.0135010480880737,0.00366199016571045,0.0414800047874451,0.00746983289718628,0.00642836093902588,0.0145573019981384,0.00718998908996582,0.0128410458564758,0.0360580086708069
"34102025",0.0507793426513672,0.0570191144943237,0.0228263735771179,0.0847821235656738,0.0458038449287415,0.0187285542488098,0.0167171359062195,0.00729101896286011,0.0183489322662354,0.0487714409828186,0.0621240139007568,0.0922708511352539,0.00448161363601685,0.100490033626556,0.0380225777626038,0.00463485717773438,0.0296065807342529,0.0153595209121704,0.0351997017860413,0.0204622149467468,0.134098887443542,0.014435350894928,0.0373430252075195,0.00683367252349854,0.0728406310081482,0.0143688917160034,0.00260859727859497,0.0310038924217224,0.0598578453063965,0.00472277402877808,0.0147774815559387,0.0240517258644104,0.0219528079032898,0.0542799830436707,0.0159429311752319,0.025820791721344,0.0184481143951416,0.029005229473114,0.0252720713615417,0.00222784280776978,0.00196653604507446,0.0163840055465698,0.0156589150428772,0.0466524958610535,0.000719308853149414,0.0246296525001526,0.0226829051971436,0.00806713104248047,0.0122504830360413,0.0425410270690918,0.0660275816917419,0.000633120536804199,0.0346579551696777,0.032582700252533,0.0451947450637817,0.0204566717147827,0.0167325735092163,0.0145723223686218,0.0510110259056091,0.0316923856735229,0.037105917930603,0.00128644704818726,0.0353769063949585,0.0211988687515259,0.0140889286994934,0.0635117888450623,0.00172656774520874,0.0316309928894043,0.0365518927574158,0.0229204297065735,0.00989758968353271,0.0188755989074707,0.00809621810913086,0.0265476703643799,0.0739771127700806,0.0679522156715393,0.0188295245170593,0.034416675567627,0.0302850008010864,0.0584197044372559,0.0551553964614868,0.0326365232467651,0.0712653994560242,0.0663161277770996,0.0866318345069885,0.0116943717002869,0.0705254077911377,0.0665941834449768,0.0745235681533813,0.0668148994445801,0.0429611206054688,0.0333839654922485,0.0749294757843018,0.0658512115478516,0.0598439574241638,0.019757866859436,0.0470533967018127,0.084661066532135,0.0751662850379944,0.0246329307556152,0.0482768416404724,0.0173002481460571,0.0312118530273438,0.00991487503051758,0.0112602710723877,0.0428190231323242,0.0160220265388489,0.0121034383773804,0.000146329402923584,0.0303722620010376,0.0429819226264954,0.00927090644836426,0.0501707196235657,0.0263127684593201,0.0128093361854553,0.000225663185119629,0.0113627314567566,0.0931497812271118,0.00944048166275024,0.00819307565689087,0.0170684456825256,0.0283992290496826,0.0291647911071777,0.0306676030158997,0.0161012411117554,0.0274017453193665,0.00508797168731689,0.000635206699371338,0.0241934061050415,0.00497442483901978,0.0146030783653259,0.0165405869483948,0.0320525169372559,0.0270631909370422,0.0260033011436462,0.0572437644004822,0.0369424819946289,0.00133812427520752,0.0226685404777527,0.0042346715927124,0.0617058873176575,0.0575185418128967,0.0578599572181702,0.0262210965156555,0.000248134136199951,0.00400900840759277,0.0283529162406921,0.00143331289291382,0.0790227651596069,0.0670851469039917,0.0503720045089722,0.0085027813911438,0.0363954305648804,0.0274564027786255,0.0238285660743713,0.0163058042526245,0.0266510248184204,0.0499861836433411,0.0276970863342285,0.0149962306022644,0.0206567645072937,0.0438767671585083,0.0885865092277527,0.0264613032341003,0.0236362814903259,0.0589990615844727,0.0549675226211548,0.00445646047592163,0.0273094773292542,0.0649076104164124,0.00798767805099487,0.0621418356895447,0.0508625507354736,0.0428515076637268,0.0761621594429016,0.0403567552566528,0.0810585618019104,0.0145445466041565,0.0068696141242981,0.0594257116317749,0.0744949579238892,0.0753089189529419,0,0.0529841780662537,0.0618078708648682,0.0716469287872314,0.0338289141654968,0.0827787518501282,0.0817372798919678,0.0898662209510803,0.0824989080429077,0.0624678730964661,0.111366927623749
"34102026",0.103763520717621,0.110003292560577,0.0758105516433716,0.137766301631927,0.0987880229949951,0.0717127323150635,0.0697013139724731,0.0602751970291138,0.071333110332489,0.101755619049072,0.11510819196701,0.145255029201508,0.0485025644302368,0.15347421169281,0.0910067558288574,0.057619035243988,0.0825907588005066,0.0683436989784241,0.0881838798522949,0.0734463930130005,0.187083065509796,0.0674195289611816,0.0903272032737732,0.0461505055427551,0.125824809074402,0.0386152863502502,0.0503755807876587,0.0839880704879761,0.11284202337265,0.0482614040374756,0.0382066965103149,0.0770359039306641,0.0749369859695435,0.107264161109924,0.0689271092414856,0.0788049697875977,0.0714322924613953,0.0819894075393677,0.0277121067047119,0.0507563352584839,0.0549507141113281,0.0693681836128235,0.0686430931091309,0.0996366739273071,0.0522648692131042,0.0283545255661011,0.0756670832633972,0.0449170470237732,0.0407336950302124,0.0955252051353455,0.119011759757996,0.0523510575294495,0.0183262228965759,0.0204014778137207,0.0981789231300354,0.0734408497810364,0.06971675157547,0.0384118556976318,0.00197315216064453,0.0212917923927307,0.0158782601356506,0.0516977310180664,0.0883610844612122,0.0317853093147278,0.0388952493667603,0.0105276107788086,0.0547107458114624,0.0213531851768494,0.0164322853088379,0.0300637483596802,0.0430865883827209,0.034108579158783,0.0448879599571228,0.0795318484306335,0.126961290836334,0.0149680376052856,0.0341546535491943,0.0874008536338806,0.0832691788673401,0.0054355263710022,0.00217121839523315,0.0203476548194885,0.0182812213897705,0.0133319497108459,0.0336476564407349,0.0412898063659668,0.017541229724884,0.0136100053787231,0.0215393900871277,0.0138307213783264,0.0100230574607849,0.0196002125740051,0.0219452977180481,0.0128670334815979,0.00685977935791016,0.0332263112068176,0.00593078136444092,0.0316768884658813,0.0221821069717407,0.0283512473106384,0.00470733642578125,0.0702844262123108,0.0841960310935974,0.0430693030357361,0.0642444491386414,0.0101651549339294,0.0369621515274048,0.0408807396888733,0.0531305074691772,0.0226119160652161,0.095966100692749,0.0622550845146179,0.103154897689819,0.0792969465255737,0.0401748418807983,0.052758514881134,0.0416214466094971,0.146133959293365,0.0435436964035034,0.0447911024093628,0.035915732383728,0.024584949016571,0.0238193869590759,0.0836517810821533,0.0368829369544983,0.0255824327468872,0.0478962063789368,0.0523489713668823,0.0287907719612122,0.0480097532272339,0.0383810997009277,0.0364435911178589,0.0209316611289978,0.0259209871292114,0.0789874792098999,0.110227942466736,0.0160416960716248,0.0516460537910461,0.0756527185440063,0.0487495064735413,0.00872170925140381,0.00453436374664307,0.0048757791519165,0.0792052745819092,0.0527360439300537,0.0489751696586609,0.0246312618255615,0.0515508651733398,0.0260385870933533,0.014100968837738,0.00261217355728149,0.0444813966751099,0.0165887475013733,0.0804405808448792,0.0291556119918823,0.0692899823188782,0.0263331532478333,0.0029979944229126,0.0252870917320251,0.0379879474639893,0.03232741355896,0.00910741090774536,0.035602331161499,0.0265228748321533,0.0293478965759277,0.00601488351821899,0.00198334455490112,0.0574406385421753,0.0256747007369995,0.0119234323501587,0.0609718561172485,0.00915765762329102,0.00212162733078003,0.0101326704025269,0.0231779813766479,0.0126274228096008,0.0280743837356567,0.0384396314620972,0.0461145639419556,0.00644153356552124,0.0215107798576355,0.0223247408866882,0.0529841780662537,0,0.0088236927986145,0.0186627507209778,0.0191552639007568,0.0297945737838745,0.0287531018257141,0.0368820428848267,0.0295147299766541,0.0094836950302124,0.0583827495574951
"34102027",0.112587213516235,0.118826985359192,0.0846342444419861,0.146589994430542,0.10761171579361,0.080536425113678,0.0785250067710876,0.0690988898277283,0.0801568031311035,0.110579311847687,0.123931884765625,0.154078722000122,0.0573262572288513,0.162297904491425,0.0998304486274719,0.0664427280426025,0.0914144515991211,0.0771673917770386,0.0970075726509094,0.082270085811615,0.195906758308411,0.0762432217597961,0.0991508960723877,0.0549741983413696,0.134648501873016,0.0474389791488647,0.0591992735862732,0.0928117632865906,0.121665716171265,0.0570850968360901,0.0470303893089294,0.0858595967292786,0.083760678768158,0.116087853908539,0.0777508020401001,0.0876286625862122,0.0802559852600098,0.0908131003379822,0.0365357995033264,0.0595800280570984,0.0637744069099426,0.078191876411438,0.0774667859077454,0.108460366725922,0.0610885620117188,0.0371782183647156,0.0844907760620117,0.0537407398223877,0.0495573878288269,0.10434889793396,0.12783545255661,0.061174750328064,0.0271499156951904,0.0292251706123352,0.10700261592865,0.0822645425796509,0.0785404443740845,0.0472355484962463,0.010796844959259,0.0301154851913452,0.0247019529342651,0.0605214238166809,0.0971847772598267,0.0406090021133423,0.0477189421653748,0.00170391798019409,0.0635344386100769,0.0301768779754639,0.0252559781074524,0.0388874411582947,0.0519102811813354,0.0429322719573975,0.0537116527557373,0.088355541229248,0.135784983634949,0.00614434480667114,0.0429783463478088,0.0962245464324951,0.0920928716659546,0.0033881664276123,0.00665247440338135,0.029171347618103,0.00945752859115601,0.00450825691223145,0.0248239636421204,0.0501134991645813,0.00871753692626953,0.00478631258010864,0.0127156972885132,0.00500702857971191,0.0188467502593994,0.0284239053726196,0.0131216049194336,0.0040433406829834,0.00196391344070435,0.0420500040054321,0.0147544741630554,0.0228531956672668,0.0133584141731262,0.0371749401092529,0.0135310292243958,0.0791081190109253,0.0930197238922119,0.0518929958343506,0.0730681419372559,0.0189888477325439,0.0457858443260193,0.0497044324874878,0.0619542002677917,0.0314356088638306,0.104789793491364,0.0710787773132324,0.111978590488434,0.0881206393241882,0.0489985346794128,0.0615822076797485,0.0504451394081116,0.15495765209198,0.0523673892021179,0.0536147952079773,0.0447394251823425,0.0334086418151855,0.0326430797576904,0.0924754738807678,0.0457066297531128,0.0344061255455017,0.0567198991775513,0.0611726641654968,0.0376144647598267,0.0568334460258484,0.0472047924995422,0.0452672839164734,0.0297553539276123,0.0347446799278259,0.0878111720085144,0.11905163526535,0.0248653888702393,0.0604697465896606,0.0844764113426208,0.0575731992721558,0.000101983547210693,0.00428932905197144,0.003947913646698,0.0880289673805237,0.0615597367286682,0.0577988624572754,0.033454954624176,0.0603745579719543,0.0172148942947388,0.00527727603912354,0.011435866355896,0.0533050894737244,0.0254124402999878,0.0892642736434937,0.0379793047904968,0.0781136751174927,0.0351568460464478,0.0118216872215271,0.0341107845306396,0.0468116402626038,0.0411511063575745,0.0179311037063599,0.0267786383628845,0.0353465676307678,0.0381715893745422,0.00280880928039551,0.00684034824371338,0.0662643313407898,0.034498393535614,0.00309973955154419,0.069795548915863,0.000333964824676514,0.0109453201293945,0.0189563632011414,0.0143542885780334,0.0214511156082153,0.0192506909370422,0.0472633242607117,0.0549382567405701,0.00238215923309326,0.012687087059021,0.0135010480880737,0.0618078708648682,0.0088236927986145,0,0.00983905792236328,0.0279789566993713,0.02097088098526,0.0199294090270996,0.0280583500862122,0.0206910371780396,0.0006600022315979,0.0495590567588806
"34102029",0.122426271438599,0.128666043281555,0.0944733023643494,0.156429052352905,0.117450773715973,0.0903754830360413,0.0883640646934509,0.0789379477500916,0.0899958610534668,0.12041836977005,0.133770942687988,0.163917779922485,0.0671653151512146,0.172136962413788,0.109669506549835,0.0762817859649658,0.101253509521484,0.0870064496994019,0.106846630573273,0.0921091437339783,0.205745816230774,0.0860822796821594,0.108989953994751,0.0648132562637329,0.14448755979538,0.057278037071228,0.0690383315086365,0.102650821208954,0.131504774093628,0.0669241547584534,0.0568694472312927,0.0956986546516418,0.0935997366905212,0.125926911830902,0.0875898599624634,0.0974677205085754,0.090095043182373,0.100652158260345,0.0463748574256897,0.0694190859794617,0.0736134648323059,0.0880309343338013,0.0873058438301086,0.118299424648285,0.070927619934082,0.0470172762870789,0.094329833984375,0.063579797744751,0.0593964457511902,0.114187955856323,0.137674510478973,0.0710138082504272,0.0369889736175537,0.0390642285346985,0.116841673851013,0.0921036005020142,0.0883795022964478,0.0570746064186096,0.0206359028816223,0.0399545431137085,0.0345410108566284,0.0703604817390442,0.10702383518219,0.0504480600357056,0.057558000087738,0.00813513994216919,0.0733734965324402,0.0400159358978271,0.0350950360298157,0.048726499080658,0.0617493391036987,0.0527713298797607,0.0635507106781006,0.0981945991516113,0.145624041557312,0.00369471311569214,0.0528174042701721,0.106063604354858,0.101931929588318,0.0132272243499756,0.0164915323257446,0.0390104055404663,0.000381529331207275,0.00533080101013184,0.0149849057197571,0.0599525570869446,0.00112152099609375,0.00505274534225464,0.0028766393661499,0.00483202934265137,0.0286858081817627,0.0382629632949829,0.00328254699707031,0.00579571723937988,0.0118029713630676,0.0518890619277954,0.0245935320854187,0.0130141377449036,0.00351935625076294,0.0470139980316162,0.023370087146759,0.0889471769332886,0.102858781814575,0.0617320537567139,0.0829071998596191,0.0288279056549072,0.0556249022483826,0.0595434904098511,0.071793258190155,0.0412746667861938,0.114628851413727,0.0809178352355957,0.121817648410797,0.0979596972465515,0.0588375926017761,0.0714212656021118,0.0602841973304749,0.164796710014343,0.0622064471244812,0.0634538531303406,0.0545784831047058,0.0432476997375488,0.0424821376800537,0.102314531803131,0.0555456876754761,0.044245183467865,0.0665589570999146,0.0710117220878601,0.0474535226821899,0.0666725039482117,0.0570438504219055,0.0551063418388367,0.0395944118499756,0.0445837378501892,0.0976502299308777,0.128890693187714,0.0347044467926025,0.0703088045120239,0.0943154692649841,0.067412257194519,0.00994104146957397,0.0141283869743347,0.0137869715690613,0.097868025302887,0.0713987946510315,0.0676379203796387,0.0432940125465393,0.0702136158943176,0.00737583637237549,0.00456178188323975,0.0212749242782593,0.0631441473960876,0.0352514982223511,0.0991033315658569,0.0478183627128601,0.087952733039856,0.044995903968811,0.0216607451438904,0.0439498424530029,0.056650698184967,0.0509901642799377,0.0277701616287231,0.0169395804405212,0.0451856255531311,0.0480106472969055,0.0126478672027588,0.0166794061660767,0.0761033892631531,0.0443374514579773,0.00673931837081909,0.0796346068382263,0.00950509309768677,0.0207843780517578,0.0287954211235046,0.00451523065567017,0.0312901735305786,0.00941163301467896,0.057102382183075,0.0647773146629333,0.0122212171554565,0.00284802913665771,0.00366199016571045,0.0716469287872314,0.0186627507209778,0.00983905792236328,0,0.0378180146217346,0.0111318230628967,0.0100903511047363,0.0182192921638489,0.0108519792556763,0.00917905569076538,0.0397199988365173
"34102030",0.084608256816864,0.0908480286598206,0.0566552877426147,0.118611037731171,0.0796327590942383,0.0525574684143066,0.0505460500717163,0.0411199331283569,0.0521778464317322,0.0826003551483154,0.0959529280662537,0.126099765300751,0.02934730052948,0.134318947792053,0.0718514919281006,0.0384637713432312,0.0634354948997498,0.0491884350776672,0.0690286159515381,0.0542911291122437,0.167927801609039,0.0482642650604248,0.0711719393730164,0.0269952416419983,0.106669545173645,0.0194600224494934,0.0312203168869019,0.0648328065872192,0.0936867594718933,0.0291061401367188,0.0190514326095581,0.0578806400299072,0.0557817220687866,0.0881088972091675,0.0497718453407288,0.0596497058868408,0.0522770285606384,0.0628341436386108,0.00855684280395508,0.0316010713577271,0.0357954502105713,0.0502129197120667,0.049487829208374,0.0804814100265503,0.0331096053123474,0.00919926166534424,0.0565118193626404,0.0257617831230164,0.0215784311294556,0.0763699412345886,0.0998564958572388,0.0331957936286926,0.000829041004180908,0.00124621391296387,0.0790236592292786,0.0542855858802795,0.0505614876747131,0.019256591796875,0.0171821117401123,0.00213652849197388,0.0032770037651062,0.0325424671173096,0.0692058205604553,0.0126300454139709,0.0197399854660034,0.0296828746795654,0.0355554819107056,0.00219792127609253,0.00272297859191895,0.0109084844589233,0.0239313244819641,0.0149533152580261,0.025732696056366,0.0603765845298767,0.107806026935577,0.0341233015060425,0.0149993896484375,0.0682455897331238,0.0641139149665833,0.024590790271759,0.02132648229599,0.00119239091873169,0.0374364852905273,0.0324872136116028,0.0528029203414917,0.02213454246521,0.0366964936256409,0.03276526927948,0.0406946539878845,0.0329859852790833,0.00913220643997192,0.000444948673248291,0.0411005616188049,0.0320222973823547,0.026015043258667,0.0140710473060608,0.0132244825363159,0.0508321523666382,0.0413373708724976,0.00919598340988159,0.0144479274749756,0.051129162311554,0.0650407671928406,0.0239140391349792,0.0450891852378845,0.00899010896682739,0.0178068876266479,0.0217254757881165,0.0339752435684204,0.00345665216445923,0.0768108367919922,0.0430998206138611,0.0839996337890625,0.0601416826248169,0.0210195779800415,0.0336032509803772,0.0224661827087402,0.126978695392609,0.0243884325027466,0.025635838508606,0.0167604684829712,0.00542968511581421,0.00466412305831909,0.0644965171813965,0.0177276730537415,0.00642716884613037,0.0287409424781799,0.0331937074661255,0.00963550806045532,0.0288544893264771,0.0192258358001709,0.0172883272171021,0.00177639722824097,0.00676572322845459,0.0598322153091431,0.091072678565979,0.00311356782913208,0.0324907898902893,0.0564974546432495,0.0295942425727844,0.0278769731521606,0.0236896276473999,0.0240310430526733,0.0600500106811523,0.0335807800292969,0.0298199057579041,0.00547599792480469,0.032395601272583,0.0451938509941101,0.0332562327384949,0.0165430903434753,0.025326132774353,0.00256651639938354,0.0612853169441223,0.0100003480911255,0.0501347184181213,0.00717788934707642,0.0161572694778442,0.00613182783126831,0.0188326835632324,0.0131721496582031,0.0100478529930115,0.0547575950622559,0.00736761093139648,0.0101926326751709,0.0251701474189758,0.021138608455658,0.0382853746414185,0.00651943683624268,0.0310786962509155,0.0418165922164917,0.0283129215240479,0.0170336365699768,0.00902259349822998,0.0423332452774048,0.00652784109115601,0.0472296476364136,0.0192843675613403,0.0269593000411987,0.0255967974662781,0.0406660437583923,0.0414800047874451,0.0338289141654968,0.0191552639007568,0.0279789566993713,0.0378180146217346,0,0.0489498376846313,0.0479083657264709,0.0560373067855835,0.0486699938774109,0.0286389589309692,0.077538013458252
"34102035",0.133558094501495,0.139797866344452,0.105605125427246,0.167560875415802,0.12858259677887,0.101507306098938,0.0994958877563477,0.0900697708129883,0.101127684116364,0.131550192832947,0.144902765750885,0.175049602985382,0.0782971382141113,0.183268785476685,0.120801329612732,0.0874136090278625,0.112385332584381,0.0981382727622986,0.117978453636169,0.103240966796875,0.216877639293671,0.0972141027450562,0.120121777057648,0.0759450793266296,0.155619382858276,0.0684098601341248,0.0801701545715332,0.113782644271851,0.142636597156525,0.0780559778213501,0.0680012702941895,0.106830477714539,0.104731559753418,0.137058734893799,0.0987216830253601,0.108599543571472,0.10122686624527,0.111783981323242,0.0575066804885864,0.0805509090423584,0.0847452878952026,0.099162757396698,0.0984376668930054,0.129431247711182,0.0820594429969788,0.0581490993499756,0.105461657047272,0.0747116208076477,0.0705282688140869,0.12531977891922,0.14880633354187,0.082145631313324,0.0481207966804504,0.0501960515975952,0.12797349691391,0.103235423564911,0.0995113253593445,0.0682064294815063,0.031767725944519,0.0510863661766052,0.0456728339195251,0.0814923048019409,0.118155658245087,0.0615798830986023,0.0686898231506348,0.0192669630050659,0.0845053195953369,0.0511477589607239,0.0462268590927124,0.0598583221435547,0.0728811621665955,0.0639031529426575,0.0746825337409973,0.109326422214508,0.156755864620209,0.0148265361785889,0.0639492273330688,0.117195427417755,0.113063752651215,0.0243590474128723,0.0276233553886414,0.050142228603363,0.011513352394104,0.0164626240730286,0.00385308265686035,0.0710843801498413,0.0122533440589905,0.0161845684051514,0.00825518369674683,0.0159638524055481,0.0398176312446594,0.0493947863578796,0.00784927606582642,0.0169275403022766,0.0229347944259644,0.0630208849906921,0.0357253551483154,0.00188231468200684,0.00761246681213379,0.0581458210945129,0.0345019102096558,0.100078999996185,0.113990604877472,0.0728638768196106,0.0940390229225159,0.039959728717804,0.0667567253112793,0.0706753134727478,0.0829250812530518,0.0524064898490906,0.125760674476624,0.0920496582984924,0.132949471473694,0.109091520309448,0.0699694156646729,0.0825530886650085,0.0714160203933716,0.17592853307724,0.0733382701873779,0.0745856761932373,0.0657103061676025,0.0543795228004456,0.0536139607429504,0.113446354866028,0.0666775107383728,0.0553770065307617,0.0776907801628113,0.0821435451507568,0.0585853457450867,0.0778043270111084,0.0681756734848022,0.0662381649017334,0.0507262349128723,0.0557155609130859,0.108782052993774,0.14002251625061,0.0458362698554993,0.0814406275749207,0.105447292327881,0.0785440802574158,0.0210728645324707,0.0252602100372314,0.024918794631958,0.108999848365784,0.0825306177139282,0.0787697434425354,0.054425835609436,0.0813454389572144,0.00375598669052124,0.0156936049461365,0.032406747341156,0.0742759704589844,0.0463833212852478,0.110235154628754,0.0589501857757568,0.0990845561027527,0.0561277270317078,0.0327925682067871,0.0550816655158997,0.0677825212478638,0.0621219873428345,0.0389019846916199,0.00580775737762451,0.0563174486160278,0.0591424703598022,0.0237796902656555,0.0278112292289734,0.0872352123260498,0.055469274520874,0.0178711414337158,0.090766429901123,0.0206369161605835,0.0319162011146545,0.0399272441864014,0.00661659240722656,0.0424219965934753,0.00172019004821777,0.0682342052459717,0.0759091377258301,0.0233530402183533,0.00828379392623901,0.00746983289718628,0.0827787518501282,0.0297945737838745,0.02097088098526,0.0111318230628967,0.0489498376846313,0,0.0010414719581604,0.00708746910095215,0.000279843807220459,0.0203108787536621,0.0285881757736206
"34102036",0.132516622543335,0.138756394386292,0.104563653469086,0.166519403457642,0.127541124820709,0.100465834140778,0.0984544157981873,0.0890282988548279,0.100086212158203,0.130508720874786,0.143861293792725,0.174008131027222,0.0772556662559509,0.182227313518524,0.119759857654572,0.0863721370697021,0.111343860626221,0.0970968008041382,0.116936981678009,0.102199494838715,0.21583616733551,0.0961726307868958,0.119080305099487,0.0749036073684692,0.154577910900116,0.0673683881759644,0.0791286826133728,0.11274117231369,0.141595125198364,0.0770145058631897,0.0669597983360291,0.105789005756378,0.103690087795258,0.136017262935638,0.0976802110671997,0.107558071613312,0.100185394287109,0.110742509365082,0.056465208530426,0.079509437084198,0.0837038159370422,0.0981212854385376,0.097396194934845,0.128389775753021,0.0810179710388184,0.0571076273918152,0.104420185089111,0.0736701488494873,0.0694867968559265,0.12427830696106,0.14776486158371,0.0811041593551636,0.04707932472229,0.0491545796394348,0.12693202495575,0.10219395160675,0.0984698534011841,0.0671649575233459,0.0307262539863586,0.0500448942184448,0.0446313619613647,0.0804508328437805,0.117114186286926,0.0605384111404419,0.0676483511924744,0.0182254910469055,0.0834638476371765,0.0501062870025635,0.045185387134552,0.0588168501853943,0.0718396902084351,0.0628616809844971,0.0736410617828369,0.108284950256348,0.155714392662048,0.0137850642204285,0.0629077553749084,0.116153955459595,0.112022280693054,0.0233175754547119,0.026581883430481,0.0491007566452026,0.0104718804359436,0.0154211521148682,0.00489455461502075,0.0700429081916809,0.0112118721008301,0.015143096446991,0.00721371173858643,0.0149223804473877,0.038776159286499,0.0483533143997192,0.00680780410766602,0.0158860683441162,0.021893322467804,0.0619794130325317,0.034683883190155,0.00292378664016724,0.00657099485397339,0.0571043491363525,0.0334604382514954,0.0990375280380249,0.112949132919312,0.0718224048614502,0.0929975509643555,0.0389182567596436,0.0657152533531189,0.0696338415145874,0.0818836092948914,0.0513650178909302,0.124719202518463,0.091008186340332,0.131907999515533,0.108050048351288,0.0689279437065125,0.0815116167068481,0.0703745484352112,0.17488706111908,0.0722967982292175,0.0735442042350769,0.0646688342094421,0.0533380508422852,0.05257248878479,0.112404882907867,0.0656360387802124,0.0543355345726013,0.0766493082046509,0.0811020731925964,0.0575438737869263,0.076762855052948,0.0671342015266418,0.065196692943573,0.0496847629547119,0.0546740889549255,0.107740581035614,0.13898104429245,0.0447947978973389,0.0803991556167603,0.10440582036972,0.0775026082992554,0.0200313925743103,0.024218738079071,0.0238773226737976,0.107958376407623,0.0814891457557678,0.077728271484375,0.0533843636512756,0.080303966999054,0.00271451473236084,0.0146521329879761,0.0313652753829956,0.073234498500824,0.0453418493270874,0.109193682670593,0.0579087138175964,0.0980430841445923,0.0550862550735474,0.0317510962486267,0.0540401935577393,0.0667410492897034,0.0610805153846741,0.0378605127334595,0.00684922933578491,0.0552759766578674,0.0581009984016418,0.0227382183074951,0.026769757270813,0.0861937403678894,0.0544278025627136,0.0168296694755554,0.0897249579429626,0.0195954442024231,0.0308747291564941,0.038885772228241,0.00557512044906616,0.0413805246353149,0.000678718090057373,0.0671927332878113,0.0748676657676697,0.0223115682601929,0.00724232196807861,0.00642836093902588,0.0817372798919678,0.0287531018257141,0.0199294090270996,0.0100903511047363,0.0479083657264709,0.0010414719581604,0,0.00812894105911255,0.000761628150939941,0.0192694067955017,0.029629647731781
"34102037",0.140645563602448,0.146885335445404,0.112692594528198,0.174648344516754,0.135670065879822,0.10859477519989,0.1065833568573,0.0971572399139404,0.108215153217316,0.138637661933899,0.151990234851837,0.182137072086334,0.0853846073150635,0.190356254577637,0.127888798713684,0.0945010781288147,0.119472801685333,0.105225741863251,0.125065922737122,0.110328435897827,0.223965108394623,0.104301571846008,0.1272092461586,0.0830325484275818,0.162706851959229,0.0754973292350769,0.0872576236724854,0.120870113372803,0.149724066257477,0.0851434469223022,0.0750887393951416,0.113917946815491,0.11181902885437,0.144146203994751,0.105809152126312,0.115687012672424,0.108314335346222,0.118871450424194,0.0645941495895386,0.0876383781433105,0.0918327569961548,0.10625022649765,0.105525135993958,0.136518716812134,0.0891469120979309,0.0652365684509277,0.112549126148224,0.0817990899085999,0.0776157379150391,0.132407248020172,0.155893802642822,0.0892331004142761,0.0552082657814026,0.0572835206985474,0.135060966014862,0.110322892665863,0.106598794460297,0.0752938985824585,0.0388551950454712,0.0581738352775574,0.0527603030204773,0.0885797739028931,0.125243127346039,0.0686673521995544,0.0757772922515869,0.0263544321060181,0.0915927886962891,0.058235228061676,0.0533143281936646,0.0669457912445068,0.0799686312675476,0.0709906220436096,0.0817700028419495,0.11641389131546,0.163843333721161,0.021914005279541,0.071036696434021,0.124282896518707,0.120151221752167,0.0314465165138245,0.0347108244895935,0.0572296977043152,0.0186008214950562,0.0235500931739807,0.0032343864440918,0.0781718492507935,0.0193408131599426,0.0232720375061035,0.015342652797699,0.0230513215065002,0.0469051003456116,0.0564822554588318,0.0149367451667786,0.0240150094032288,0.0300222635269165,0.0701083540916443,0.0428128242492676,0.00520515441894531,0.0146999359130859,0.0652332901954651,0.0415893793106079,0.107166469097137,0.121078073978424,0.0799513459205627,0.101126492023468,0.0470471978187561,0.0738441944122314,0.0777627825737,0.0900125503540039,0.0594939589500427,0.132848143577576,0.0991371273994446,0.140036940574646,0.1161789894104,0.077056884765625,0.0896405577659607,0.0785034894943237,0.183016002178192,0.0804257392883301,0.0816731452941895,0.0727977752685547,0.0614669919013977,0.0607014298439026,0.12053382396698,0.073764979839325,0.0624644756317139,0.0847782492637634,0.089231014251709,0.0656728148460388,0.0848917961120605,0.0752631425857544,0.0733256340026855,0.0578137040138245,0.0628030300140381,0.115869522094727,0.147109985351562,0.0529237389564514,0.0885280966758728,0.112534761428833,0.0856315493583679,0.0281603336334229,0.0323476791381836,0.0320062637329102,0.116087317466736,0.0896180868148804,0.0858572125434875,0.0615133047103882,0.0884329080581665,0.0108434557914734,0.0227810740470886,0.0394942164421082,0.0813634395599365,0.0534707903862,0.117322623729706,0.066037654876709,0.106172025203705,0.0632151961326599,0.0398800373077393,0.0621691346168518,0.0748699903488159,0.0692094564437866,0.045989453792572,0.00127971172332764,0.06340491771698,0.0662299394607544,0.0308671593666077,0.0348986983299255,0.094322681427002,0.0625567436218262,0.024958610534668,0.0978538990020752,0.0277243852615356,0.0390036702156067,0.0470147132873535,0.0137040615081787,0.0495094656944275,0.00880765914916992,0.0753216743469238,0.0829966068267822,0.0304405093193054,0.0153712630271912,0.0145573019981384,0.0898662209510803,0.0368820428848267,0.0280583500862122,0.0182192921638489,0.0560373067855835,0.00708746910095215,0.00812894105911255,0,0.00736731290817261,0.0273983478546143,0.0215007066726685
"34103027",0.133278250694275,0.139518022537231,0.105325281620026,0.167281031608582,0.128302752971649,0.101227462291718,0.0992160439491272,0.0897899270057678,0.100847840309143,0.131270349025726,0.144622921943665,0.174769759178162,0.0780172944068909,0.182988941669464,0.120521485805511,0.0871337652206421,0.112105488777161,0.0978584289550781,0.117698609828949,0.102961122989655,0.21659779548645,0.0969342589378357,0.119841933250427,0.0756652355194092,0.155339539051056,0.0681300163269043,0.0798903107643127,0.11350280046463,0.142356753349304,0.0777761340141296,0.067721426486969,0.106550633907318,0.104451715946198,0.136778891086578,0.0984418392181396,0.108319699764252,0.100947022438049,0.111504137516022,0.057226836681366,0.0802710652351379,0.0844654440879822,0.0988829135894775,0.0981578230857849,0.129151403903961,0.0817795991897583,0.0578692555427551,0.105181813240051,0.0744317770004272,0.0702484250068665,0.125039935112,0.14852648973465,0.0818657875061035,0.04784095287323,0.0499162077903748,0.127693653106689,0.10295557975769,0.099231481552124,0.0679265856742859,0.0314878821372986,0.0508065223693848,0.0453929901123047,0.0812124609947205,0.117875814437866,0.0613000392913818,0.0684099793434143,0.0189871191978455,0.0842254757881165,0.0508679151535034,0.0459470152854919,0.0595784783363342,0.072601318359375,0.063623309135437,0.0744026899337769,0.109046578407288,0.156476020812988,0.0145466923713684,0.0636693835258484,0.116915583610535,0.112783908843994,0.0240792036056519,0.0273435115814209,0.0498623847961426,0.0112335085868835,0.0161827802658081,0.00413292646408081,0.0708045363426208,0.01197350025177,0.0159047245979309,0.00797533988952637,0.0156840085983276,0.039537787437439,0.0491149425506592,0.00756943225860596,0.0166476964950562,0.0226549506187439,0.0627410411834717,0.035445511341095,0.00216215848922729,0.00733262300491333,0.0578659772872925,0.0342220664024353,0.0997991561889648,0.113710761070251,0.0725840330123901,0.0937591791152954,0.0396798849105835,0.0664768815040588,0.0703954696655273,0.0826452374458313,0.0521266460418701,0.125480830669403,0.091769814491272,0.132669627666473,0.108811676502228,0.0696895718574524,0.0822732448577881,0.0711361765861511,0.17564868927002,0.0730584263801575,0.0743058323860168,0.0654304623603821,0.0540996789932251,0.05333411693573,0.113166511058807,0.0663976669311523,0.0550971627235413,0.0774109363555908,0.0818637013435364,0.0583055019378662,0.0775244832038879,0.0678958296775818,0.0659583210945129,0.0504463911056519,0.0554357171058655,0.108502209186554,0.13974267244339,0.0455564260482788,0.0811607837677002,0.10516744852066,0.0782642364501953,0.0207930207252502,0.024980366230011,0.0246389508247375,0.108720004558563,0.0822507739067078,0.0784898996353149,0.0541459918022156,0.0810655951499939,0.00347614288330078,0.015413761138916,0.0321269035339355,0.0739961266517639,0.0461034774780273,0.109955310821533,0.0586703419685364,0.0988047122955322,0.0558478832244873,0.0325127243995667,0.0548018217086792,0.0675026774406433,0.061842143535614,0.0386221408843994,0.00608760118484497,0.0560376048088074,0.0588626265525818,0.0234998464584351,0.0275313854217529,0.0869553685188293,0.0551894307136536,0.0175912976264954,0.0904865860939026,0.020357072353363,0.0316363573074341,0.0396474003791809,0.0063367486000061,0.0421421527862549,0.00144034624099731,0.0679543614387512,0.0756292939186096,0.0230731964111328,0.00800395011901855,0.00718998908996582,0.0824989080429077,0.0295147299766541,0.0206910371780396,0.0108519792556763,0.0486699938774109,0.000279843807220459,0.000761628150939941,0.00736731290817261,0,0.0200310349464417,0.0288680195808411
"34103032",0.113247215747833,0.11948698759079,0.085294246673584,0.14724999666214,0.108271718025208,0.0811964273452759,0.0791850090026855,0.0697588920593262,0.0808168053627014,0.111239314079285,0.124591886997223,0.15473872423172,0.0579862594604492,0.162957906723022,0.10049045085907,0.0671027302742004,0.092074453830719,0.0778273940086365,0.0976675748825073,0.0829300880432129,0.196566760540009,0.076903223991394,0.0998108983039856,0.0556342005729675,0.135308504104614,0.0480989813804626,0.0598592758178711,0.0934717655181885,0.122325718402863,0.057745099067688,0.0476903915405273,0.0865195989608765,0.0844206809997559,0.116747856140137,0.078410804271698,0.0882886648178101,0.0809159874916077,0.0914731025695801,0.0371958017349243,0.0602400302886963,0.0644344091415405,0.0788518786430359,0.0781267881393433,0.10912036895752,0.0617485642433167,0.0378382205963135,0.0851507782936096,0.0544007420539856,0.0502173900604248,0.105008900165558,0.128495454788208,0.0618347525596619,0.0278099179267883,0.0298851728439331,0.107662618160248,0.0829245448112488,0.0792004466056824,0.0478955507278442,0.0114568471908569,0.0307754874229431,0.025361955165863,0.0611814260482788,0.0978447794914246,0.0412690043449402,0.0483789443969727,0.00104391574859619,0.0641944408416748,0.0308368802070618,0.0259159803390503,0.0395474433898926,0.0525702834129333,0.0435922741889954,0.0543716549873352,0.0890155434608459,0.136444985866547,0.00548434257507324,0.0436383485794067,0.096884548664093,0.0927528738975525,0.00404816865921021,0.00731247663497925,0.0298313498497009,0.00879752635955811,0.00384825468063354,0.0241639614105225,0.0507735013961792,0.00805753469467163,0.00412631034851074,0.0120556950569153,0.00434702634811401,0.0195067524909973,0.0290839076042175,0.0124616026878357,0.0033833384513855,0.00262391567230225,0.04271000623703,0.0154144763946533,0.0221931934356689,0.0126984119415283,0.0378349423408508,0.0141910314559937,0.0797681212425232,0.0936797261238098,0.0525529980659485,0.0737281441688538,0.0196488499641418,0.0464458465576172,0.0503644347190857,0.0626142024993896,0.0320956110954285,0.105449795722961,0.0717387795448303,0.112638592720032,0.0887806415557861,0.0496585369110107,0.0622422099113464,0.0511051416397095,0.155617654323578,0.0530273914337158,0.0542747974395752,0.0453994274139404,0.0340686440467834,0.0333030819892883,0.0931354761123657,0.0463666319847107,0.0350661277770996,0.0573799014091492,0.0618326663970947,0.0382744669914246,0.0574934482574463,0.0478647947311401,0.0459272861480713,0.0304153561592102,0.0354046821594238,0.0884711742401123,0.119711637496948,0.0255253911018372,0.0611297488212585,0.0851364135742188,0.0582332015037537,0.000761985778808594,0.00494933128356934,0.0046079158782959,0.0886889696121216,0.0622197389602661,0.0584588646888733,0.0341149568557739,0.0610345602035522,0.0165548920631409,0.00461727380752563,0.0120958685874939,0.0539650917053223,0.0260724425315857,0.0899242758750916,0.0386393070220947,0.0787736773490906,0.0358168482780457,0.012481689453125,0.0347707867622375,0.0474716424942017,0.0418111085891724,0.0185911059379578,0.0261186361312866,0.0360065698623657,0.0388315916061401,0.00346881151199341,0.00750035047531128,0.0669243335723877,0.0351583957672119,0.00243973731994629,0.0704555511474609,0.000326037406921387,0.0116053223609924,0.0196163654327393,0.0136942863464355,0.0221111178398132,0.0185906887054443,0.0479233264923096,0.055598258972168,0.00304216146469116,0.0120270848274231,0.0128410458564758,0.0624678730964661,0.0094836950302124,0.0006600022315979,0.00917905569076538,0.0286389589309692,0.0203108787536621,0.0192694067955017,0.0273983478546143,0.0200310349464417,0,0.0488990545272827
"34103039",0.162146270275116,0.168386042118073,0.134193301200867,0.196149051189423,0.15717077255249,0.130095481872559,0.128084063529968,0.118657946586609,0.129715859889984,0.160138368606567,0.173490941524506,0.203637778759003,0.106885313987732,0.211856961250305,0.149389505386353,0.116001784801483,0.140973508358002,0.126726448535919,0.14656662940979,0.131829142570496,0.245465815067291,0.125802278518677,0.148709952831268,0.10453325510025,0.184207558631897,0.0969980359077454,0.108758330345154,0.142370820045471,0.171224772930145,0.106644153594971,0.0965894460678101,0.135418653488159,0.133319735527039,0.165646910667419,0.127309858798981,0.137187719345093,0.12981504201889,0.140372157096863,0.086094856262207,0.109139084815979,0.113333463668823,0.127750933170319,0.127025842666626,0.158019423484802,0.110647618770599,0.0867372751235962,0.134049832820892,0.103299796581268,0.0991164445877075,0.153907954692841,0.177394509315491,0.110733807086945,0.076708972454071,0.0787842273712158,0.156561672687531,0.131823599338531,0.128099501132965,0.096794605255127,0.0603559017181396,0.0796745419502258,0.0742610096931458,0.110080480575562,0.146743834018707,0.0901680588722229,0.0972779989242554,0.0478551387786865,0.113093495368958,0.0797359347343445,0.074815034866333,0.0884464979171753,0.101469337940216,0.0924913287162781,0.103270709514618,0.137914597988129,0.185344040393829,0.0434147119522095,0.0925374031066895,0.145783603191376,0.141651928424835,0.0529472231864929,0.056211531162262,0.0787304043769836,0.0401015281677246,0.0450507998466492,0.0247350931167603,0.0996725559234619,0.0408415198326111,0.044772744178772,0.0368433594703674,0.0445520281791687,0.06840580701828,0.0779829621315002,0.036437451839447,0.0455157160758972,0.051522970199585,0.0916090607643127,0.064313530921936,0.0267058610916138,0.0362006425857544,0.0867339968681335,0.0630900859832764,0.128667175769806,0.142578780651093,0.101452052593231,0.122627198696136,0.0685479044914246,0.0953449010848999,0.0992634892463684,0.111513257026672,0.0809946656227112,0.154348850250244,0.120637834072113,0.161537647247314,0.137679696083069,0.0985575914382935,0.111141264438629,0.100004196166992,0.204516708850861,0.101926445960999,0.103173851966858,0.0942984819412231,0.0829676985740662,0.082202136516571,0.142034530639648,0.0952656865119934,0.0839651823043823,0.106278955936432,0.110731720924377,0.0871735215187073,0.106392502784729,0.0967638492584229,0.094826340675354,0.0793144106864929,0.0843037366867065,0.137370228767395,0.168610692024231,0.0744244456291199,0.110028803348541,0.134035468101501,0.107132256031036,0.0496610403060913,0.0538483858108521,0.0535069704055786,0.137588024139404,0.111118793487549,0.107357919216156,0.0830140113830566,0.109933614730835,0.0323441624641418,0.0442817807197571,0.0609949231147766,0.102864146232605,0.0749714970588684,0.138823330402374,0.0875383615493774,0.127672731876373,0.0847159028053284,0.0613807439804077,0.0836698412895203,0.0963706970214844,0.0907101631164551,0.0674901604652405,0.0227804183959961,0.0849056243896484,0.0877306461334229,0.0523678660392761,0.056399405002594,0.11582338809967,0.0840574502944946,0.0464593172073364,0.119354605674744,0.0492250919342041,0.0605043768882751,0.068515419960022,0.0352047681808472,0.0710101723670959,0.0303083658218384,0.0968223810195923,0.104497313499451,0.0519412159919739,0.0368719696998596,0.0360580086708069,0.111366927623749,0.0583827495574951,0.0495590567588806,0.0397199988365173,0.077538013458252,0.0285881757736206,0.029629647731781,0.0215007066726685,0.0288680195808411,0.0488990545272827,0
